conversion_id,user_id,session_id,conversion_timestamp,plan_name,billing_cycle,revenue_usd,country,acquisition_channel
CNV_000002,USR_015266,SES_00000015,2026-01-01 13:11:58.843161,Enterprise,Custom,1999.0,United States,Email Campaign
CNV_000015,USR_030666,SES_00000578,2026-01-01 18:09:41.152187,Pro_Monthly,Monthly,79.0,United States,Direct
CNV_000023,USR_008098,SES_00000797,2026-01-01 22:12:09.165208,Starter_Annual,Annual,290.0,United States,Direct
CNV_000007,USR_022216,SES_00000284,2026-01-02 12:06:17.027281,Starter_Annual,Annual,290.0,France,Organic Search
CNV_000025,USR_033261,SES_00000858,2026-01-02 18:04:24.440925,Pro_Monthly,Monthly,79.0,United States,Referral
CNV_000050,USR_015407,SES_00001794,2026-01-03 15:25:26.827707,Starter_Annual,Annual,290.0,United Kingdom,Direct
CNV_000049,USR_027388,SES_00001759,2026-01-04 04:00:19.384771,Pro_Monthly,Monthly,79.0,United States,Referral
CNV_000060,USR_002484,SES_00002243,2026-01-05 04:59:32.111758,Pro_Monthly,Monthly,79.0,United States,Referral
CNV_000083,USR_015118,SES_00002887,2026-01-05 09:50:51.631054,Starter_Annual,Annual,290.0,Canada,Referral
CNV_000041,USR_025303,SES_00001422,2026-01-05 14:13:14.807073,Starter_Monthly,Monthly,29.0,United States,Organic Search
CNV_000103,USR_019201,SES_00003518,2026-01-05 23:07:30.904514,Starter_Annual,Annual,290.0,India,Direct
CNV_000113,USR_010324,SES_00003919,2026-01-06 06:50:24.483674,Starter_Monthly,Monthly,29.0,United States,Organic Search
CNV_000032,USR_027665,SES_00001080,2026-01-06 09:12:57.782412,Starter_Annual,Annual,290.0,United Kingdom,Direct
CNV_000005,USR_001594,SES_00000110,2026-01-07 11:20:28.079602,Starter_Monthly,Monthly,29.0,United States,Referral
CNV_000066,USR_008815,SES_00002390,2026-01-07 17:30:51.408516,Starter_Monthly,Monthly,29.0,Germany,Referral
CNV_000039,USR_003884,SES_00001388,2026-01-07 18:35:54.437717,Starter_Monthly,Monthly,29.0,United States,Organic Search
CNV_000150,USR_002314,SES_00005405,2026-01-08 11:53:23.650030,Starter_Monthly,Monthly,29.0,United Kingdom,Organic Search
CNV_000235,USR_026271,SES_00008238,2026-01-08 17:54:09.365925,Starter_Monthly,Monthly,29.0,Australia,Paid Social
CNV_000125,USR_008590,SES_00004376,2026-01-08 18:43:06.962705,Starter_Monthly,Monthly,29.0,United States,Paid Social
CNV_000096,USR_016451,SES_00003309,2026-01-08 21:23:04.432962,Pro_Monthly,Monthly,79.0,United States,Paid Social
CNV_000205,USR_034956,SES_00007177,2026-01-09 11:15:50.694656,Starter_Monthly,Monthly,29.0,United States,Paid Social
CNV_000116,USR_008613,SES_00003986,2026-01-09 16:13:07.459894,Starter_Monthly,Monthly,29.0,India,Email Campaign
CNV_000126,USR_016752,SES_00004392,2026-01-09 16:38:55.577101,Starter_Monthly,Monthly,29.0,United States,Product Hunt
CNV_000104,USR_033981,SES_00003535,2026-01-09 23:48:20.278911,Starter_Monthly,Monthly,29.0,United Kingdom,Referral
CNV_000129,USR_014452,SES_00004553,2026-01-10 02:37:01.571584,Starter_Annual,Annual,290.0,United States,Organic Search
CNV_000029,USR_032268,SES_00000966,2026-01-10 11:02:11.553994,Starter_Monthly,Monthly,29.0,Canada,Direct
CNV_000238,USR_020228,SES_00008329,2026-01-10 14:47:00.506810,Starter_Monthly,Monthly,29.0,United States,Referral
CNV_000111,USR_010928,SES_00003855,2026-01-11 02:42:55.132519,Starter_Monthly,Monthly,29.0,United Kingdom,Referral
CNV_000178,USR_029614,SES_00006193,2026-01-11 03:02:17.433088,Starter_Annual,Annual,290.0,United States,Paid Social
CNV_000249,USR_010570,SES_00008707,2026-01-11 03:03:29.486044,Starter_Monthly,Monthly,29.0,United States,Organic Search
CNV_000197,USR_008727,SES_00006884,2026-01-11 08:11:26.768579,Pro_Annual,Annual,790.0,Germany,Organic Search
CNV_000290,USR_025019,SES_00010521,2026-01-11 08:53:41.189877,Starter_Monthly,Monthly,29.0,United States,Product Hunt
CNV_000012,USR_021545,SES_00000455,2026-01-11 09:55:50.460805,Pro_Monthly,Monthly,79.0,India,Organic Search
CNV_000157,USR_030043,SES_00005633,2026-01-11 11:16:11.931267,Pro_Monthly,Monthly,79.0,United States,Paid Social
CNV_000228,USR_008620,SES_00008009,2026-01-11 14:06:28.048006,Starter_Monthly,Monthly,29.0,Australia,Paid Social
CNV_000185,USR_008022,SES_00006440,2026-01-11 16:25:15.362452,Starter_Monthly,Monthly,29.0,United States,Referral
CNV_000089,USR_026906,SES_00003095,2026-01-11 19:34:50.235095,Pro_Monthly,Monthly,79.0,Australia,Direct
CNV_000098,USR_004723,SES_00003397,2026-01-11 21:15:16.513612,Starter_Monthly,Monthly,29.0,Germany,Organic Search
CNV_000255,USR_014293,SES_00009013,2026-01-11 23:38:01.311423,Starter_Monthly,Monthly,29.0,India,Organic Search
CNV_000244,USR_015647,SES_00008537,2026-01-11 23:42:16.137911,Starter_Monthly,Monthly,29.0,Germany,Organic Search
CNV_000101,USR_014780,SES_00003457,2026-01-12 01:01:28.173278,Pro_Monthly,Monthly,79.0,United States,Referral
CNV_000022,USR_008300,SES_00000786,2026-01-12 03:22:48.784708,Starter_Annual,Annual,290.0,United Kingdom,Organic Search
CNV_000091,USR_006246,SES_00003129,2026-01-12 06:18:14.349514,Starter_Monthly,Monthly,29.0,United Kingdom,Direct
CNV_000278,USR_002946,SES_00009880,2026-01-12 10:36:00.738945,Starter_Monthly,Monthly,29.0,United Kingdom,Paid Social
CNV_000166,USR_011679,SES_00005815,2026-01-12 10:41:18.730928,Starter_Annual,Annual,290.0,United States,Paid Social
CNV_000211,USR_008105,SES_00007422,2026-01-12 14:18:07.845472,Pro_Monthly,Monthly,79.0,United Kingdom,Email Campaign
CNV_000055,USR_021779,SES_00002000,2026-01-12 14:39:26.297025,Starter_Annual,Annual,290.0,Canada,Referral
CNV_000226,USR_017118,SES_00007941,2026-01-12 15:30:15.724452,Starter_Monthly,Monthly,29.0,Canada,Paid Social
CNV_000273,USR_020974,SES_00009633,2026-01-13 03:28:28.939493,Starter_Monthly,Monthly,29.0,United States,Organic Search
CNV_000362,USR_019522,SES_00013296,2026-01-13 07:03:45.246448,Starter_Monthly,Monthly,29.0,United Kingdom,Direct
CNV_000292,USR_025729,SES_00010588,2026-01-13 07:12:12.759719,Enterprise,Custom,1999.0,United States,Paid Social
CNV_000202,USR_011770,SES_00007027,2026-01-13 08:45:33.124939,Starter_Annual,Annual,290.0,Canada,Direct
CNV_000267,USR_008593,SES_00009398,2026-01-13 08:46:25.946992,Pro_Annual,Annual,790.0,India,Organic Search
CNV_000300,USR_013466,SES_00010789,2026-01-13 10:48:10.824406,Pro_Monthly,Monthly,79.0,Germany,Organic Search
CNV_000266,USR_020409,SES_00009357,2026-01-13 13:05:51.339017,Enterprise,Custom,1999.0,United States,Direct
CNV_000144,USR_004682,SES_00005073,2026-01-13 17:07:07.737474,Pro_Monthly,Monthly,79.0,Germany,Organic Search
CNV_000003,USR_032569,SES_00000048,2026-01-13 19:06:18.043154,Starter_Monthly,Monthly,29.0,Australia,Organic Search
CNV_000191,USR_012019,SES_00006599,2026-01-14 01:23:09.897218,Starter_Monthly,Monthly,29.0,India,Paid Social
CNV_000320,USR_023555,SES_00011726,2026-01-14 02:22:48.000875,Starter_Annual,Annual,290.0,United Kingdom,Paid Social
CNV_000288,USR_017965,SES_00010460,2026-01-14 06:03:58.795225,Starter_Annual,Annual,290.0,United States,Direct
CNV_000394,USR_001738,SES_00014690,2026-01-14 09:18:21.478825,Starter_Monthly,Monthly,29.0,Germany,Paid Social
CNV_000086,USR_029724,SES_00002978,2026-01-14 09:22:11.955210,Starter_Monthly,Monthly,29.0,United States,Paid Social
CNV_000165,USR_005752,SES_00005782,2026-01-14 12:38:09.934570,Starter_Annual,Annual,290.0,Germany,Direct
CNV_000008,USR_005586,SES_00000334,2026-01-14 13:49:06.479348,Pro_Monthly,Monthly,79.0,Germany,Direct
CNV_000079,USR_000235,SES_00002762,2026-01-14 17:13:15.251236,Pro_Monthly,Monthly,79.0,India,Organic Search
CNV_000047,USR_013972,SES_00001691,2026-01-14 18:41:34.930419,Starter_Monthly,Monthly,29.0,Canada,Paid Social
CNV_000031,USR_016874,SES_00001054,2026-01-14 19:15:36.741981,Enterprise,Custom,1999.0,United Kingdom,Direct
CNV_000375,USR_002167,SES_00013955,2026-01-14 20:05:02.968940,Pro_Monthly,Monthly,79.0,United States,Paid Social
CNV_000373,USR_001320,SES_00013871,2026-01-14 20:18:56.806058,Starter_Annual,Annual,290.0,Germany,Organic Search
CNV_000069,USR_005505,SES_00002508,2026-01-15 05:53:20.425546,Starter_Annual,Annual,290.0,France,Organic Search
CNV_000139,USR_020439,SES_00004862,2026-01-15 08:25:25.830058,Pro_Monthly,Monthly,79.0,India,Organic Search
CNV_000237,USR_023315,SES_00008309,2026-01-15 09:10:45.784693,Pro_Monthly,Monthly,79.0,United Kingdom,Referral
CNV_000341,USR_011997,SES_00012365,2026-01-15 15:02:59.986508,Starter_Monthly,Monthly,29.0,Canada,Referral
CNV_000172,USR_033359,SES_00005989,2026-01-15 16:27:09.156683,Pro_Monthly,Monthly,79.0,United States,Organic Search
CNV_000319,USR_011319,SES_00011674,2026-01-15 17:37:24.049502,Starter_Monthly,Monthly,29.0,United States,Referral
CNV_000378,USR_027709,SES_00013994,2026-01-15 18:36:01.583484,Starter_Monthly,Monthly,29.0,United States,Product Hunt
CNV_000413,USR_020956,SES_00015300,2026-01-15 19:49:35.846338,Starter_Monthly,Monthly,29.0,United States,Organic Search
CNV_000030,USR_025819,SES_00001028,2026-01-16 03:07:47.586383,Starter_Annual,Annual,290.0,United States,Paid Social
CNV_000297,USR_016409,SES_00010721,2026-01-16 05:21:49.726892,Starter_Monthly,Monthly,29.0,United States,Organic Search
CNV_000234,USR_023002,SES_00008220,2026-01-16 11:24:14.566983,Starter_Monthly,Monthly,29.0,India,Organic Search
CNV_000097,USR_015790,SES_00003355,2026-01-16 11:32:06.224906,Pro_Monthly,Monthly,79.0,United Kingdom,Product Hunt
CNV_000422,USR_003175,SES_00015655,2026-01-16 14:18:08.643067,Starter_Monthly,Monthly,29.0,India,Organic Search
CNV_000269,USR_010012,SES_00009439,2026-01-16 16:54:19.880102,Enterprise,Custom,1999.0,Canada,Paid Social
CNV_000384,USR_015704,SES_00014234,2026-01-16 19:29:27.762001,Starter_Monthly,Monthly,29.0,United States,Referral
CNV_000372,USR_006883,SES_00013802,2026-01-16 20:39:46.735353,Pro_Monthly,Monthly,79.0,United States,Direct
CNV_000017,USR_033932,SES_00000616,2026-01-16 20:51:00.950433,Pro_Monthly,Monthly,79.0,United States,Paid Social
CNV_000133,USR_000818,SES_00004707,2026-01-16 22:44:10.678720,Starter_Monthly,Monthly,29.0,United States,Organic Search
CNV_000335,USR_022774,SES_00012179,2026-01-16 23:21:01.204109,Pro_Monthly,Monthly,79.0,Germany,Paid Social
CNV_000359,USR_026109,SES_00013209,2026-01-17 02:36:55.975686,Starter_Monthly,Monthly,29.0,United States,Paid Social
CNV_000442,USR_008290,SES_00016412,2026-01-17 03:52:42.036362,Pro_Monthly,Monthly,79.0,United States,Organic Search
CNV_000192,USR_017779,SES_00006617,2026-01-17 11:21:36.514857,Starter_Monthly,Monthly,29.0,United States,Direct
CNV_000132,USR_031664,SES_00004616,2026-01-17 14:01:02.931864,Starter_Monthly,Monthly,29.0,United States,Paid Social
CNV_000461,USR_008840,SES_00017111,2026-01-17 14:50:02.716089,Pro_Annual,Annual,790.0,United States,Direct
CNV_000286,USR_007743,SES_00010404,2026-01-17 15:29:48.232202,Starter_Monthly,Monthly,29.0,United States,Organic Search
CNV_000354,USR_010611,SES_00013082,2026-01-17 20:28:24.965890,Starter_Monthly,Monthly,29.0,United States,Direct
CNV_000487,USR_033371,SES_00018163,2026-01-17 22:17:58.119678,Starter_Annual,Annual,290.0,United States,Referral
CNV_000279,USR_020845,SES_00009919,2026-01-17 23:42:19.291587,Pro_Monthly,Monthly,79.0,United States,Product Hunt
CNV_000385,USR_018035,SES_00014305,2026-01-18 01:01:40.252267,Enterprise,Custom,1999.0,United States,Referral
CNV_000117,USR_014944,SES_00004026,2026-01-18 02:21:37.444552,Starter_Monthly,Monthly,29.0,Germany,Organic Search
CNV_000122,USR_029632,SES_00004273,2026-01-18 04:11:58.261356,Starter_Monthly,Monthly,29.0,United States,Paid Social
CNV_000285,USR_010039,SES_00010386,2026-01-18 06:42:05.341031,Pro_Monthly,Monthly,79.0,Canada,Organic Search
CNV_000190,USR_012722,SES_00006580,2026-01-18 07:03:47.167237,Pro_Monthly,Monthly,79.0,United States,Referral
CNV_000393,USR_019651,SES_00014675,2026-01-18 07:21:03.066377,Starter_Monthly,Monthly,29.0,United States,Product Hunt
CNV_000480,USR_031412,SES_00017877,2026-01-18 08:30:16.559887,Starter_Monthly,Monthly,29.0,Germany,Organic Search
CNV_000175,USR_032506,SES_00006157,2026-01-18 08:41:38.451696,Pro_Monthly,Monthly,79.0,Canada,Referral
CNV_000345,USR_029358,SES_00012629,2026-01-18 13:07:12.752172,Pro_Monthly,Monthly,79.0,Germany,Paid Social
CNV_000084,USR_003059,SES_00002909,2026-01-18 14:11:41.499025,Pro_Monthly,Monthly,79.0,United States,Product Hunt
CNV_000447,USR_013269,SES_00016681,2026-01-18 15:20:18.606641,Starter_Annual,Annual,290.0,United States,Paid Social
CNV_000477,USR_013235,SES_00017780,2026-01-18 15:28:44.822668,Pro_Annual,Annual,790.0,United States,Organic Search
CNV_000468,USR_005545,SES_00017363,2026-01-18 15:29:12.849280,Starter_Monthly,Monthly,29.0,Germany,Paid Social
CNV_000027,USR_014094,SES_00000897,2026-01-18 17:18:09.394880,Pro_Monthly,Monthly,79.0,United States,Email Campaign
CNV_000555,USR_032771,SES_00020725,2026-01-18 20:15:59.211591,Pro_Monthly,Monthly,79.0,India,Organic Search
CNV_000156,USR_002065,SES_00005578,2026-01-18 20:48:05.727899,Starter_Annual,Annual,290.0,United States,Paid Social
CNV_000390,USR_020499,SES_00014534,2026-01-19 05:47:51.092780,Starter_Monthly,Monthly,29.0,France,Paid Social
CNV_000193,USR_032764,SES_00006626,2026-01-19 11:53:12.740409,Starter_Annual,Annual,290.0,India,Paid Social
CNV_000093,USR_010525,SES_00003149,2026-01-19 12:51:08.009471,Starter_Annual,Annual,290.0,United Kingdom,Referral
CNV_000440,USR_022690,SES_00016341,2026-01-19 13:54:16.178908,Starter_Monthly,Monthly,29.0,United States,Paid Social
CNV_000392,USR_018419,SES_00014614,2026-01-19 15:42:25.803551,Starter_Monthly,Monthly,29.0,Canada,Organic Search
CNV_000333,USR_028658,SES_00012119,2026-01-19 19:29:42.205373,Pro_Monthly,Monthly,79.0,Australia,Organic Search
CNV_000274,USR_011183,SES_00009647,2026-01-19 21:38:52.216788,Pro_Annual,Annual,790.0,United States,Paid Social
CNV_000455,USR_026599,SES_00016942,2026-01-19 21:58:33.016015,Starter_Monthly,Monthly,29.0,United Kingdom,Organic Search
CNV_000123,USR_023694,SES_00004298,2026-01-19 22:45:41.994561,Starter_Monthly,Monthly,29.0,United States,Paid Social
CNV_000024,USR_002319,SES_00000828,2026-01-19 23:32:48.440304,Starter_Monthly,Monthly,29.0,Germany,Paid Social
CNV_000542,USR_005046,SES_00020348,2026-01-20 00:07:55.446608,Pro_Monthly,Monthly,79.0,United States,Product Hunt
CNV_000474,USR_007570,SES_00017680,2026-01-20 01:33:14.866821,Starter_Annual,Annual,290.0,United States,Paid Social
CNV_000589,USR_027206,SES_00021926,2026-01-20 04:07:47.583099,Pro_Monthly,Monthly,79.0,Germany,Organic Search
CNV_000310,USR_007172,SES_00011333,2026-01-20 04:31:03.494472,Starter_Monthly,Monthly,29.0,Australia,Paid Social
CNV_000340,USR_002685,SES_00012347,2026-01-20 05:59:08.717669,Starter_Monthly,Monthly,29.0,United States,Organic Search
CNV_000131,USR_004663,SES_00004597,2026-01-20 08:27:06.831184,Pro_Annual,Annual,790.0,Germany,Organic Search
CNV_000170,USR_034634,SES_00005963,2026-01-20 17:26:26.343497,Starter_Monthly,Monthly,29.0,United Kingdom,Direct
CNV_000264,USR_027868,SES_00009282,2026-01-20 19:28:47.967341,Starter_Monthly,Monthly,29.0,United Kingdom,Direct
CNV_000457,USR_015585,SES_00017012,2026-01-20 19:37:19.158468,Pro_Monthly,Monthly,79.0,United States,Email Campaign
CNV_000488,USR_022746,SES_00018195,2026-01-20 21:17:17.979785,Starter_Annual,Annual,290.0,India,Organic Search
CNV_000617,USR_007261,SES_00022733,2026-01-20 21:37:23.835649,Starter_Monthly,Monthly,29.0,United Kingdom,Referral
CNV_000540,USR_019860,SES_00020288,2026-01-20 22:36:42.543621,Starter_Monthly,Monthly,29.0,Germany,Paid Social
CNV_000626,USR_015708,SES_00023103,2026-01-21 03:11:51.024751,Starter_Monthly,Monthly,29.0,United States,Paid Social
CNV_000580,USR_016753,SES_00021603,2026-01-21 03:28:54.980499,Pro_Annual,Annual,790.0,Australia,Paid Social
CNV_000575,USR_020556,SES_00021352,2026-01-21 07:29:08.036758,Starter_Monthly,Monthly,29.0,United Kingdom,Direct
CNV_000559,USR_008144,SES_00020841,2026-01-21 07:45:59.768292,Starter_Monthly,Monthly,29.0,United States,Organic Search
CNV_000511,USR_007269,SES_00019198,2026-01-21 09:18:39.698656,Pro_Annual,Annual,790.0,India,Direct
CNV_000376,USR_014873,SES_00013974,2026-01-21 12:25:20.180951,Starter_Monthly,Monthly,29.0,United States,Direct
CNV_000051,USR_000086,SES_00001873,2026-01-21 16:39:29.575418,Starter_Monthly,Monthly,29.0,United States,Referral
CNV_000348,USR_002843,SES_00012763,2026-01-21 16:57:57.180063,Pro_Monthly,Monthly,79.0,United Kingdom,Organic Search
CNV_000324,USR_012486,SES_00011835,2026-01-21 23:25:44.434777,Pro_Monthly,Monthly,79.0,Germany,Direct
CNV_000512,USR_028080,SES_00019207,2026-01-21 23:50:17.094568,Starter_Monthly,Monthly,29.0,United States,Organic Search
CNV_000590,USR_029516,SES_00021942,2026-01-22 03:59:23.778777,Starter_Monthly,Monthly,29.0,United States,Paid Social
CNV_000048,USR_031690,SES_00001708,2026-01-22 07:57:28.466311,Pro_Annual,Annual,790.0,India,Organic Search
CNV_000467,USR_024028,SES_00017358,2026-01-22 18:25:40.649771,Starter_Monthly,Monthly,29.0,United States,Organic Search
CNV_000417,USR_031231,SES_00015515,2026-01-22 18:54:24.225240,Starter_Annual,Annual,290.0,United Kingdom,Referral
CNV_000649,USR_020784,SES_00024098,2026-01-22 21:01:15.650321,Pro_Monthly,Monthly,79.0,United Kingdom,Paid Social
CNV_000316,USR_010769,SES_00011518,2026-01-23 00:18:31.878533,Starter_Monthly,Monthly,29.0,India,Referral
CNV_000262,USR_022879,SES_00009222,2026-01-23 00:59:41.318118,Starter_Monthly,Monthly,29.0,United States,Direct
CNV_000381,USR_010376,SES_00014129,2026-01-23 01:47:55.531744,Pro_Monthly,Monthly,79.0,United States,Product Hunt
CNV_000436,USR_024007,SES_00016188,2026-01-23 10:21:17.921501,Starter_Monthly,Monthly,29.0,India,Paid Social
CNV_000294,USR_025108,SES_00010620,2026-01-23 16:06:02.917419,Pro_Annual,Annual,790.0,United States,Paid Social
CNV_000078,USR_033095,SES_00002725,2026-01-23 16:26:56.640686,Starter_Monthly,Monthly,29.0,United Kingdom,Organic Search
CNV_000271,USR_014624,SES_00009541,2026-01-23 16:39:02.684123,Pro_Monthly,Monthly,79.0,United States,Referral
CNV_000092,USR_009186,SES_00003138,2026-01-23 23:15:21.770159,Pro_Monthly,Monthly,79.0,United States,Direct
CNV_000257,USR_004807,SES_00009074,2026-01-24 00:11:26.771316,Starter_Monthly,Monthly,29.0,United Kingdom,Organic Search
CNV_000056,USR_023815,SES_00002026,2026-01-24 02:24:49.154392,Pro_Monthly,Monthly,79.0,France,Email Campaign
CNV_000221,USR_001666,SES_00007728,2026-01-24 05:46:58.295557,Starter_Annual,Annual,290.0,France,Organic Search
CNV_000558,USR_020577,SES_00020836,2026-01-24 08:19:20.894196,Starter_Monthly,Monthly,29.0,United States,Direct
CNV_000143,USR_003574,SES_00004929,2026-01-24 11:35:21.910038,Starter_Annual,Annual,290.0,Australia,Referral
CNV_000439,USR_030757,SES_00016327,2026-01-24 11:57:03.634046,Pro_Monthly,Monthly,79.0,United States,Organic Search
CNV_000327,USR_034779,SES_00011915,2026-01-24 12:12:53.357892,Starter_Monthly,Monthly,29.0,Canada,Paid Social
CNV_000317,USR_033541,SES_00011595,2026-01-24 12:50:26.392922,Enterprise,Custom,1999.0,Germany,Organic Search
CNV_000683,USR_011120,SES_00025368,2026-01-24 15:47:06.104973,Pro_Monthly,Monthly,79.0,France,Organic Search
CNV_000734,USR_012305,SES_00027275,2026-01-24 17:18:46.508046,Starter_Monthly,Monthly,29.0,United Kingdom,Organic Search
CNV_000707,USR_019725,SES_00026219,2026-01-24 17:47:53.948549,Starter_Monthly,Monthly,29.0,Australia,Paid Social
CNV_000401,USR_002599,SES_00014993,2026-01-24 18:36:05.476143,Pro_Monthly,Monthly,79.0,Canada,Direct
CNV_000481,USR_014492,SES_00017918,2026-01-24 19:33:15.125378,Starter_Monthly,Monthly,29.0,Canada,Referral
CNV_000466,USR_030238,SES_00017337,2026-01-24 20:26:21.931614,Starter_Annual,Annual,290.0,France,Organic Search
CNV_000184,USR_026995,SES_00006425,2026-01-25 00:38:35.116499,Starter_Monthly,Monthly,29.0,Canada,Referral
CNV_000694,USR_006396,SES_00025847,2026-01-25 03:38:41.193784,Starter_Monthly,Monthly,29.0,Canada,Paid Social
CNV_000588,USR_034148,SES_00021896,2026-01-25 03:52:45.496535,Starter_Monthly,Monthly,29.0,France,Paid Social
CNV_000429,USR_021859,SES_00015989,2026-01-25 04:13:26.013092,Starter_Monthly,Monthly,29.0,United States,Email Campaign
CNV_000026,USR_001299,SES_00000876,2026-01-25 05:36:11.230619,Pro_Annual,Annual,790.0,Germany,Paid Social
CNV_000623,USR_031202,SES_00023024,2026-01-25 06:24:38.900983,Starter_Annual,Annual,290.0,United States,Paid Social
CNV_000115,USR_007372,SES_00003955,2026-01-25 06:37:00.357680,Starter_Monthly,Monthly,29.0,France,Referral
CNV_000014,USR_010245,SES_00000566,2026-01-25 08:19:48.915931,Pro_Monthly,Monthly,79.0,United Kingdom,Email Campaign
CNV_000210,USR_015942,SES_00007391,2026-01-25 08:28:25.933720,Starter_Monthly,Monthly,29.0,Australia,Direct
CNV_000080,USR_033468,SES_00002790,2026-01-25 09:17:54.243509,Starter_Monthly,Monthly,29.0,United States,Referral
CNV_000583,USR_020088,SES_00021725,2026-01-25 14:08:16.561277,Enterprise,Custom,1999.0,United States,Product Hunt
CNV_000405,USR_016677,SES_00015059,2026-01-25 17:34:49.663010,Pro_Monthly,Monthly,79.0,Canada,Organic Search
CNV_000387,USR_006798,SES_00014436,2026-01-25 19:02:13.515571,Pro_Monthly,Monthly,79.0,United States,Organic Search
CNV_000259,USR_017957,SES_00009162,2026-01-25 19:05:22.567023,Pro_Annual,Annual,790.0,United Kingdom,Organic Search
CNV_000469,USR_017941,SES_00017406,2026-01-25 19:38:15.039760,Pro_Monthly,Monthly,79.0,Germany,Organic Search
CNV_000715,USR_030905,SES_00026494,2026-01-25 19:43:31.763153,Pro_Monthly,Monthly,79.0,United Kingdom,Paid Social
CNV_000610,USR_001295,SES_00022539,2026-01-25 20:15:04.378666,Pro_Monthly,Monthly,79.0,United States,Direct
CNV_000203,USR_024103,SES_00007039,2026-01-25 21:34:07.481972,Pro_Monthly,Monthly,79.0,United States,Direct
CNV_000140,USR_033301,SES_00004868,2026-01-26 03:01:44.027723,Pro_Monthly,Monthly,79.0,United States,Organic Search
CNV_000606,USR_028147,SES_00022423,2026-01-26 04:25:19.580544,Starter_Annual,Annual,290.0,Canada,Direct
CNV_000155,USR_021617,SES_00005546,2026-01-26 04:32:49.730809,Starter_Monthly,Monthly,29.0,United States,Direct
CNV_000258,USR_006740,SES_00009140,2026-01-26 06:14:13.688108,Starter_Monthly,Monthly,29.0,Canada,Email Campaign
CNV_000425,USR_025310,SES_00015772,2026-01-26 06:43:21.677984,Pro_Monthly,Monthly,79.0,United States,Product Hunt
CNV_000652,USR_002386,SES_00024212,2026-01-26 07:52:56.033526,Pro_Monthly,Monthly,79.0,United Kingdom,Organic Search
CNV_000059,USR_005256,SES_00002192,2026-01-26 09:44:59.819920,Starter_Monthly,Monthly,29.0,United States,Organic Search
CNV_000108,USR_003640,SES_00003706,2026-01-26 10:35:57.849337,Starter_Monthly,Monthly,29.0,France,Email Campaign
CNV_000402,USR_028842,SES_00015002,2026-01-26 13:19:23.512381,Starter_Annual,Annual,290.0,United States,Paid Social
CNV_000179,USR_017073,SES_00006246,2026-01-26 14:51:24.944151,Starter_Monthly,Monthly,29.0,United States,Direct
CNV_000248,USR_032913,SES_00008676,2026-01-26 14:56:43.983496,Pro_Monthly,Monthly,79.0,United States,Organic Search
CNV_000148,USR_028312,SES_00005294,2026-01-26 16:33:07.966631,Starter_Annual,Annual,290.0,Canada,Paid Social
CNV_000720,USR_019874,SES_00026710,2026-01-26 16:50:48.472722,Starter_Monthly,Monthly,29.0,India,Referral
CNV_000382,USR_003316,SES_00014153,2026-01-26 18:01:58.061325,Pro_Monthly,Monthly,79.0,Canada,Organic Search
CNV_000361,USR_009674,SES_00013261,2026-01-26 18:35:44.344492,Starter_Monthly,Monthly,29.0,Canada,Paid Social
CNV_000723,USR_031214,SES_00026764,2026-01-26 18:49:20.104038,Starter_Annual,Annual,290.0,United States,Organic Search
CNV_000186,USR_017095,SES_00006444,2026-01-26 19:00:05.301657,Starter_Annual,Annual,290.0,United States,Paid Social
CNV_000044,USR_028062,SES_00001640,2026-01-26 19:11:26.125379,Starter_Monthly,Monthly,29.0,United States,Direct
CNV_000585,USR_007553,SES_00021772,2026-01-26 21:04:16.335465,Pro_Monthly,Monthly,79.0,United States,Organic Search
CNV_000206,USR_010499,SES_00007195,2026-01-26 23:04:24.789476,Pro_Monthly,Monthly,79.0,United States,Direct
CNV_000329,USR_026122,SES_00012041,2026-01-27 00:50:17.993749,Starter_Annual,Annual,290.0,Canada,Paid Social
CNV_000663,USR_014121,SES_00024578,2026-01-27 01:43:33.990664,Pro_Annual,Annual,790.0,France,Referral
CNV_000407,USR_030327,SES_00015148,2026-01-27 01:46:33.504183,Enterprise,Custom,1999.0,United States,Paid Social
CNV_000630,USR_009433,SES_00023269,2026-01-27 02:17:49.330010,Starter_Monthly,Monthly,29.0,India,Direct
CNV_000388,USR_022075,SES_00014470,2026-01-27 03:41:37.189423,Starter_Monthly,Monthly,29.0,India,Organic Search
CNV_000280,USR_029506,SES_00010123,2026-01-27 07:14:17.006426,Pro_Monthly,Monthly,79.0,Canada,Organic Search
CNV_000776,USR_011342,SES_00029242,2026-01-27 07:57:18.965219,Pro_Annual,Annual,790.0,United Kingdom,Direct
CNV_000011,USR_013370,SES_00000431,2026-01-27 13:08:44.141586,Starter_Monthly,Monthly,29.0,Germany,Paid Social
CNV_000265,USR_019908,SES_00009315,2026-01-27 13:25:41.914893,Starter_Monthly,Monthly,29.0,United Kingdom,Direct
CNV_000664,USR_023927,SES_00024709,2026-01-27 13:27:35.459781,Starter_Annual,Annual,290.0,Australia,Direct
CNV_000601,USR_010122,SES_00022197,2026-01-27 16:08:27.022725,Pro_Monthly,Monthly,79.0,United States,Paid Social
CNV_000586,USR_009975,SES_00021818,2026-01-27 16:21:48.899179,Pro_Monthly,Monthly,79.0,United States,Email Campaign
CNV_000576,USR_012999,SES_00021372,2026-01-27 20:00:30.200476,Pro_Monthly,Monthly,79.0,Canada,Paid Social
CNV_000463,USR_025085,SES_00017175,2026-01-27 20:07:21.907692,Starter_Monthly,Monthly,29.0,Canada,Organic Search
CNV_000074,USR_031817,SES_00002622,2026-01-27 20:45:16.256471,Pro_Monthly,Monthly,79.0,United States,Paid Social
CNV_000325,USR_001864,SES_00011847,2026-01-27 23:54:19.254849,Starter_Monthly,Monthly,29.0,India,Product Hunt
CNV_000650,USR_023186,SES_00024150,2026-01-28 05:32:39.776807,Starter_Monthly,Monthly,29.0,United Kingdom,Organic Search
CNV_000121,USR_021877,SES_00004241,2026-01-28 06:16:09.112702,Starter_Annual,Annual,290.0,Australia,Product Hunt
CNV_000655,USR_004069,SES_00024296,2026-01-28 09:24:18.678059,Pro_Monthly,Monthly,79.0,United States,Direct
CNV_000414,USR_012631,SES_00015368,2026-01-28 09:27:35.624690,Pro_Monthly,Monthly,79.0,United States,Organic Search
CNV_000651,USR_015282,SES_00024186,2026-01-28 09:27:48.352171,Pro_Monthly,Monthly,79.0,Germany,Direct
CNV_000331,USR_002569,SES_00012103,2026-01-28 10:12:32.649336,Pro_Annual,Annual,790.0,Canada,Organic Search
CNV_000441,USR_018890,SES_00016379,2026-01-28 10:26:43.958742,Starter_Monthly,Monthly,29.0,India,Referral
CNV_000592,USR_014355,SES_00021979,2026-01-28 12:20:23.068167,Starter_Monthly,Monthly,29.0,United States,Referral
CNV_000456,USR_031172,SES_00016979,2026-01-28 12:22:06.538378,Pro_Monthly,Monthly,79.0,Germany,Organic Search
CNV_000578,USR_020360,SES_00021547,2026-01-28 14:12:30.333070,Pro_Monthly,Monthly,79.0,Canada,Organic Search
CNV_000443,USR_032743,SES_00016454,2026-01-28 16:33:24.450703,Pro_Monthly,Monthly,79.0,United States,Paid Social
CNV_000222,USR_012188,SES_00007759,2026-01-28 16:42:04.373923,Starter_Monthly,Monthly,29.0,United Kingdom,Referral
CNV_000733,USR_033257,SES_00027249,2026-01-28 20:08:01.931713,Pro_Monthly,Monthly,79.0,India,Organic Search
CNV_000067,USR_000903,SES_00002450,2026-01-28 22:17:00.872896,Pro_Monthly,Monthly,79.0,India,Product Hunt
CNV_000183,USR_007990,SES_00006357,2026-01-28 22:22:51.712167,Starter_Monthly,Monthly,29.0,United States,Product Hunt
CNV_000358,USR_019068,SES_00013176,2026-01-28 22:27:38.292766,Pro_Monthly,Monthly,79.0,France,Organic Search
CNV_000810,USR_007729,SES_00031065,2026-01-28 23:10:54.391237,Pro_Monthly,Monthly,79.0,United Kingdom,Organic Search
CNV_000287,USR_009123,SES_00010449,2026-01-28 23:16:05.891693,Starter_Annual,Annual,290.0,United States,Paid Social
CNV_000764,USR_011643,SES_00028637,2026-01-28 23:18:39.389042,Starter_Monthly,Monthly,29.0,United States,Paid Social
CNV_000177,USR_000556,SES_00006191,2026-01-29 00:57:37.827617,Starter_Monthly,Monthly,29.0,Australia,Direct
CNV_000109,USR_029461,SES_00003755,2026-01-29 00:59:47.655077,Pro_Monthly,Monthly,79.0,Canada,Paid Social
CNV_000037,USR_029903,SES_00001291,2026-01-29 05:51:42.604770,Starter_Monthly,Monthly,29.0,Germany,Referral
CNV_000604,USR_025632,SES_00022320,2026-01-29 11:51:22.982065,Enterprise,Custom,1999.0,United States,Email Campaign
CNV_000114,USR_025181,SES_00003942,2026-01-29 12:35:23.783733,Pro_Monthly,Monthly,79.0,United States,Referral
CNV_000777,USR_001852,SES_00029276,2026-01-29 14:22:16.787603,Starter_Monthly,Monthly,29.0,Germany,Organic Search
CNV_000346,USR_006640,SES_00012680,2026-01-29 15:37:35.169844,Starter_Monthly,Monthly,29.0,United Kingdom,Organic Search
CNV_000505,USR_010115,SES_00018855,2026-01-29 15:40:00.254558,Starter_Monthly,Monthly,29.0,United Kingdom,Product Hunt
CNV_000478,USR_015290,SES_00017830,2026-01-29 16:23:42.076788,Starter_Monthly,Monthly,29.0,United States,Organic Search
CNV_000748,USR_021594,SES_00027906,2026-01-29 19:10:34.910856,Pro_Annual,Annual,790.0,United States,Organic Search
CNV_000692,USR_012694,SES_00025694,2026-01-29 21:43:05.866245,Pro_Annual,Annual,790.0,India,Referral
CNV_000751,USR_023677,SES_00028001,2026-01-29 22:46:47.209402,Pro_Monthly,Monthly,79.0,United States,Direct
CNV_000142,USR_010060,SES_00004912,2026-01-29 23:12:34.210303,Pro_Monthly,Monthly,79.0,United Kingdom,Organic Search
CNV_000573,USR_018447,SES_00021318,2026-01-30 04:10:26.565821,Starter_Annual,Annual,290.0,Australia,Direct
CNV_000679,USR_012009,SES_00025246,2026-01-30 05:26:12.691223,Starter_Monthly,Monthly,29.0,Australia,Email Campaign
CNV_000349,USR_023457,SES_00012796,2026-01-30 06:28:05.069810,Pro_Monthly,Monthly,79.0,United States,Paid Social
CNV_000220,USR_005312,SES_00007716,2026-01-30 08:29:57.282338,Starter_Monthly,Monthly,29.0,United States,Referral
CNV_000545,USR_022196,SES_00020440,2026-01-30 11:02:05.240209,Starter_Monthly,Monthly,29.0,Germany,Email Campaign
CNV_000845,USR_003867,SES_00032385,2026-01-30 12:44:26.123344,Starter_Monthly,Monthly,29.0,Germany,Paid Social
CNV_000240,USR_020692,SES_00008427,2026-01-30 13:10:35.608791,Starter_Monthly,Monthly,29.0,United Kingdom,Organic Search
CNV_000543,USR_022731,SES_00020384,2026-01-30 17:54:36.952670,Starter_Monthly,Monthly,29.0,Germany,Direct
CNV_000903,USR_018178,SES_00034636,2026-01-30 18:24:36.403597,Pro_Annual,Annual,790.0,United States,Paid Social
CNV_000418,USR_010673,SES_00015565,2026-01-30 18:59:40.390898,Pro_Monthly,Monthly,79.0,United States,Organic Search
CNV_000804,USR_002741,SES_00030753,2026-01-30 20:16:49.476445,Starter_Monthly,Monthly,29.0,India,Paid Social
CNV_000043,USR_014507,SES_00001600,2026-01-30 20:47:32.064886,Pro_Monthly,Monthly,79.0,United States,Product Hunt
CNV_000072,USR_029769,SES_00002566,2026-01-30 21:51:49.837265,Pro_Monthly,Monthly,79.0,United States,Organic Search
CNV_000296,USR_034594,SES_00010680,2026-01-30 22:14:57.956666,Starter_Monthly,Monthly,29.0,Canada,Organic Search
CNV_000162,USR_018170,SES_00005756,2026-01-30 22:35:19.461014,Starter_Monthly,Monthly,29.0,Canada,Organic Search
CNV_000195,USR_017631,SES_00006723,2026-01-31 00:02:30.353344,Starter_Monthly,Monthly,29.0,United States,Referral
CNV_000087,USR_001310,SES_00003038,2026-01-31 01:12:50.713676,Starter_Monthly,Monthly,29.0,United Kingdom,Organic Search
CNV_000298,USR_015237,SES_00010728,2026-01-31 01:35:06.855512,Starter_Annual,Annual,290.0,United States,Paid Social
CNV_000200,USR_014213,SES_00006978,2026-01-31 02:58:19.989738,Enterprise,Custom,1999.0,United Kingdom,Email Campaign
CNV_000598,USR_022334,SES_00022132,2026-01-31 03:11:53.207690,Enterprise,Custom,1999.0,United States,Organic Search
CNV_000744,USR_000116,SES_00027588,2026-01-31 04:41:37.453973,Starter_Monthly,Monthly,29.0,India,Direct
CNV_000587,USR_004382,SES_00021837,2026-01-31 06:25:06.906085,Starter_Annual,Annual,290.0,Canada,Paid Social
CNV_000910,USR_031155,SES_00034983,2026-01-31 10:02:55.199396,Pro_Monthly,Monthly,79.0,United Kingdom,Organic Search
CNV_000454,USR_019667,SES_00016890,2026-01-31 10:25:49.016036,Starter_Annual,Annual,290.0,France,Referral
CNV_000640,USR_024347,SES_00023709,2026-01-31 19:10:17.063262,Starter_Monthly,Monthly,29.0,United States,Organic Search
CNV_000563,USR_011463,SES_00020971,2026-01-31 19:15:43.090683,Starter_Monthly,Monthly,29.0,United Kingdom,Product Hunt
CNV_000245,USR_007221,SES_00008577,2026-01-31 23:51:41.803071,Starter_Monthly,Monthly,29.0,India,Organic Search
CNV_000639,USR_001243,SES_00023674,2026-02-01 01:46:15.027156,Starter_Monthly,Monthly,29.0,United Kingdom,Direct
CNV_000614,USR_003644,SES_00022667,2026-02-01 02:37:01.788113,Starter_Annual,Annual,290.0,United States,Direct
CNV_000625,USR_019042,SES_00023093,2026-02-01 04:36:11.857432,Pro_Monthly,Monthly,79.0,United States,Paid Social
CNV_000446,USR_023397,SES_00016630,2026-02-01 05:45:00.609181,Enterprise,Custom,1999.0,France,Paid Social
CNV_000459,USR_005459,SES_00017055,2026-02-01 06:00:05.297614,Enterprise,Custom,1999.0,United States,Product Hunt
CNV_000839,USR_021678,SES_00032185,2026-02-01 06:19:57.527260,Starter_Monthly,Monthly,29.0,Australia,Product Hunt
CNV_000921,USR_016178,SES_00035201,2026-02-01 09:37:26.310000,Pro_Monthly,Monthly,79.0,United Kingdom,Product Hunt
CNV_000355,USR_003466,SES_00013093,2026-02-01 10:14:09.604814,Pro_Monthly,Monthly,79.0,United Kingdom,Paid Social
CNV_000432,USR_016206,SES_00016075,2026-02-01 11:58:47.313524,Starter_Monthly,Monthly,29.0,India,Direct
CNV_000731,USR_017940,SES_00027128,2026-02-01 12:44:33.138179,Starter_Monthly,Monthly,29.0,Canada,Organic Search
CNV_000415,USR_001385,SES_00015400,2026-02-01 13:00:40.581377,Pro_Monthly,Monthly,79.0,Canada,Organic Search
CNV_000850,USR_018741,SES_00032653,2026-02-01 13:14:53.137446,Pro_Annual,Annual,790.0,Germany,Organic Search
CNV_000616,USR_007747,SES_00022696,2026-02-01 13:48:15.753864,Starter_Annual,Annual,290.0,United Kingdom,Organic Search
CNV_000489,USR_020508,SES_00018235,2026-02-01 15:52:52.941833,Starter_Monthly,Monthly,29.0,United States,Organic Search
CNV_000797,USR_014947,SES_00030251,2026-02-01 17:21:20.015295,Starter_Monthly,Monthly,29.0,Germany,Referral
CNV_000636,USR_020014,SES_00023545,2026-02-01 18:07:39.347742,Starter_Monthly,Monthly,29.0,Germany,Paid Social
CNV_000632,USR_020477,SES_00023375,2026-02-01 18:39:37.284364,Pro_Monthly,Monthly,79.0,India,Email Campaign
CNV_000927,USR_032584,SES_00035486,2026-02-01 20:02:01.124948,Enterprise,Custom,1999.0,Canada,Direct
CNV_000817,USR_031678,SES_00031346,2026-02-01 20:03:29.434262,Pro_Annual,Annual,790.0,United States,Paid Social
CNV_000761,USR_019267,SES_00028572,2026-02-01 20:22:58.829800,Pro_Monthly,Monthly,79.0,United States,Paid Social
CNV_000749,USR_033009,SES_00027944,2026-02-01 21:22:41.694530,Starter_Monthly,Monthly,29.0,United States,Paid Social
CNV_000775,USR_009367,SES_00029226,2026-02-01 22:18:35.749458,Starter_Annual,Annual,290.0,United States,Organic Search
CNV_000231,USR_023793,SES_00008061,2026-02-01 23:37:54.145420,Starter_Monthly,Monthly,29.0,Australia,Paid Social
CNV_000698,USR_026003,SES_00026022,2026-02-02 00:36:06.458323,Pro_Monthly,Monthly,79.0,United States,Organic Search
CNV_000861,USR_000199,SES_00032984,2026-02-02 01:09:01.767156,Pro_Monthly,Monthly,79.0,Canada,Email Campaign
CNV_000993,USR_027675,SES_00037588,2026-02-02 03:25:32.079662,Starter_Monthly,Monthly,29.0,United States,Direct
CNV_000557,USR_017121,SES_00020788,2026-02-02 08:33:14.970796,Starter_Monthly,Monthly,29.0,United States,Product Hunt
CNV_000386,USR_033735,SES_00014358,2026-02-02 10:06:03.150780,Pro_Monthly,Monthly,79.0,Australia,Organic Search
CNV_000743,USR_020172,SES_00027567,2026-02-02 11:20:51.221457,Starter_Monthly,Monthly,29.0,United States,Direct
CNV_000088,USR_033777,SES_00003079,2026-02-02 12:26:51.174257,Starter_Monthly,Monthly,29.0,United Kingdom,Paid Social
CNV_000147,USR_024250,SES_00005273,2026-02-02 12:55:59.714066,Pro_Monthly,Monthly,79.0,United States,Organic Search
CNV_000800,USR_009723,SES_00030470,2026-02-02 14:51:45.779904,Starter_Monthly,Monthly,29.0,Germany,Referral
CNV_000628,USR_016539,SES_00023212,2026-02-02 16:15:52.762880,Starter_Monthly,Monthly,29.0,United States,Paid Social
CNV_000567,USR_024933,SES_00021083,2026-02-02 17:20:49.912446,Pro_Monthly,Monthly,79.0,Germany,Organic Search
CNV_000860,USR_002646,SES_00032969,2026-02-02 17:32:40.727240,Pro_Monthly,Monthly,79.0,Germany,Organic Search
CNV_000365,USR_006321,SES_00013373,2026-02-02 17:34:56.076271,Starter_Monthly,Monthly,29.0,United States,Referral
CNV_000449,USR_014893,SES_00016720,2026-02-02 19:00:17.784995,Starter_Monthly,Monthly,29.0,United States,Direct
CNV_000309,USR_002993,SES_00011290,2026-02-02 19:31:18.083372,Starter_Annual,Annual,290.0,India,Direct
CNV_000562,USR_007132,SES_00020955,2026-02-02 20:24:26.492342,Pro_Monthly,Monthly,79.0,Germany,Referral
CNV_000077,USR_029071,SES_00002711,2026-02-03 00:21:00.839531,Pro_Annual,Annual,790.0,Germany,Paid Social
CNV_000975,USR_020757,SES_00037020,2026-02-03 00:46:30.356051,Pro_Monthly,Monthly,79.0,Germany,Organic Search
CNV_000725,USR_034903,SES_00026897,2026-02-03 01:48:07.493017,Pro_Monthly,Monthly,79.0,United Kingdom,Paid Social
CNV_000862,USR_028943,SES_00033020,2026-02-03 04:43:31.391106,Enterprise,Custom,1999.0,United Kingdom,Paid Social
CNV_000784,USR_016631,SES_00029636,2026-02-03 06:47:03.713492,Starter_Monthly,Monthly,29.0,United States,Paid Social
CNV_000753,USR_033797,SES_00028154,2026-02-03 07:07:47.179002,Pro_Monthly,Monthly,79.0,United States,Paid Social
CNV_000239,USR_016407,SES_00008362,2026-02-03 08:29:14.079393,Pro_Monthly,Monthly,79.0,United States,Product Hunt
CNV_000937,USR_011006,SES_00035683,2026-02-03 10:38:55.070693,Starter_Monthly,Monthly,29.0,Germany,Organic Search
CNV_000812,USR_030479,SES_00031158,2026-02-03 12:39:12.325666,Pro_Monthly,Monthly,79.0,United States,Organic Search
CNV_000188,USR_014766,SES_00006488,2026-02-03 13:07:47.755327,Starter_Monthly,Monthly,29.0,Germany,Organic Search
CNV_000180,USR_002563,SES_00006266,2026-02-03 14:01:16.078493,Enterprise,Custom,1999.0,United Kingdom,Organic Search
CNV_000999,USR_005710,SES_00037851,2026-02-03 14:17:26.003371,Starter_Monthly,Monthly,29.0,Germany,Organic Search
CNV_000602,USR_020982,SES_00022271,2026-02-03 16:52:08.387392,Pro_Monthly,Monthly,79.0,United Kingdom,Direct
CNV_000229,USR_019312,SES_00008028,2026-02-03 19:43:50.924224,Pro_Annual,Annual,790.0,Australia,Paid Social
CNV_000584,USR_016404,SES_00021760,2026-02-03 20:23:23.629436,Pro_Monthly,Monthly,79.0,United States,Referral
CNV_000281,USR_016421,SES_00010140,2026-02-03 22:30:39.534058,Pro_Monthly,Monthly,79.0,United States,Product Hunt
CNV_000209,USR_002474,SES_00007347,2026-02-04 01:52:14.118817,Pro_Annual,Annual,790.0,India,Paid Social
CNV_000780,USR_016391,SES_00029446,2026-02-04 02:28:08.441027,Starter_Monthly,Monthly,29.0,United Kingdom,Direct
CNV_000315,USR_027475,SES_00011479,2026-02-04 04:57:01.536457,Pro_Monthly,Monthly,79.0,France,Product Hunt
CNV_000768,USR_018416,SES_00028834,2026-02-04 06:38:35.249383,Starter_Annual,Annual,290.0,United States,Email Campaign
CNV_000182,USR_001228,SES_00006302,2026-02-04 09:32:07.802196,Starter_Monthly,Monthly,29.0,Germany,Organic Search
CNV_000208,USR_020807,SES_00007301,2026-02-04 12:41:33.316001,Pro_Monthly,Monthly,79.0,United States,Direct
CNV_000818,USR_003048,SES_00031363,2026-02-04 15:28:35.718036,Starter_Monthly,Monthly,29.0,United States,Paid Social
CNV_000832,USR_011741,SES_00031947,2026-02-04 15:28:48.101251,Pro_Monthly,Monthly,79.0,Canada,Email Campaign
CNV_000881,USR_009007,SES_00033708,2026-02-04 16:10:33.156366,Starter_Monthly,Monthly,29.0,India,Paid Social
CNV_000607,USR_009020,SES_00022471,2026-02-04 16:14:01.656567,Starter_Annual,Annual,290.0,Canada,Paid Social
CNV_000045,USR_019371,SES_00001656,2026-02-04 18:32:42.599342,Starter_Annual,Annual,290.0,United Kingdom,Product Hunt
CNV_000453,USR_031028,SES_00016839,2026-02-04 20:09:11.207618,Pro_Monthly,Monthly,79.0,Canada,Organic Search
CNV_000110,USR_011660,SES_00003797,2026-02-04 20:18:41.587819,Starter_Annual,Annual,290.0,United States,Paid Social
CNV_000672,USR_009452,SES_00025039,2026-02-04 22:29:38.062717,Pro_Annual,Annual,790.0,United Kingdom,Email Campaign
CNV_000546,USR_022393,SES_00020454,2026-02-04 22:59:22.215296,Starter_Monthly,Monthly,29.0,India,Referral
CNV_000137,USR_017659,SES_00004804,2026-02-04 23:27:48.632795,Starter_Monthly,Monthly,29.0,India,Organic Search
CNV_000495,USR_009275,SES_00018527,2026-02-04 23:31:51.807477,Pro_Monthly,Monthly,79.0,India,Email Campaign
CNV_001058,USR_002880,SES_00039649,2026-02-05 00:22:41.459573,Pro_Monthly,Monthly,79.0,United States,Organic Search
CNV_001047,USR_005904,SES_00039379,2026-02-05 01:18:35.827019,Pro_Annual,Annual,790.0,United States,Paid Social
CNV_000646,USR_021050,SES_00023942,2026-02-05 01:20:27.807481,Pro_Monthly,Monthly,79.0,France,Organic Search
CNV_000173,USR_031132,SES_00006100,2026-02-05 02:05:48.197324,Pro_Annual,Annual,790.0,Germany,Paid Social
CNV_000534,USR_002572,SES_00020061,2026-02-05 02:07:09.577414,Pro_Monthly,Monthly,79.0,United States,Organic Search
CNV_000263,USR_011948,SES_00009248,2026-02-05 03:26:43.495500,Enterprise,Custom,1999.0,United States,Organic Search
CNV_000218,USR_022348,SES_00007663,2026-02-05 04:00:18.426520,Pro_Monthly,Monthly,79.0,United States,Organic Search
CNV_000904,USR_019924,SES_00034684,2026-02-05 04:13:26.404547,Pro_Monthly,Monthly,79.0,Germany,Organic Search
CNV_000028,USR_028472,SES_00000933,2026-02-05 05:49:40.020856,Starter_Monthly,Monthly,29.0,United States,Referral
CNV_001025,USR_028920,SES_00038538,2026-02-05 09:03:18.672193,Starter_Monthly,Monthly,29.0,United States,Referral
CNV_000643,USR_023423,SES_00023766,2026-02-05 09:36:02.333477,Pro_Monthly,Monthly,79.0,France,Organic Search
CNV_000530,USR_001184,SES_00019919,2026-02-05 09:36:07.772787,Starter_Monthly,Monthly,29.0,Germany,Organic Search
CNV_000161,USR_034289,SES_00005742,2026-02-05 11:24:45.381717,Starter_Monthly,Monthly,29.0,France,Paid Social
CNV_000958,USR_017916,SES_00036282,2026-02-05 19:07:49.035231,Starter_Annual,Annual,290.0,United Kingdom,Organic Search
CNV_000856,USR_025361,SES_00032872,2026-02-05 19:20:36.277799,Pro_Monthly,Monthly,79.0,Canada,Organic Search
CNV_000759,USR_001207,SES_00028474,2026-02-05 20:38:19.686659,Pro_Monthly,Monthly,79.0,United Kingdom,Organic Search
CNV_000612,USR_006430,SES_00022624,2026-02-05 22:04:30.264228,Starter_Monthly,Monthly,29.0,United States,Direct
CNV_000995,USR_011560,SES_00037729,2026-02-05 23:04:41.771725,Starter_Monthly,Monthly,29.0,India,Organic Search
CNV_000657,USR_003836,SES_00024367,2026-02-06 01:55:46.986634,Starter_Monthly,Monthly,29.0,United States,Paid Social
CNV_001114,USR_012035,SES_00041751,2026-02-06 03:07:41.766944,Pro_Monthly,Monthly,79.0,United Kingdom,Direct
CNV_000243,USR_002722,SES_00008508,2026-02-06 05:10:47.766734,Starter_Monthly,Monthly,29.0,United Kingdom,Paid Social
CNV_000840,USR_000927,SES_00032228,2026-02-06 05:23:01.098914,Starter_Monthly,Monthly,29.0,United Kingdom,Organic Search
CNV_000948,USR_001258,SES_00036023,2026-02-06 06:45:47.049640,Starter_Monthly,Monthly,29.0,United States,Organic Search
CNV_000765,USR_018576,SES_00028663,2026-02-06 08:50:47.606520,Starter_Annual,Annual,290.0,Germany,Direct
CNV_000940,USR_009639,SES_00035763,2026-02-06 09:00:38.066699,Starter_Annual,Annual,290.0,France,Email Campaign
CNV_000299,USR_015558,SES_00010774,2026-02-06 10:52:05.306944,Starter_Monthly,Monthly,29.0,United Kingdom,Referral
CNV_000112,USR_013907,SES_00003899,2026-02-06 10:54:42.941611,Starter_Annual,Annual,290.0,Canada,Email Campaign
CNV_000141,USR_020641,SES_00004892,2026-02-06 13:16:48.483720,Starter_Monthly,Monthly,29.0,United States,Paid Social
CNV_000395,USR_014359,SES_00014743,2026-02-06 13:50:35.591329,Pro_Monthly,Monthly,79.0,United States,Paid Social
CNV_000934,USR_033454,SES_00035639,2026-02-06 15:04:26.817844,Starter_Annual,Annual,290.0,United Kingdom,Email Campaign
CNV_000369,USR_026385,SES_00013690,2026-02-06 16:37:33.994657,Starter_Monthly,Monthly,29.0,United States,Direct
CNV_000374,USR_029476,SES_00013945,2026-02-06 17:29:05.376040,Pro_Monthly,Monthly,79.0,United States,Paid Social
CNV_000708,USR_027267,SES_00026261,2026-02-06 18:46:42.984716,Starter_Monthly,Monthly,29.0,United States,Paid Social
CNV_000198,USR_015121,SES_00006933,2026-02-06 23:28:48.852698,Starter_Monthly,Monthly,29.0,Germany,Product Hunt
CNV_000302,USR_008729,SES_00010868,2026-02-07 02:23:06.918793,Pro_Monthly,Monthly,79.0,United States,Paid Social
CNV_000611,USR_012118,SES_00022560,2026-02-07 10:47:05.009371,Starter_Monthly,Monthly,29.0,United States,Organic Search
CNV_001043,USR_031753,SES_00039256,2026-02-07 11:15:48.102590,Starter_Monthly,Monthly,29.0,United States,Email Campaign
CNV_000867,USR_016634,SES_00033139,2026-02-07 12:50:12.395562,Starter_Monthly,Monthly,29.0,United Kingdom,Paid Social
CNV_001013,USR_002267,SES_00038191,2026-02-07 17:44:04.399638,Starter_Monthly,Monthly,29.0,United States,Organic Search
CNV_001126,USR_016957,SES_00042278,2026-02-07 19:37:53.806179,Pro_Annual,Annual,790.0,United States,Email Campaign
CNV_000146,USR_011078,SES_00005133,2026-02-07 21:08:45.389335,Starter_Monthly,Monthly,29.0,Canada,Referral
CNV_000950,USR_007049,SES_00036064,2026-02-07 23:47:45.548029,Enterprise,Custom,1999.0,United States,Organic Search
CNV_000308,USR_018971,SES_00011262,2026-02-08 00:00:54.585219,Starter_Monthly,Monthly,29.0,India,Product Hunt
CNV_000957,USR_001780,SES_00036266,2026-02-08 01:41:34.877031,Starter_Monthly,Monthly,29.0,United States,Referral
CNV_000216,USR_003073,SES_00007615,2026-02-08 02:50:26.899383,Pro_Annual,Annual,790.0,United States,Paid Social
CNV_000678,USR_032752,SES_00025229,2026-02-08 05:01:08.553433,Pro_Monthly,Monthly,79.0,United States,Direct
CNV_001122,USR_023161,SES_00042117,2026-02-08 05:17:19.207868,Pro_Monthly,Monthly,79.0,France,Organic Search
CNV_001108,USR_006039,SES_00041556,2026-02-08 06:16:49.292875,Pro_Monthly,Monthly,79.0,United States,Paid Social
CNV_000272,USR_010165,SES_00009555,2026-02-08 07:00:01.637036,Starter_Monthly,Monthly,29.0,United States,Organic Search
CNV_000897,USR_018096,SES_00034359,2026-02-08 08:17:29.115047,Starter_Monthly,Monthly,29.0,United Kingdom,Paid Social
CNV_000021,USR_008148,SES_00000727,2026-02-08 11:06:10.731301,Starter_Annual,Annual,290.0,Australia,Product Hunt
CNV_001144,USR_030017,SES_00042951,2026-02-08 11:40:34.753374,Pro_Monthly,Monthly,79.0,United States,Organic Search
CNV_000944,USR_001505,SES_00035873,2026-02-08 13:21:33.056745,Pro_Annual,Annual,790.0,United Kingdom,Organic Search
CNV_000479,USR_028531,SES_00017854,2026-02-08 14:14:55.136038,Pro_Annual,Annual,790.0,United States,Organic Search
CNV_001140,USR_002670,SES_00042791,2026-02-08 15:05:00.637994,Starter_Monthly,Monthly,29.0,United States,Product Hunt
CNV_000662,USR_005059,SES_00024557,2026-02-08 15:17:32.372244,Pro_Monthly,Monthly,79.0,India,Direct
CNV_001086,USR_010755,SES_00040585,2026-02-08 15:59:15.784644,Pro_Annual,Annual,790.0,Germany,Organic Search
CNV_000504,USR_030632,SES_00018755,2026-02-08 17:18:39.003229,Starter_Monthly,Monthly,29.0,United States,Organic Search
CNV_001014,USR_003861,SES_00038222,2026-02-08 18:42:57.635664,Pro_Monthly,Monthly,79.0,Canada,Organic Search
CNV_000318,USR_000967,SES_00011630,2026-02-08 21:28:34.830669,Pro_Monthly,Monthly,79.0,India,Email Campaign
CNV_000403,USR_023819,SES_00015025,2026-02-09 00:51:58.292572,Starter_Monthly,Monthly,29.0,United States,Paid Social
CNV_000796,USR_025575,SES_00030216,2026-02-09 01:00:33.162817,Starter_Monthly,Monthly,29.0,India,Organic Search
CNV_000713,USR_031766,SES_00026448,2026-02-09 02:29:25.819533,Starter_Annual,Annual,290.0,United States,Referral
CNV_001109,USR_033578,SES_00041571,2026-02-09 03:12:17.011787,Pro_Monthly,Monthly,79.0,Germany,Organic Search
CNV_000936,USR_012888,SES_00035671,2026-02-09 03:13:50.811327,Pro_Monthly,Monthly,79.0,United States,Direct
CNV_000550,USR_016043,SES_00020624,2026-02-09 03:31:47.188736,Pro_Monthly,Monthly,79.0,United Kingdom,Organic Search
CNV_001136,USR_016140,SES_00042656,2026-02-09 03:58:37.481395,Pro_Monthly,Monthly,79.0,United Kingdom,Organic Search
CNV_000572,USR_006129,SES_00021295,2026-02-09 05:34:32.926790,Pro_Monthly,Monthly,79.0,United States,Paid Social
CNV_001173,USR_029057,SES_00043904,2026-02-09 07:22:09.659819,Starter_Monthly,Monthly,29.0,United States,Referral
CNV_000520,USR_007224,SES_00019575,2026-02-09 09:26:30.310999,Starter_Monthly,Monthly,29.0,United States,Referral
CNV_000494,USR_005384,SES_00018483,2026-02-09 09:30:41.528330,Starter_Annual,Annual,290.0,Germany,Direct
CNV_000368,USR_013587,SES_00013601,2026-02-09 11:37:23.046546,Pro_Monthly,Monthly,79.0,United Kingdom,Paid Social
CNV_001116,USR_002922,SES_00041856,2026-02-09 12:48:50.101191,Starter_Monthly,Monthly,29.0,United States,Organic Search
CNV_000790,USR_029030,SES_00029861,2026-02-09 14:34:58.829190,Pro_Monthly,Monthly,79.0,Australia,Paid Social
CNV_000217,USR_029165,SES_00007651,2026-02-09 15:29:38.059820,Starter_Monthly,Monthly,29.0,United States,Paid Social
CNV_001153,USR_002958,SES_00043249,2026-02-09 15:45:29.904300,Pro_Monthly,Monthly,79.0,United States,Email Campaign
CNV_000782,USR_012679,SES_00029575,2026-02-09 17:33:37.807039,Starter_Monthly,Monthly,29.0,United Kingdom,Organic Search
CNV_000351,USR_016614,SES_00012890,2026-02-09 19:48:22.114654,Pro_Monthly,Monthly,79.0,Germany,Direct
CNV_001228,USR_001259,SES_00045959,2026-02-09 21:01:44.372951,Starter_Monthly,Monthly,29.0,United States,Paid Social
CNV_001005,USR_022487,SES_00038064,2026-02-10 02:12:10.349294,Starter_Monthly,Monthly,29.0,Germany,Direct
CNV_000635,USR_034972,SES_00023476,2026-02-10 04:21:16.699042,Pro_Annual,Annual,790.0,India,Paid Social
CNV_000830,USR_019119,SES_00031873,2026-02-10 05:29:18.049548,Pro_Monthly,Monthly,79.0,India,Email Campaign
CNV_000659,USR_008571,SES_00024408,2026-02-10 06:03:10.984718,Starter_Monthly,Monthly,29.0,France,Direct
CNV_000094,USR_022089,SES_00003204,2026-02-10 06:52:16.923479,Pro_Monthly,Monthly,79.0,Canada,Paid Social
CNV_000983,USR_003495,SES_00037350,2026-02-10 07:45:40.989530,Pro_Monthly,Monthly,79.0,India,Organic Search
CNV_000979,USR_001672,SES_00037146,2026-02-10 08:24:28.357427,Starter_Monthly,Monthly,29.0,France,Paid Social
CNV_000917,USR_022454,SES_00035140,2026-02-10 10:03:33.389451,Pro_Monthly,Monthly,79.0,Canada,Referral
CNV_000081,USR_007417,SES_00002825,2026-02-10 10:55:51.798664,Starter_Monthly,Monthly,29.0,United States,Organic Search
CNV_001048,USR_032195,SES_00039431,2026-02-10 12:42:11.903341,Starter_Annual,Annual,290.0,United States,Email Campaign
CNV_000225,USR_018205,SES_00007881,2026-02-10 13:09:01.977323,Starter_Monthly,Monthly,29.0,India,Organic Search
CNV_001190,USR_000296,SES_00044543,2026-02-10 13:46:47.724641,Starter_Monthly,Monthly,29.0,United States,Product Hunt
CNV_000119,USR_008124,SES_00004157,2026-02-10 15:20:36.462898,Pro_Monthly,Monthly,79.0,United States,Email Campaign
CNV_000994,USR_019115,SES_00037705,2026-02-10 17:05:30.074716,Pro_Monthly,Monthly,79.0,United States,Organic Search
CNV_000337,USR_020120,SES_00012216,2026-02-10 17:50:19.907797,Pro_Annual,Annual,790.0,Canada,Paid Social
CNV_001175,USR_008515,SES_00043997,2026-02-10 18:20:29.337158,Pro_Annual,Annual,790.0,India,Paid Social
CNV_001163,USR_025712,SES_00043528,2026-02-10 20:30:22.632033,Pro_Monthly,Monthly,79.0,Australia,Referral
CNV_000688,USR_024004,SES_00025525,2026-02-10 21:14:29.894109,Pro_Monthly,Monthly,79.0,Germany,Referral
CNV_000516,USR_023266,SES_00019418,2026-02-10 23:09:38.556115,Starter_Monthly,Monthly,29.0,United Kingdom,Direct
CNV_000855,USR_007325,SES_00032844,2026-02-10 23:10:06.691527,Pro_Annual,Annual,790.0,United States,Organic Search
CNV_000953,USR_025743,SES_00036178,2026-02-11 01:29:35.837836,Pro_Monthly,Monthly,79.0,United Kingdom,Email Campaign
CNV_000364,USR_016945,SES_00013345,2026-02-11 03:19:53.797759,Starter_Monthly,Monthly,29.0,United States,Organic Search
CNV_001021,USR_028839,SES_00038441,2026-02-11 04:30:55.711951,Pro_Monthly,Monthly,79.0,France,Organic Search
CNV_001069,USR_030985,SES_00040099,2026-02-11 05:01:11.270793,Pro_Monthly,Monthly,79.0,United States,Product Hunt
CNV_000196,USR_030269,SES_00006858,2026-02-11 06:15:46.678925,Starter_Annual,Annual,290.0,United States,Email Campaign
CNV_000332,USR_004009,SES_00012109,2026-02-11 09:01:47.568834,Starter_Monthly,Monthly,29.0,United States,Paid Social
CNV_001243,USR_033705,SES_00046706,2026-02-11 09:17:39.884455,Pro_Monthly,Monthly,79.0,France,Paid Social
CNV_000052,USR_024781,SES_00001902,2026-02-11 09:51:13.993613,Starter_Monthly,Monthly,29.0,United States,Referral
CNV_000853,USR_003374,SES_00032757,2026-02-11 09:52:52.620438,Pro_Monthly,Monthly,79.0,France,Product Hunt
CNV_000491,USR_027886,SES_00018312,2026-02-11 10:21:54.417547,Pro_Monthly,Monthly,79.0,Germany,Organic Search
CNV_000919,USR_011761,SES_00035178,2026-02-11 10:36:40.204706,Starter_Annual,Annual,290.0,France,Organic Search
CNV_000409,USR_016878,SES_00015185,2026-02-11 11:10:27.397202,Starter_Monthly,Monthly,29.0,Canada,Paid Social
CNV_000398,USR_033242,SES_00014845,2026-02-11 13:08:12.416709,Pro_Monthly,Monthly,79.0,United States,Direct
CNV_000396,USR_020537,SES_00014813,2026-02-11 13:25:21.162972,Starter_Monthly,Monthly,29.0,United States,Product Hunt
CNV_000154,USR_006221,SES_00005529,2026-02-11 13:34:03.830319,Pro_Monthly,Monthly,79.0,India,Email Campaign
CNV_000033,USR_032719,SES_00001111,2026-02-11 14:15:28.327839,Starter_Monthly,Monthly,29.0,United Kingdom,Product Hunt
CNV_000256,USR_006938,SES_00009057,2026-02-11 14:32:53.354851,Enterprise,Custom,1999.0,India,Referral
CNV_000533,USR_011622,SES_00020036,2026-02-11 16:40:31.558568,Starter_Monthly,Monthly,29.0,Germany,Referral
CNV_000419,USR_014681,SES_00015582,2026-02-11 17:27:03.243538,Starter_Monthly,Monthly,29.0,Australia,Direct
CNV_000120,USR_022685,SES_00004208,2026-02-11 18:30:49.929068,Pro_Monthly,Monthly,79.0,Canada,Organic Search
CNV_000685,USR_018630,SES_00025409,2026-02-11 19:18:13.340410,Pro_Monthly,Monthly,79.0,United States,Direct
CNV_001291,USR_000787,SES_00048450,2026-02-11 19:41:11.263625,Pro_Annual,Annual,790.0,United States,Organic Search
CNV_000435,USR_012940,SES_00016148,2026-02-11 22:32:54.041447,Pro_Monthly,Monthly,79.0,United States,Paid Social
CNV_001128,USR_000734,SES_00042339,2026-02-11 22:42:18.503438,Starter_Monthly,Monthly,29.0,United States,Direct
CNV_000544,USR_006778,SES_00020412,2026-02-11 23:57:52.535874,Starter_Monthly,Monthly,29.0,Germany,Paid Social
CNV_001264,USR_014932,SES_00047461,2026-02-12 00:10:49.796410,Pro_Monthly,Monthly,79.0,Australia,Product Hunt
CNV_000677,USR_023860,SES_00025188,2026-02-12 00:55:49.800835,Starter_Monthly,Monthly,29.0,United Kingdom,Organic Search
CNV_000482,USR_008119,SES_00017957,2026-02-12 02:08:28.740196,Pro_Monthly,Monthly,79.0,Germany,Referral
CNV_001259,USR_021587,SES_00047274,2026-02-12 02:18:24.698807,Pro_Monthly,Monthly,79.0,France,Product Hunt
CNV_000471,USR_001990,SES_00017565,2026-02-12 03:14:45.652461,Starter_Annual,Annual,290.0,United States,Paid Social
CNV_000174,USR_014394,SES_00006144,2026-02-12 03:15:20.944509,Enterprise,Custom,1999.0,United Kingdom,Paid Social
CNV_000412,USR_031287,SES_00015290,2026-02-12 03:29:15.295308,Pro_Annual,Annual,790.0,Germany,Organic Search
CNV_001205,USR_002911,SES_00045190,2026-02-12 03:41:18.841956,Pro_Monthly,Monthly,79.0,United States,Direct
CNV_001129,USR_026354,SES_00042385,2026-02-12 04:39:53.823702,Starter_Monthly,Monthly,29.0,Germany,Organic Search
CNV_000703,USR_008031,SES_00026125,2026-02-12 06:05:26.060950,Starter_Monthly,Monthly,29.0,United Kingdom,Paid Social
CNV_001154,USR_012290,SES_00043274,2026-02-12 08:47:38.788137,Starter_Monthly,Monthly,29.0,Germany,Direct
CNV_000276,USR_026098,SES_00009736,2026-02-12 09:08:50.829985,Starter_Monthly,Monthly,29.0,United States,Email Campaign
CNV_001235,USR_032361,SES_00046371,2026-02-12 09:54:58.378453,Starter_Monthly,Monthly,29.0,United Kingdom,Organic Search
CNV_000224,USR_010629,SES_00007851,2026-02-12 10:09:06.759655,Pro_Monthly,Monthly,79.0,Germany,Paid Social
CNV_000380,USR_034231,SES_00014077,2026-02-12 13:14:18.677682,Starter_Monthly,Monthly,29.0,Canada,Referral
CNV_001201,USR_031436,SES_00045072,2026-02-12 13:36:25.806727,Pro_Monthly,Monthly,79.0,United States,Referral
CNV_000082,USR_029168,SES_00002837,2026-02-12 13:47:03.958678,Pro_Monthly,Monthly,79.0,India,Paid Social
CNV_000828,USR_014636,SES_00031732,2026-02-12 16:59:50.226832,Starter_Monthly,Monthly,29.0,United States,Direct
CNV_000528,USR_018172,SES_00019831,2026-02-12 17:26:51.339737,Starter_Monthly,Monthly,29.0,Germany,Organic Search
CNV_001270,USR_018499,SES_00047661,2026-02-12 17:31:45.379527,Pro_Monthly,Monthly,79.0,France,Organic Search
CNV_001211,USR_002698,SES_00045368,2026-02-12 18:10:14.269381,Starter_Annual,Annual,290.0,Australia,Organic Search
CNV_001101,USR_031490,SES_00041300,2026-02-12 20:22:39.370947,Pro_Monthly,Monthly,79.0,United States,Direct
CNV_001098,USR_009844,SES_00041100,2026-02-12 22:06:57.949310,Enterprise,Custom,1999.0,United States,Organic Search
CNV_000233,USR_000548,SES_00008167,2026-02-12 22:54:59.218520,Starter_Monthly,Monthly,29.0,India,Referral
CNV_001148,USR_002847,SES_00043033,2026-02-13 01:04:38.601723,Pro_Monthly,Monthly,79.0,United States,Email Campaign
CNV_000284,USR_033626,SES_00010250,2026-02-13 01:20:08.625903,Pro_Monthly,Monthly,79.0,United States,Email Campaign
CNV_001199,USR_025605,SES_00044865,2026-02-13 01:21:54.089833,Starter_Monthly,Monthly,29.0,United States,Organic Search
CNV_000145,USR_021197,SES_00005110,2026-02-13 03:29:51.862414,Starter_Monthly,Monthly,29.0,United States,Direct
CNV_000547,USR_018616,SES_00020528,2026-02-13 04:34:39.747014,Pro_Annual,Annual,790.0,India,Direct
CNV_001289,USR_003944,SES_00048334,2026-02-13 04:58:39.043701,Pro_Annual,Annual,790.0,India,Direct
CNV_000063,USR_032684,SES_00002308,2026-02-13 06:43:47.519569,Pro_Monthly,Monthly,79.0,Australia,Organic Search
CNV_001189,USR_018976,SES_00044427,2026-02-13 07:59:36.384327,Pro_Monthly,Monthly,79.0,United States,Paid Social
CNV_000476,USR_020127,SES_00017738,2026-02-13 08:16:11.623133,Starter_Monthly,Monthly,29.0,Canada,Email Campaign
CNV_000591,USR_008161,SES_00021966,2026-02-13 09:28:56.234815,Starter_Annual,Annual,290.0,Canada,Referral
CNV_000712,USR_010160,SES_00026428,2026-02-13 09:30:26.520341,Pro_Monthly,Monthly,79.0,Germany,Direct
CNV_000901,USR_034844,SES_00034578,2026-02-13 10:22:42.075988,Pro_Monthly,Monthly,79.0,Canada,Email Campaign
CNV_000379,USR_016533,SES_00014031,2026-02-13 11:40:53.719954,Pro_Monthly,Monthly,79.0,United States,Product Hunt
CNV_000065,USR_016791,SES_00002365,2026-02-13 12:50:21.977212,Pro_Monthly,Monthly,79.0,United States,Organic Search
CNV_001341,USR_028883,SES_00050482,2026-02-13 15:15:09.095871,Starter_Monthly,Monthly,29.0,Germany,Organic Search
CNV_000622,USR_017980,SES_00023015,2026-02-13 16:16:54.883870,Starter_Monthly,Monthly,29.0,India,Direct
CNV_000293,USR_003246,SES_00010599,2026-02-13 16:53:38.503823,Starter_Monthly,Monthly,29.0,India,Paid Social
CNV_001100,USR_030508,SES_00041270,2026-02-13 18:35:45.174376,Starter_Monthly,Monthly,29.0,United States,Referral
CNV_000356,USR_011354,SES_00013105,2026-02-13 21:33:00.995159,Pro_Monthly,Monthly,79.0,Australia,Organic Search
CNV_000212,USR_016548,SES_00007467,2026-02-13 23:30:23.145980,Pro_Monthly,Monthly,79.0,United Kingdom,Direct
CNV_000964,USR_024002,SES_00036622,2026-02-13 23:34:49.034581,Pro_Monthly,Monthly,79.0,United States,Product Hunt
CNV_000130,USR_033146,SES_00004578,2026-02-14 00:28:01.931744,Pro_Monthly,Monthly,79.0,United States,Paid Social
CNV_000507,USR_013607,SES_00019014,2026-02-14 00:31:00.205337,Pro_Monthly,Monthly,79.0,Canada,Organic Search
CNV_000696,USR_034197,SES_00025988,2026-02-14 01:39:43.438567,Starter_Monthly,Monthly,29.0,France,Product Hunt
CNV_000526,USR_021225,SES_00019778,2026-02-14 02:27:55.385193,Starter_Monthly,Monthly,29.0,United Kingdom,Paid Social
CNV_000570,USR_018089,SES_00021227,2026-02-14 02:37:21.917607,Pro_Annual,Annual,790.0,United States,Organic Search
CNV_000779,USR_008367,SES_00029389,2026-02-14 02:49:54.631077,Starter_Monthly,Monthly,29.0,United Kingdom,Direct
CNV_000134,USR_003425,SES_00004740,2026-02-14 04:18:14.536907,Starter_Monthly,Monthly,29.0,United Kingdom,Organic Search
CNV_000762,USR_033539,SES_00028610,2026-02-14 04:49:26.174691,Starter_Monthly,Monthly,29.0,India,Paid Social
CNV_000700,USR_031712,SES_00026095,2026-02-14 07:20:37.444432,Pro_Monthly,Monthly,79.0,United States,Organic Search
CNV_000549,USR_034408,SES_00020585,2026-02-14 07:35:40.181542,Starter_Monthly,Monthly,29.0,United Kingdom,Organic Search
CNV_000794,USR_007061,SES_00030078,2026-02-14 08:20:57.847963,Starter_Monthly,Monthly,29.0,United States,Organic Search
CNV_000931,USR_024563,SES_00035578,2026-02-14 12:27:49.317478,Starter_Monthly,Monthly,29.0,United Kingdom,Paid Social
CNV_000541,USR_031688,SES_00020314,2026-02-14 12:57:58.986681,Starter_Monthly,Monthly,29.0,India,Paid Social
CNV_000990,USR_030188,SES_00037514,2026-02-14 13:13:09.627416,Starter_Monthly,Monthly,29.0,United States,Referral
CNV_000036,USR_004431,SES_00001231,2026-02-14 13:52:00.182131,Pro_Monthly,Monthly,79.0,United States,Paid Social
CNV_000339,USR_017186,SES_00012283,2026-02-14 14:36:48.122903,Starter_Monthly,Monthly,29.0,United States,Referral
CNV_001208,USR_008578,SES_00045286,2026-02-14 14:59:52.142748,Pro_Monthly,Monthly,79.0,United States,Organic Search
CNV_000842,USR_012869,SES_00032336,2026-02-14 15:29:06.936840,Starter_Monthly,Monthly,29.0,United States,Organic Search
CNV_000829,USR_022182,SES_00031774,2026-02-14 16:39:27.741610,Starter_Monthly,Monthly,29.0,Australia,Organic Search
CNV_001354,USR_016387,SES_00051065,2026-02-14 17:42:50.081762,Pro_Monthly,Monthly,79.0,Australia,Organic Search
CNV_000905,USR_001610,SES_00034717,2026-02-14 18:07:28.999001,Pro_Monthly,Monthly,79.0,United States,Email Campaign
CNV_001238,USR_030682,SES_00046503,2026-02-14 18:18:52.745459,Starter_Monthly,Monthly,29.0,United Kingdom,Organic Search
CNV_000896,USR_030972,SES_00034263,2026-02-14 19:22:47.822197,Starter_Monthly,Monthly,29.0,Germany,Paid Social
CNV_000750,USR_028292,SES_00027959,2026-02-14 20:10:44.200102,Starter_Monthly,Monthly,29.0,United States,Organic Search
CNV_001233,USR_019615,SES_00046226,2026-02-14 20:46:55.744547,Starter_Monthly,Monthly,29.0,United Kingdom,Paid Social
CNV_001282,USR_000146,SES_00048056,2026-02-14 21:11:05.927024,Starter_Monthly,Monthly,29.0,United Kingdom,Direct
CNV_000788,USR_002833,SES_00029753,2026-02-14 23:19:58.480472,Pro_Monthly,Monthly,79.0,Canada,Referral
CNV_000020,USR_021199,SES_00000713,2026-02-14 23:46:05.804856,Pro_Monthly,Monthly,79.0,India,Organic Search
CNV_000304,USR_026526,SES_00011075,2026-02-15 00:27:29.811131,Pro_Monthly,Monthly,79.0,United States,Organic Search
CNV_001146,USR_024532,SES_00042987,2026-02-15 00:59:18.169901,Pro_Monthly,Monthly,79.0,United States,Direct
CNV_000168,USR_032807,SES_00005917,2026-02-15 01:15:46.751039,Starter_Monthly,Monthly,29.0,India,Direct
CNV_001280,USR_023550,SES_00047953,2026-02-15 02:26:38.565048,Pro_Monthly,Monthly,79.0,United States,Organic Search
CNV_000847,USR_020098,SES_00032530,2026-02-15 04:34:14.308235,Pro_Monthly,Monthly,79.0,Germany,Direct
CNV_000136,USR_017206,SES_00004779,2026-02-15 08:42:12.036470,Starter_Monthly,Monthly,29.0,United States,Paid Social
CNV_001034,USR_021431,SES_00038880,2026-02-15 10:20:54.914046,Starter_Monthly,Monthly,29.0,United States,Direct
CNV_000009,USR_004300,SES_00000380,2026-02-15 11:14:14.350282,Starter_Monthly,Monthly,29.0,Germany,Paid Social
CNV_000189,USR_027638,SES_00006531,2026-02-15 11:57:21.007877,Starter_Monthly,Monthly,29.0,United States,Email Campaign
CNV_000627,USR_008606,SES_00023153,2026-02-15 12:17:23.279957,Pro_Monthly,Monthly,79.0,United States,Direct
CNV_001094,USR_021897,SES_00040936,2026-02-15 14:13:57.234139,Pro_Monthly,Monthly,79.0,United States,Paid Social
CNV_000275,USR_013757,SES_00009692,2026-02-15 16:41:18.291951,Starter_Monthly,Monthly,29.0,United Kingdom,Organic Search
CNV_001104,USR_013779,SES_00041408,2026-02-15 19:34:27.703025,Starter_Monthly,Monthly,29.0,United Kingdom,Paid Social
CNV_000270,USR_029423,SES_00009494,2026-02-15 20:32:17.586198,Starter_Monthly,Monthly,29.0,France,Paid Social
CNV_001219,USR_014468,SES_00045647,2026-02-15 20:45:19.885748,Pro_Monthly,Monthly,79.0,United Kingdom,Paid Social
CNV_001127,USR_030643,SES_00042283,2026-02-15 20:59:50.323267,Starter_Monthly,Monthly,29.0,United States,Product Hunt
CNV_001365,USR_025753,SES_00051621,2026-02-15 22:12:20.374542,Pro_Annual,Annual,790.0,Canada,Paid Social
CNV_000781,USR_017133,SES_00029512,2026-02-15 23:58:39.209483,Pro_Monthly,Monthly,79.0,France,Referral
CNV_001017,USR_034560,SES_00038291,2026-02-16 01:24:19.105948,Pro_Monthly,Monthly,79.0,United States,Paid Social
CNV_000068,USR_009704,SES_00002487,2026-02-16 06:14:40.372834,Starter_Monthly,Monthly,29.0,Australia,Email Campaign
CNV_000251,USR_028170,SES_00008795,2026-02-16 06:31:11.441411,Starter_Monthly,Monthly,29.0,Germany,Paid Social
CNV_001223,USR_006566,SES_00045803,2026-02-16 08:18:56.641596,Starter_Monthly,Monthly,29.0,United States,Direct
CNV_000899,USR_008988,SES_00034410,2026-02-16 08:51:26.954146,Pro_Monthly,Monthly,79.0,United Kingdom,Referral
CNV_001070,USR_019245,SES_00040117,2026-02-16 09:13:41.999127,Starter_Monthly,Monthly,29.0,United States,Paid Social
CNV_001364,USR_028753,SES_00051527,2026-02-16 09:45:55.794741,Starter_Monthly,Monthly,29.0,Canada,Organic Search
CNV_000427,USR_007829,SES_00015870,2026-02-16 09:59:58.783714,Starter_Monthly,Monthly,29.0,Australia,Direct
CNV_001157,USR_001304,SES_00043307,2026-02-16 10:46:20.767142,Starter_Monthly,Monthly,29.0,Canada,Organic Search
CNV_001253,USR_013431,SES_00047023,2026-02-16 12:04:58.490056,Starter_Monthly,Monthly,29.0,United States,Organic Search
CNV_001110,USR_018945,SES_00041608,2026-02-16 13:17:28.994862,Starter_Annual,Annual,290.0,United Kingdom,Organic Search
CNV_001366,USR_030760,SES_00051741,2026-02-16 13:42:54.955354,Starter_Annual,Annual,290.0,Germany,Organic Search
CNV_000451,USR_016967,SES_00016771,2026-02-16 16:48:53.059993,Starter_Annual,Annual,290.0,United Kingdom,Organic Search
CNV_001151,USR_007156,SES_00043099,2026-02-16 17:00:48.490190,Starter_Monthly,Monthly,29.0,India,Product Hunt
CNV_000171,USR_021071,SES_00005979,2026-02-16 17:27:58.260095,Starter_Monthly,Monthly,29.0,United States,Email Campaign
CNV_000911,USR_033861,SES_00035003,2026-02-16 20:58:20.911161,Starter_Monthly,Monthly,29.0,United States,Organic Search
CNV_001395,USR_004130,SES_00052945,2026-02-16 21:22:25.970538,Pro_Monthly,Monthly,79.0,Germany,Organic Search
CNV_000741,USR_014796,SES_00027454,2026-02-16 23:35:21.528557,Pro_Annual,Annual,790.0,United States,Direct
CNV_000634,USR_016992,SES_00023458,2026-02-16 23:56:14.969324,Starter_Annual,Annual,290.0,India,Organic Search
CNV_000001,USR_014563,SES_00000003,2026-02-17 00:03:13.970146,Pro_Monthly,Monthly,79.0,France,Paid Social
CNV_001090,USR_003002,SES_00040747,2026-02-17 02:11:15.084139,Starter_Annual,Annual,290.0,United Kingdom,Paid Social
CNV_000774,USR_016154,SES_00029156,2026-02-17 03:01:56.791940,Pro_Monthly,Monthly,79.0,United Kingdom,Product Hunt
CNV_000153,USR_029172,SES_00005514,2026-02-17 05:59:04.508489,Starter_Monthly,Monthly,29.0,United States,Paid Social
CNV_000181,USR_009541,SES_00006277,2026-02-17 06:53:45.026866,Starter_Monthly,Monthly,29.0,United States,Email Campaign
CNV_000289,USR_029238,SES_00010492,2026-02-17 10:17:20.145345,Pro_Monthly,Monthly,79.0,Germany,Organic Search
CNV_000053,USR_027971,SES_00001930,2026-02-17 11:54:50.389453,Pro_Monthly,Monthly,79.0,India,Paid Social
CNV_001263,USR_023288,SES_00047421,2026-02-17 12:40:02.152147,Starter_Monthly,Monthly,29.0,United States,Email Campaign
CNV_000246,USR_025881,SES_00008630,2026-02-17 15:34:17.015763,Starter_Monthly,Monthly,29.0,United Kingdom,Organic Search
CNV_000253,USR_005553,SES_00008877,2026-02-17 15:51:29.529226,Starter_Monthly,Monthly,29.0,Canada,Paid Social
CNV_000873,USR_027266,SES_00033407,2026-02-17 18:23:20.755843,Starter_Annual,Annual,290.0,United States,Organic Search
CNV_001087,USR_013936,SES_00040622,2026-02-17 18:28:53.532892,Starter_Monthly,Monthly,29.0,Germany,Organic Search
CNV_001224,USR_014765,SES_00045836,2026-02-17 18:29:20.914193,Starter_Monthly,Monthly,29.0,United States,Direct
CNV_000164,USR_025384,SES_00005773,2026-02-17 19:54:24.748924,Pro_Monthly,Monthly,79.0,Canada,Direct
CNV_000426,USR_016413,SES_00015839,2026-02-17 21:39:17.718335,Pro_Monthly,Monthly,79.0,United States,Paid Social
CNV_000159,USR_007375,SES_00005676,2026-02-17 22:23:06.112372,Starter_Monthly,Monthly,29.0,United States,Paid Social
CNV_001028,USR_033711,SES_00038722,2026-02-17 22:23:35.547001,Pro_Monthly,Monthly,79.0,United Kingdom,Product Hunt
CNV_001406,USR_007892,SES_00053253,2026-02-17 22:24:24.161305,Pro_Monthly,Monthly,79.0,United States,Referral
CNV_001042,USR_027143,SES_00039210,2026-02-17 23:13:58.096305,Pro_Monthly,Monthly,79.0,United States,Direct
CNV_000169,USR_018682,SES_00005950,2026-02-17 23:37:54.856288,Starter_Annual,Annual,290.0,United States,Paid Social
CNV_000738,USR_024084,SES_00027381,2026-02-18 01:09:46.681922,Starter_Monthly,Monthly,29.0,United States,Email Campaign
CNV_001003,USR_000396,SES_00037966,2026-02-18 01:33:25.163942,Starter_Monthly,Monthly,29.0,United Kingdom,Organic Search
CNV_000906,USR_003559,SES_00034806,2026-02-18 02:18:49.268490,Pro_Monthly,Monthly,79.0,Germany,Paid Social
CNV_000199,USR_010793,SES_00006964,2026-02-18 02:38:33.273344,Pro_Annual,Annual,790.0,Germany,Paid Social
CNV_000306,USR_002396,SES_00011163,2026-02-18 03:19:40.488208,Pro_Monthly,Monthly,79.0,United States,Direct
CNV_000786,USR_015245,SES_00029662,2026-02-18 03:26:33.440124,Starter_Monthly,Monthly,29.0,Canada,Email Campaign
CNV_001160,USR_000158,SES_00043389,2026-02-18 03:49:01.087420,Starter_Monthly,Monthly,29.0,Canada,Paid Social
CNV_000864,USR_006482,SES_00033090,2026-02-18 03:57:29.856627,Starter_Annual,Annual,290.0,United Kingdom,Direct
CNV_001304,USR_023477,SES_00049016,2026-02-18 05:40:00.120285,Pro_Annual,Annual,790.0,United Kingdom,Direct
CNV_000430,USR_029801,SES_00016028,2026-02-18 06:12:39.425203,Pro_Monthly,Monthly,79.0,United States,Organic Search
CNV_001412,USR_014475,SES_00053388,2026-02-18 06:20:00.770542,Pro_Annual,Annual,790.0,Germany,Direct
CNV_000925,USR_014823,SES_00035420,2026-02-18 06:37:01.012925,Pro_Monthly,Monthly,79.0,Germany,Paid Social
CNV_000637,USR_010536,SES_00023597,2026-02-18 07:19:42.958631,Pro_Annual,Annual,790.0,France,Organic Search
CNV_001131,USR_020388,SES_00042435,2026-02-18 08:08:07.829628,Starter_Monthly,Monthly,29.0,United States,Direct
CNV_001089,USR_008104,SES_00040729,2026-02-18 08:57:41.155321,Starter_Monthly,Monthly,29.0,Canada,Email Campaign
CNV_000525,USR_027957,SES_00019760,2026-02-18 10:23:27.365931,Starter_Annual,Annual,290.0,United Kingdom,Paid Social
CNV_000693,USR_032887,SES_00025765,2026-02-18 13:03:31.339822,Pro_Monthly,Monthly,79.0,United States,Paid Social
CNV_001045,USR_011935,SES_00039321,2026-02-18 13:31:26.725428,Pro_Monthly,Monthly,79.0,United Kingdom,Paid Social
CNV_001274,USR_007730,SES_00047812,2026-02-18 13:49:14.334498,Starter_Annual,Annual,290.0,United States,Referral
CNV_001440,USR_012081,SES_00054599,2026-02-18 15:21:04.297458,Starter_Monthly,Monthly,29.0,United Kingdom,Organic Search
CNV_000261,USR_025042,SES_00009205,2026-02-18 15:57:45.595142,Pro_Monthly,Monthly,79.0,Australia,Referral
CNV_000042,USR_012421,SES_00001586,2026-02-18 17:32:43.455782,Starter_Monthly,Monthly,29.0,India,Organic Search
CNV_000891,USR_003535,SES_00034073,2026-02-18 20:30:31.474612,Pro_Monthly,Monthly,79.0,Germany,Email Campaign
CNV_001092,USR_020463,SES_00040893,2026-02-18 20:58:42.990368,Starter_Monthly,Monthly,29.0,Canada,Direct
CNV_001451,USR_019299,SES_00054973,2026-02-18 21:15:35.190924,Pro_Monthly,Monthly,79.0,United States,Direct
CNV_000763,USR_023910,SES_00028621,2026-02-18 21:28:36.316106,Pro_Monthly,Monthly,79.0,United States,Paid Social
CNV_000571,USR_017102,SES_00021235,2026-02-18 22:11:28.515331,Pro_Annual,Annual,790.0,Australia,Direct
CNV_001010,USR_016693,SES_00038131,2026-02-19 00:22:48.939890,Enterprise,Custom,1999.0,Canada,Referral
CNV_000277,USR_028911,SES_00009757,2026-02-19 00:36:42.719232,Starter_Monthly,Monthly,29.0,India,Email Campaign
CNV_001241,USR_006669,SES_00046628,2026-02-19 06:02:37.202518,Starter_Monthly,Monthly,29.0,Canada,Direct
CNV_000893,USR_019358,SES_00034125,2026-02-19 06:55:50.010091,Pro_Annual,Annual,790.0,United Kingdom,Referral
CNV_001054,USR_022552,SES_00039576,2026-02-19 07:30:16.079516,Starter_Monthly,Monthly,29.0,United States,Referral
CNV_001066,USR_028574,SES_00039931,2026-02-19 07:46:06.073942,Pro_Monthly,Monthly,79.0,United Kingdom,Referral
CNV_000949,USR_002183,SES_00036059,2026-02-19 08:02:13.799842,Pro_Monthly,Monthly,79.0,India,Paid Social
CNV_001336,USR_032762,SES_00050304,2026-02-19 10:28:29.647900,Starter_Annual,Annual,290.0,France,Organic Search
CNV_000605,USR_013221,SES_00022366,2026-02-19 13:09:06.758258,Starter_Monthly,Monthly,29.0,United Kingdom,Direct
CNV_001537,USR_022222,SES_00058015,2026-02-19 14:22:19.726510,Starter_Monthly,Monthly,29.0,United Kingdom,Paid Social
CNV_001225,USR_016922,SES_00045865,2026-02-19 14:23:43.145017,Starter_Monthly,Monthly,29.0,United States,Organic Search
CNV_000661,USR_024712,SES_00024534,2026-02-19 17:55:36.574411,Pro_Monthly,Monthly,79.0,Australia,Organic Search
CNV_001545,USR_025052,SES_00058214,2026-02-19 18:06:27.267236,Pro_Monthly,Monthly,79.0,Germany,Direct
CNV_000772,USR_031062,SES_00029029,2026-02-19 18:35:14.726694,Starter_Monthly,Monthly,29.0,Canada,Referral
CNV_000579,USR_000836,SES_00021578,2026-02-19 21:02:44.071715,Starter_Monthly,Monthly,29.0,Germany,Paid Social
CNV_000754,USR_019609,SES_00028241,2026-02-19 21:35:19.675277,Starter_Monthly,Monthly,29.0,Germany,Direct
CNV_001082,USR_030685,SES_00040494,2026-02-19 22:22:26.238835,Starter_Monthly,Monthly,29.0,Canada,Product Hunt
CNV_000594,USR_013591,SES_00022038,2026-02-19 23:53:02.611307,Starter_Monthly,Monthly,29.0,India,Direct
CNV_001474,USR_016376,SES_00055783,2026-02-20 01:15:48.414454,Starter_Monthly,Monthly,29.0,United States,Paid Social
CNV_001516,USR_006160,SES_00057326,2026-02-20 03:02:04.943090,Enterprise,Custom,1999.0,United States,Direct
CNV_000665,USR_004870,SES_00024742,2026-02-20 04:55:08.201323,Starter_Annual,Annual,290.0,United States,Direct
CNV_000894,USR_033820,SES_00034171,2026-02-20 06:00:17.884052,Pro_Monthly,Monthly,79.0,Canada,Direct
CNV_001197,USR_033360,SES_00044797,2026-02-20 06:30:27.693393,Pro_Monthly,Monthly,79.0,France,Paid Social
CNV_000978,USR_009626,SES_00037090,2026-02-20 09:26:33.613760,Starter_Monthly,Monthly,29.0,France,Paid Social
CNV_000869,USR_029871,SES_00033220,2026-02-20 10:42:25.089607,Starter_Monthly,Monthly,29.0,India,Organic Search
CNV_001539,USR_033807,SES_00058063,2026-02-20 11:02:01.979386,Pro_Monthly,Monthly,79.0,United States,Referral
CNV_000824,USR_006429,SES_00031612,2026-02-20 11:16:45.062457,Pro_Monthly,Monthly,79.0,India,Paid Social
CNV_000437,USR_005237,SES_00016253,2026-02-20 11:17:19.011718,Pro_Monthly,Monthly,79.0,United States,Direct
CNV_001185,USR_005513,SES_00044331,2026-02-20 14:09:17.005992,Starter_Monthly,Monthly,29.0,Germany,Email Campaign
CNV_000684,USR_007409,SES_00025386,2026-02-20 15:53:01.077818,Pro_Monthly,Monthly,79.0,United States,Direct
CNV_000816,USR_007839,SES_00031299,2026-02-20 17:47:57.405129,Starter_Monthly,Monthly,29.0,Germany,Organic Search
CNV_001216,USR_006802,SES_00045541,2026-02-20 18:10:31.733112,Starter_Monthly,Monthly,29.0,Germany,Organic Search
CNV_001495,USR_009418,SES_00056461,2026-02-20 18:43:28.107170,Pro_Annual,Annual,790.0,Australia,Direct
CNV_000124,USR_033784,SES_00004339,2026-02-20 20:17:25.195612,Starter_Annual,Annual,290.0,United States,Organic Search
CNV_001022,USR_002155,SES_00038458,2026-02-20 21:37:30.392784,Starter_Monthly,Monthly,29.0,United States,Referral
CNV_000473,USR_018610,SES_00017638,2026-02-20 21:38:53.566773,Starter_Monthly,Monthly,29.0,United States,Direct
CNV_001220,USR_017751,SES_00045668,2026-02-20 21:49:42.089179,Starter_Monthly,Monthly,29.0,United States,Paid Social
CNV_001319,USR_030590,SES_00049568,2026-02-20 21:52:30.078364,Starter_Annual,Annual,290.0,United Kingdom,Referral
CNV_000654,USR_002862,SES_00024267,2026-02-21 03:04:59.817005,Pro_Monthly,Monthly,79.0,Canada,Direct
CNV_000746,USR_002330,SES_00027696,2026-02-21 04:19:46.960409,Starter_Monthly,Monthly,29.0,United States,Organic Search
CNV_000645,USR_025793,SES_00023900,2026-02-21 05:56:21.939149,Starter_Monthly,Monthly,29.0,United Kingdom,Organic Search
CNV_000438,USR_012336,SES_00016271,2026-02-21 05:58:51.395445,Pro_Monthly,Monthly,79.0,Germany,Organic Search
CNV_000670,USR_005184,SES_00024967,2026-02-21 06:01:35.338126,Pro_Monthly,Monthly,79.0,United States,Referral
CNV_001182,USR_009507,SES_00044249,2026-02-21 06:06:02.536323,Starter_Monthly,Monthly,29.0,Australia,Email Campaign
CNV_001312,USR_001762,SES_00049269,2026-02-21 06:32:28.408242,Starter_Monthly,Monthly,29.0,United Kingdom,Email Campaign
CNV_000648,USR_016090,SES_00024071,2026-02-21 09:40:51.027187,Starter_Monthly,Monthly,29.0,United States,Referral
CNV_000806,USR_029805,SES_00030868,2026-02-21 09:51:22.649440,Starter_Monthly,Monthly,29.0,Canada,Direct
CNV_000420,USR_022429,SES_00015620,2026-02-21 10:41:47.274969,Starter_Monthly,Monthly,29.0,Canada,Organic Search
CNV_001356,USR_013495,SES_00051214,2026-02-21 12:35:12.009965,Pro_Monthly,Monthly,79.0,Germany,Paid Social
CNV_001347,USR_021034,SES_00050773,2026-02-21 14:22:54.342312,Starter_Monthly,Monthly,29.0,Canada,Product Hunt
CNV_001246,USR_030776,SES_00046827,2026-02-21 15:00:46.656844,Pro_Monthly,Monthly,79.0,India,Paid Social
CNV_001426,USR_007673,SES_00053952,2026-02-21 15:10:45.300000,Starter_Monthly,Monthly,29.0,United States,Organic Search
CNV_001370,USR_034905,SES_00051837,2026-02-21 16:35:02.402026,Starter_Monthly,Monthly,29.0,Germany,Paid Social
CNV_000955,USR_031030,SES_00036230,2026-02-21 17:18:28.707441,Enterprise,Custom,1999.0,Canada,Direct
CNV_000876,USR_024142,SES_00033560,2026-02-21 17:31:28.659063,Starter_Monthly,Monthly,29.0,France,Referral
CNV_000490,USR_029271,SES_00018280,2026-02-21 18:50:28.185899,Pro_Monthly,Monthly,79.0,United Kingdom,Direct
CNV_001290,USR_010111,SES_00048363,2026-02-21 18:58:34.823467,Starter_Monthly,Monthly,29.0,United States,Organic Search
CNV_001373,USR_017984,SES_00052010,2026-02-21 19:06:19.655441,Starter_Monthly,Monthly,29.0,Canada,Organic Search
CNV_001520,USR_016199,SES_00057563,2026-02-21 20:50:54.088556,Pro_Monthly,Monthly,79.0,United Kingdom,Organic Search
CNV_001594,USR_034441,SES_00059726,2026-02-21 21:17:02.714720,Pro_Monthly,Monthly,79.0,United States,Product Hunt
CNV_001039,USR_001132,SES_00039145,2026-02-21 21:33:43.310918,Starter_Monthly,Monthly,29.0,Canada,Direct
CNV_000539,USR_022571,SES_00020281,2026-02-21 22:03:29.679257,Starter_Monthly,Monthly,29.0,United States,Paid Social
CNV_001105,USR_024711,SES_00041474,2026-02-21 22:06:49.943741,Starter_Monthly,Monthly,29.0,India,Email Campaign
CNV_001156,USR_033393,SES_00043303,2026-02-22 01:03:22.127050,Enterprise,Custom,1999.0,United States,Paid Social
CNV_001645,USR_004888,SES_00061478,2026-02-22 01:51:55.615231,Pro_Monthly,Monthly,79.0,United Kingdom,Paid Social
CNV_000727,USR_023307,SES_00026935,2026-02-22 03:42:22.946572,Pro_Annual,Annual,790.0,United States,Referral
CNV_000424,USR_019157,SES_00015728,2026-02-22 04:40:23.087789,Pro_Annual,Annual,790.0,France,Email Campaign
CNV_000954,USR_031090,SES_00036197,2026-02-22 04:55:36.513525,Pro_Monthly,Monthly,79.0,United States,Organic Search
CNV_000717,USR_015177,SES_00026633,2026-02-22 05:05:44.696144,Starter_Monthly,Monthly,29.0,United States,Referral
CNV_000930,USR_024914,SES_00035550,2026-02-22 05:20:17.630300,Pro_Monthly,Monthly,79.0,Australia,Direct
CNV_001024,USR_011890,SES_00038528,2026-02-22 07:16:37.901725,Starter_Annual,Annual,290.0,France,Email Campaign
CNV_000951,USR_016430,SES_00036129,2026-02-22 07:41:16.119844,Pro_Monthly,Monthly,79.0,United States,Referral
CNV_001313,USR_028815,SES_00049339,2026-02-22 09:44:40.807289,Starter_Annual,Annual,290.0,India,Organic Search
CNV_000795,USR_030890,SES_00030186,2026-02-22 09:58:53.676184,Pro_Monthly,Monthly,79.0,Germany,Organic Search
CNV_001488,USR_033693,SES_00056262,2026-02-22 12:19:11.875980,Starter_Monthly,Monthly,29.0,United States,Organic Search
CNV_000305,USR_002403,SES_00011145,2026-02-22 14:00:34.552529,Starter_Monthly,Monthly,29.0,United States,Paid Social
CNV_001429,USR_012585,SES_00054036,2026-02-22 14:15:13.764507,Starter_Monthly,Monthly,29.0,Canada,Paid Social
CNV_000527,USR_015484,SES_00019806,2026-02-22 14:23:57.375317,Starter_Monthly,Monthly,29.0,United States,Paid Social
CNV_000822,USR_032441,SES_00031542,2026-02-22 14:39:15.699666,Pro_Annual,Annual,790.0,United States,Organic Search
CNV_000801,USR_009390,SES_00030508,2026-02-22 15:20:18.582802,Starter_Monthly,Monthly,29.0,United States,Direct
CNV_001547,USR_016448,SES_00058262,2026-02-22 15:40:00.097585,Pro_Annual,Annual,790.0,United States,Paid Social
CNV_001316,USR_005662,SES_00049469,2026-02-22 15:55:40.057269,Starter_Monthly,Monthly,29.0,United States,Product Hunt
CNV_000669,USR_021098,SES_00024934,2026-02-22 15:59:22.446140,Starter_Monthly,Monthly,29.0,United States,Paid Social
CNV_000596,USR_012353,SES_00022088,2026-02-22 17:55:28.268983,Starter_Monthly,Monthly,29.0,India,Email Campaign
CNV_001638,USR_031133,SES_00061305,2026-02-22 18:25:39.907717,Starter_Monthly,Monthly,29.0,France,Product Hunt
CNV_001417,USR_019151,SES_00053566,2026-02-22 18:55:19.173224,Starter_Annual,Annual,290.0,United States,Paid Social
CNV_000107,USR_025483,SES_00003664,2026-02-22 20:23:13.983711,Pro_Monthly,Monthly,79.0,United States,Organic Search
CNV_000877,USR_031674,SES_00033594,2026-02-22 20:46:05.352818,Starter_Monthly,Monthly,29.0,Germany,Organic Search
CNV_001457,USR_015910,SES_00055215,2026-02-22 21:09:37.026932,Starter_Monthly,Monthly,29.0,United States,Direct
CNV_001565,USR_013342,SES_00058970,2026-02-22 22:31:09.889612,Pro_Monthly,Monthly,79.0,India,Paid Social
CNV_001265,USR_031868,SES_00047477,2026-02-22 23:09:48.943793,Pro_Monthly,Monthly,79.0,Germany,Organic Search
CNV_001604,USR_027293,SES_00060129,2026-02-22 23:50:04.102139,Pro_Monthly,Monthly,79.0,Canada,Direct
CNV_001230,USR_012492,SES_00046099,2026-02-23 05:34:11.338303,Enterprise,Custom,1999.0,United States,Paid Social
CNV_001209,USR_010522,SES_00045305,2026-02-23 06:05:48.007845,Pro_Monthly,Monthly,79.0,United States,Organic Search
CNV_000914,USR_004495,SES_00035082,2026-02-23 06:08:02.215336,Pro_Monthly,Monthly,79.0,United States,Direct
CNV_000236,USR_003051,SES_00008261,2026-02-23 07:10:17.707393,Starter_Monthly,Monthly,29.0,United States,Organic Search
CNV_000536,USR_008328,SES_00020119,2026-02-23 07:46:06.574374,Starter_Annual,Annual,290.0,Canada,Organic Search
CNV_000985,USR_015260,SES_00037407,2026-02-23 08:54:27.657617,Pro_Annual,Annual,790.0,France,Product Hunt
CNV_000714,USR_015276,SES_00026485,2026-02-23 09:18:21.049101,Pro_Monthly,Monthly,79.0,Australia,Organic Search
CNV_000223,USR_025093,SES_00007830,2026-02-23 10:19:33.283424,Starter_Monthly,Monthly,29.0,Germany,Referral
CNV_000868,USR_018280,SES_00033199,2026-02-23 10:39:25.446394,Pro_Monthly,Monthly,79.0,France,Paid Social
CNV_001673,USR_016617,SES_00062372,2026-02-23 12:06:30.201886,Pro_Monthly,Monthly,79.0,United States,Organic Search
CNV_001678,USR_031991,SES_00062625,2026-02-23 12:13:43.306626,Starter_Monthly,Monthly,29.0,United States,Direct
CNV_001020,USR_025760,SES_00038414,2026-02-23 14:50:59.290912,Starter_Annual,Annual,290.0,United States,Organic Search
CNV_001700,USR_024169,SES_00063342,2026-02-23 15:17:00.743301,Pro_Monthly,Monthly,79.0,United Kingdom,Organic Search
CNV_000811,USR_000974,SES_00031134,2026-02-23 15:18:23.391994,Enterprise,Custom,1999.0,Australia,Organic Search
CNV_000326,USR_033329,SES_00011884,2026-02-23 17:05:54.780357,Starter_Monthly,Monthly,29.0,Germany,Direct
CNV_001462,USR_022548,SES_00055384,2026-02-23 17:25:11.846671,Pro_Monthly,Monthly,79.0,United Kingdom,Product Hunt
CNV_000219,USR_017649,SES_00007710,2026-02-23 17:36:12.982515,Pro_Monthly,Monthly,79.0,Germany,Paid Social
CNV_000982,USR_020006,SES_00037299,2026-02-23 18:47:43.449993,Pro_Monthly,Monthly,79.0,India,Referral
CNV_001315,USR_026704,SES_00049446,2026-02-23 19:03:31.353511,Starter_Monthly,Monthly,29.0,United States,Direct
CNV_000902,USR_003112,SES_00034614,2026-02-23 19:57:28.343411,Pro_Monthly,Monthly,79.0,Germany,Paid Social
CNV_001192,USR_027123,SES_00044607,2026-02-23 22:04:10.793691,Pro_Monthly,Monthly,79.0,United Kingdom,Organic Search
CNV_000986,USR_024798,SES_00037429,2026-02-23 22:23:58.877587,Pro_Monthly,Monthly,79.0,United Kingdom,Product Hunt
CNV_001012,USR_022294,SES_00038167,2026-02-23 23:34:52.261986,Enterprise,Custom,1999.0,Australia,Organic Search
CNV_001072,USR_023468,SES_00040149,2026-02-24 00:49:08.999303,Pro_Monthly,Monthly,79.0,India,Product Hunt
CNV_001521,USR_025824,SES_00057575,2026-02-24 01:17:33.626023,Pro_Monthly,Monthly,79.0,United States,Organic Search
CNV_000852,USR_002609,SES_00032733,2026-02-24 01:39:53.248022,Enterprise,Custom,1999.0,Australia,Referral
CNV_001643,USR_012097,SES_00061447,2026-02-24 02:34:36.088028,Starter_Annual,Annual,290.0,United States,Organic Search
CNV_001422,USR_031953,SES_00053869,2026-02-24 03:29:20.576050,Starter_Annual,Annual,290.0,Germany,Product Hunt
CNV_000699,USR_032800,SES_00026051,2026-02-24 04:16:44.087521,Starter_Monthly,Monthly,29.0,United States,Organic Search
CNV_000624,USR_011074,SES_00023076,2026-02-24 05:40:44.481105,Pro_Monthly,Monthly,79.0,United States,Direct
CNV_001419,USR_009358,SES_00053684,2026-02-24 06:26:55.964664,Starter_Annual,Annual,290.0,United Kingdom,Paid Social
CNV_000939,USR_020538,SES_00035745,2026-02-24 06:51:16.775996,Pro_Monthly,Monthly,79.0,France,Organic Search
CNV_001353,USR_007080,SES_00051059,2026-02-24 06:56:15.483214,Starter_Monthly,Monthly,29.0,India,Referral
CNV_000252,USR_026680,SES_00008853,2026-02-24 07:51:39.819625,Pro_Monthly,Monthly,79.0,Australia,Organic Search
CNV_000883,USR_031225,SES_00033758,2026-02-24 08:00:42.593285,Pro_Monthly,Monthly,79.0,United States,Referral
CNV_001485,USR_008128,SES_00056177,2026-02-24 09:17:15.864556,Starter_Monthly,Monthly,29.0,United Kingdom,Organic Search
CNV_000515,USR_000491,SES_00019379,2026-02-24 10:25:45.528429,Pro_Monthly,Monthly,79.0,United States,Email Campaign
CNV_000814,USR_033333,SES_00031253,2026-02-24 11:36:06.740717,Enterprise,Custom,1999.0,United States,Referral
CNV_000054,USR_033776,SES_00001972,2026-02-24 12:34:16.771263,Pro_Monthly,Monthly,79.0,United States,Organic Search
CNV_001688,USR_008006,SES_00062893,2026-02-24 13:58:45.517953,Starter_Monthly,Monthly,29.0,India,Organic Search
CNV_000006,USR_004789,SES_00000204,2026-02-24 15:28:04.252314,Starter_Monthly,Monthly,29.0,United States,Organic Search
CNV_001183,USR_006427,SES_00044287,2026-02-24 15:31:01.923290,Pro_Monthly,Monthly,79.0,United States,Paid Social
CNV_001410,USR_013203,SES_00053327,2026-02-24 15:45:11.008597,Pro_Monthly,Monthly,79.0,Canada,Paid Social
CNV_001524,USR_023449,SES_00057653,2026-02-24 18:14:32.504415,Pro_Annual,Annual,790.0,France,Organic Search
CNV_001413,USR_027415,SES_00053415,2026-02-24 18:43:07.651462,Starter_Monthly,Monthly,29.0,Germany,Organic Search
CNV_001525,USR_017342,SES_00057681,2026-02-24 19:24:16.976912,Pro_Annual,Annual,790.0,United States,Product Hunt
CNV_000486,USR_011429,SES_00018120,2026-02-24 21:08:48.073834,Pro_Annual,Annual,790.0,Canada,Referral
CNV_001281,USR_012783,SES_00047986,2026-02-24 21:47:07.165327,Starter_Annual,Annual,290.0,India,Direct
CNV_001176,USR_019235,SES_00044062,2026-02-24 22:18:58.573330,Starter_Monthly,Monthly,29.0,United States,Referral
CNV_000719,USR_002184,SES_00026685,2026-02-24 22:51:21.216008,Pro_Monthly,Monthly,79.0,United States,Direct
CNV_001168,USR_034330,SES_00043775,2026-02-24 23:11:50.836258,Starter_Monthly,Monthly,29.0,United States,Referral
CNV_001489,USR_029195,SES_00056303,2026-02-25 00:16:19.814956,Starter_Monthly,Monthly,29.0,United Kingdom,Organic Search
CNV_000718,USR_014033,SES_00026671,2026-02-25 01:01:42.209972,Starter_Monthly,Monthly,29.0,Germany,Referral
CNV_000711,USR_024260,SES_00026365,2026-02-25 01:09:02.554222,Starter_Annual,Annual,290.0,United States,Organic Search
CNV_001212,USR_019232,SES_00045426,2026-02-25 01:23:47.358487,Pro_Monthly,Monthly,79.0,Canada,Organic Search
CNV_000892,USR_033492,SES_00034096,2026-02-25 01:52:54.318991,Starter_Monthly,Monthly,29.0,India,Organic Search
CNV_001286,USR_027406,SES_00048156,2026-02-25 06:01:36.035634,Pro_Monthly,Monthly,79.0,United Kingdom,Paid Social
CNV_001452,USR_004267,SES_00055026,2026-02-25 07:06:46.715739,Starter_Monthly,Monthly,29.0,India,Organic Search
CNV_001619,USR_032685,SES_00060691,2026-02-25 07:15:22.522862,Starter_Monthly,Monthly,29.0,Germany,Direct
CNV_001145,USR_011565,SES_00042979,2026-02-25 07:31:59.922411,Pro_Annual,Annual,790.0,United Kingdom,Direct
CNV_001330,USR_003399,SES_00050009,2026-02-25 08:18:44.963411,Pro_Monthly,Monthly,79.0,Germany,Organic Search
CNV_000367,USR_026058,SES_00013582,2026-02-25 14:13:10.653757,Starter_Monthly,Monthly,29.0,United States,Paid Social
CNV_001247,USR_033756,SES_00046843,2026-02-25 14:31:13.273051,Starter_Monthly,Monthly,29.0,France,Organic Search
CNV_001586,USR_034013,SES_00059471,2026-02-25 15:08:12.581401,Starter_Monthly,Monthly,29.0,United States,Referral
CNV_000551,USR_005970,SES_00020648,2026-02-25 16:53:12.916266,Enterprise,Custom,1999.0,United States,Direct
CNV_001745,USR_016260,SES_00064734,2026-02-25 16:54:49.249471,Starter_Monthly,Monthly,29.0,United Kingdom,Paid Social
CNV_000242,USR_022961,SES_00008460,2026-02-25 18:01:55.555231,Starter_Monthly,Monthly,29.0,Canada,Paid Social
CNV_001418,USR_032836,SES_00053598,2026-02-25 19:33:52.605264,Pro_Monthly,Monthly,79.0,United Kingdom,Organic Search
CNV_000706,USR_006382,SES_00026212,2026-02-25 21:07:45.906278,Pro_Monthly,Monthly,79.0,United Kingdom,Paid Social
CNV_001254,USR_024266,SES_00047060,2026-02-25 21:36:41.872334,Starter_Monthly,Monthly,29.0,Germany,Referral
CNV_001461,USR_018029,SES_00055367,2026-02-25 21:59:14.065388,Starter_Monthly,Monthly,29.0,United States,Paid Social
CNV_001112,USR_034395,SES_00041669,2026-02-25 23:21:13.063259,Pro_Monthly,Monthly,79.0,United States,Product Hunt
CNV_001331,USR_020076,SES_00050072,2026-02-26 00:38:22.360409,Pro_Monthly,Monthly,79.0,Canada,Referral
CNV_000879,USR_034977,SES_00033642,2026-02-26 01:37:22.400048,Starter_Monthly,Monthly,29.0,Canada,Referral
CNV_001737,USR_025646,SES_00064425,2026-02-26 01:43:01.275556,Starter_Annual,Annual,290.0,United Kingdom,Organic Search
CNV_001033,USR_024198,SES_00038864,2026-02-26 02:07:58.065253,Starter_Monthly,Monthly,29.0,Germany,Paid Social
CNV_001530,USR_013843,SES_00057840,2026-02-26 03:08:16.042073,Pro_Monthly,Monthly,79.0,United States,Referral
CNV_000431,USR_006752,SES_00016068,2026-02-26 03:32:15.367572,Pro_Monthly,Monthly,79.0,United States,Referral
CNV_001729,USR_006036,SES_00064201,2026-02-26 03:54:43.233917,Starter_Monthly,Monthly,29.0,Canada,Paid Social
CNV_000909,USR_032458,SES_00034913,2026-02-26 05:55:06.844722,Starter_Annual,Annual,290.0,Australia,Email Campaign
CNV_000038,USR_007473,SES_00001317,2026-02-26 07:43:45.761244,Starter_Monthly,Monthly,29.0,France,Paid Social
CNV_001674,USR_009662,SES_00062385,2026-02-26 10:11:33.235452,Pro_Monthly,Monthly,79.0,United Kingdom,Email Campaign
CNV_000100,USR_034206,SES_00003427,2026-02-26 11:36:43.914556,Starter_Monthly,Monthly,29.0,United States,Paid Social
CNV_001279,USR_013637,SES_00047920,2026-02-26 13:10:14.522672,Starter_Monthly,Monthly,29.0,United States,Direct
CNV_001171,USR_013448,SES_00043866,2026-02-26 13:20:28.845208,Starter_Annual,Annual,290.0,United Kingdom,Direct
CNV_001789,USR_016127,SES_00066403,2026-02-26 16:43:25.180867,Pro_Annual,Annual,790.0,United States,Direct
CNV_001718,USR_013917,SES_00063857,2026-02-26 18:11:25.856828,Pro_Monthly,Monthly,79.0,Germany,Paid Social
CNV_001305,USR_021149,SES_00049024,2026-02-26 21:22:46.465880,Pro_Monthly,Monthly,79.0,United States,Organic Search
CNV_000035,USR_011865,SES_00001212,2026-02-26 23:50:55.500874,Pro_Monthly,Monthly,79.0,Canada,Paid Social
CNV_001166,USR_031263,SES_00043674,2026-02-27 00:07:50.657015,Starter_Monthly,Monthly,29.0,India,Organic Search
CNV_001125,USR_004357,SES_00042228,2026-02-27 01:24:52.945575,Starter_Monthly,Monthly,29.0,United States,Organic Search
CNV_001416,USR_010342,SES_00053556,2026-02-27 01:33:44.395685,Starter_Monthly,Monthly,29.0,United Kingdom,Direct
CNV_000268,USR_029483,SES_00009423,2026-02-27 06:05:58.274130,Pro_Monthly,Monthly,79.0,United States,Direct
CNV_001754,USR_027133,SES_00065081,2026-02-27 06:46:50.358492,Starter_Monthly,Monthly,29.0,Canada,Paid Social
CNV_000838,USR_000763,SES_00032163,2026-02-27 07:09:17.878518,Pro_Monthly,Monthly,79.0,Australia,Direct
CNV_001817,USR_012959,SES_00067442,2026-02-27 07:27:22.183675,Starter_Annual,Annual,290.0,United States,Organic Search
CNV_001542,USR_024037,SES_00058135,2026-02-27 09:00:40.032413,Starter_Monthly,Monthly,29.0,India,Direct
CNV_000819,USR_022130,SES_00031412,2026-02-27 09:32:54.400227,Pro_Monthly,Monthly,79.0,United Kingdom,Referral
CNV_001298,USR_019861,SES_00048689,2026-02-27 09:46:39.316255,Starter_Monthly,Monthly,29.0,Canada,Organic Search
CNV_001002,USR_003193,SES_00037937,2026-02-27 09:52:32.928921,Starter_Annual,Annual,290.0,India,Organic Search
CNV_000970,USR_007828,SES_00036843,2026-02-27 10:21:53.889838,Starter_Monthly,Monthly,29.0,Canada,Organic Search
CNV_000871,USR_022049,SES_00033339,2026-02-27 11:48:10.085528,Pro_Annual,Annual,790.0,United States,Paid Social
CNV_000851,USR_031177,SES_00032682,2026-02-27 13:31:06.386392,Pro_Monthly,Monthly,79.0,United Kingdom,Paid Social
CNV_001661,USR_018041,SES_00061967,2026-02-27 13:47:04.947851,Starter_Monthly,Monthly,29.0,United Kingdom,Paid Social
CNV_001389,USR_010742,SES_00052736,2026-02-27 15:04:46.975166,Pro_Monthly,Monthly,79.0,United States,Organic Search
CNV_001191,USR_032982,SES_00044597,2026-02-27 17:02:32.237541,Pro_Monthly,Monthly,79.0,United States,Paid Social
CNV_001712,USR_019489,SES_00063685,2026-02-27 17:26:17.293417,Starter_Monthly,Monthly,29.0,United States,Paid Social
CNV_001262,USR_031472,SES_00047385,2026-02-27 18:19:49.092129,Pro_Monthly,Monthly,79.0,United Kingdom,Paid Social
CNV_001391,USR_031809,SES_00052843,2026-02-27 20:02:38.433781,Pro_Monthly,Monthly,79.0,United Kingdom,Direct
CNV_000406,USR_021855,SES_00015137,2026-02-27 20:34:34.428849,Pro_Monthly,Monthly,79.0,United States,Email Campaign
CNV_001408,USR_016604,SES_00053298,2026-02-27 20:55:15.077440,Starter_Monthly,Monthly,29.0,France,Organic Search
CNV_000344,USR_031020,SES_00012556,2026-02-27 21:45:25.965716,Starter_Monthly,Monthly,29.0,India,Product Hunt
CNV_000880,USR_024166,SES_00033671,2026-02-27 23:14:01.621193,Pro_Monthly,Monthly,79.0,United Kingdom,Organic Search
CNV_001780,USR_024422,SES_00066082,2026-02-28 00:49:14.809084,Starter_Monthly,Monthly,29.0,United Kingdom,Organic Search
CNV_001617,USR_014173,SES_00060614,2026-02-28 01:43:23.352701,Pro_Monthly,Monthly,79.0,United States,Referral
CNV_000992,USR_009188,SES_00037566,2026-02-28 01:56:03.139188,Starter_Monthly,Monthly,29.0,United States,Paid Social
CNV_001483,USR_020022,SES_00056045,2026-02-28 02:02:18.335047,Starter_Monthly,Monthly,29.0,United States,Paid Social
CNV_001636,USR_006928,SES_00061245,2026-02-28 02:30:45.380054,Pro_Annual,Annual,790.0,United States,Paid Social
CNV_001778,USR_031544,SES_00066017,2026-02-28 03:14:07.456450,Starter_Monthly,Monthly,29.0,Germany,Paid Social
CNV_000458,USR_009240,SES_00017040,2026-02-28 04:17:01.428123,Starter_Annual,Annual,290.0,United Kingdom,Paid Social
CNV_000716,USR_034356,SES_00026579,2026-02-28 04:46:57.582211,Pro_Monthly,Monthly,79.0,India,Email Campaign
CNV_000724,USR_029598,SES_00026874,2026-02-28 06:06:50.983308,Starter_Monthly,Monthly,29.0,United States,Paid Social
CNV_001030,USR_025705,SES_00038787,2026-02-28 06:14:17.350658,Pro_Monthly,Monthly,79.0,France,Organic Search
CNV_001133,USR_030997,SES_00042517,2026-02-28 06:29:59.125056,Starter_Monthly,Monthly,29.0,Australia,Organic Search
CNV_001343,USR_025557,SES_00050578,2026-02-28 06:47:24.504973,Starter_Annual,Annual,290.0,India,Organic Search
CNV_001055,USR_030361,SES_00039582,2026-02-28 06:48:31.494609,Pro_Monthly,Monthly,79.0,United Kingdom,Product Hunt
CNV_000687,USR_011848,SES_00025458,2026-02-28 06:59:34.594307,Pro_Monthly,Monthly,79.0,United Kingdom,Direct
CNV_000433,USR_024572,SES_00016095,2026-02-28 08:09:38.243514,Starter_Annual,Annual,290.0,France,Product Hunt
CNV_001602,USR_013293,SES_00060038,2026-02-28 08:39:37.174445,Pro_Annual,Annual,790.0,United Kingdom,Direct
CNV_000553,USR_022178,SES_00020698,2026-02-28 09:56:23.974082,Starter_Annual,Annual,290.0,United States,Organic Search
CNV_000013,USR_017639,SES_00000527,2026-02-28 10:14:11.834948,Pro_Annual,Annual,790.0,Germany,Product Hunt
CNV_001649,USR_032829,SES_00061606,2026-02-28 10:18:54.889482,Starter_Monthly,Monthly,29.0,United States,Email Campaign
CNV_000793,USR_011534,SES_00030037,2026-02-28 10:41:08.055111,Starter_Monthly,Monthly,29.0,France,Organic Search
CNV_001078,USR_034388,SES_00040315,2026-02-28 10:45:25.038773,Starter_Monthly,Monthly,29.0,France,Product Hunt
CNV_001117,USR_034446,SES_00041900,2026-02-28 10:55:30.549951,Starter_Monthly,Monthly,29.0,United States,Organic Search
CNV_001672,USR_000780,SES_00062313,2026-02-28 11:09:00.208574,Pro_Monthly,Monthly,79.0,Canada,Referral
CNV_001871,USR_012896,SES_00069248,2026-02-28 11:31:13.077353,Pro_Monthly,Monthly,79.0,India,Organic Search
CNV_001621,USR_018863,SES_00060740,2026-02-28 11:51:36.566939,Starter_Monthly,Monthly,29.0,Australia,Email Campaign
CNV_000658,USR_016590,SES_00024393,2026-02-28 13:24:50.931438,Pro_Monthly,Monthly,79.0,United States,Direct
CNV_000690,USR_020558,SES_00025648,2026-02-28 13:25:39.936766,Starter_Monthly,Monthly,29.0,France,Email Campaign
CNV_000888,USR_011262,SES_00033960,2026-02-28 14:56:43.426921,Pro_Monthly,Monthly,79.0,India,Organic Search
CNV_001679,USR_034936,SES_00062633,2026-02-28 16:04:37.510106,Pro_Monthly,Monthly,79.0,United States,Referral
CNV_001634,USR_024459,SES_00061150,2026-02-28 18:27:22.191879,Pro_Annual,Annual,790.0,Australia,Direct
CNV_001325,USR_016547,SES_00049796,2026-02-28 18:29:18.474014,Starter_Monthly,Monthly,29.0,United States,Paid Social
CNV_000303,USR_016294,SES_00010912,2026-02-28 19:23:13.186440,Pro_Monthly,Monthly,79.0,India,Paid Social
CNV_001810,USR_027597,SES_00067211,2026-02-28 20:01:21.712168,Pro_Monthly,Monthly,79.0,United States,Organic Search
CNV_000870,USR_018421,SES_00033286,2026-02-28 21:07:45.116965,Starter_Monthly,Monthly,29.0,France,Product Hunt
CNV_000076,USR_033251,SES_00002676,2026-02-28 22:25:20.575835,Starter_Monthly,Monthly,29.0,India,Paid Social
CNV_001447,USR_021107,SES_00054855,2026-02-28 22:36:30.197176,Pro_Annual,Annual,790.0,Canada,Referral
CNV_001454,USR_033645,SES_00055105,2026-03-01 00:52:11.545823,Starter_Monthly,Monthly,29.0,Germany,Paid Social
CNV_001237,USR_002149,SES_00046449,2026-03-01 01:00:10.737900,Pro_Monthly,Monthly,79.0,United Kingdom,Organic Search
CNV_000389,USR_023924,SES_00014488,2026-03-01 01:19:36.319824,Starter_Annual,Annual,290.0,France,Referral
CNV_000075,USR_021881,SES_00002656,2026-03-01 02:32:08.603873,Pro_Monthly,Monthly,79.0,Canada,Direct
CNV_001503,USR_022564,SES_00056784,2026-03-01 02:49:23.929388,Pro_Monthly,Monthly,79.0,United States,Organic Search
CNV_000404,USR_031561,SES_00015052,2026-03-01 03:04:46.383062,Starter_Monthly,Monthly,29.0,United States,Organic Search
CNV_000062,USR_011849,SES_00002299,2026-03-01 03:21:42.665158,Starter_Annual,Annual,290.0,France,Referral
CNV_000565,USR_034299,SES_00021022,2026-03-01 04:02:36.561513,Starter_Monthly,Monthly,29.0,United States,Referral
CNV_001420,USR_004377,SES_00053803,2026-03-01 04:24:35.789337,Starter_Monthly,Monthly,29.0,Germany,Direct
CNV_001717,USR_014618,SES_00063830,2026-03-01 04:50:03.757275,Starter_Monthly,Monthly,29.0,United States,Paid Social
CNV_000988,USR_008954,SES_00037462,2026-03-01 05:43:41.679231,Pro_Monthly,Monthly,79.0,United Kingdom,Referral
CNV_001288,USR_003351,SES_00048214,2026-03-01 06:08:22.515045,Starter_Monthly,Monthly,29.0,Canada,Organic Search
CNV_001577,USR_001662,SES_00059182,2026-03-01 06:23:20.715326,Starter_Monthly,Monthly,29.0,United States,Direct
CNV_001777,USR_017468,SES_00065990,2026-03-01 09:23:24.131584,Pro_Monthly,Monthly,79.0,United States,Paid Social
CNV_000521,USR_001845,SES_00019606,2026-03-01 09:35:39.498829,Pro_Monthly,Monthly,79.0,Germany,Email Campaign
CNV_000498,USR_004690,SES_00018606,2026-03-01 10:11:58.958578,Starter_Monthly,Monthly,29.0,United Kingdom,Direct
CNV_001657,USR_021555,SES_00061898,2026-03-01 10:57:23.409947,Pro_Annual,Annual,790.0,United Kingdom,Product Hunt
CNV_000849,USR_024731,SES_00032619,2026-03-01 10:57:50.811444,Starter_Monthly,Monthly,29.0,Germany,Referral
CNV_000485,USR_010471,SES_00018030,2026-03-01 11:06:13.438423,Pro_Annual,Annual,790.0,United Kingdom,Product Hunt
CNV_001572,USR_015959,SES_00059113,2026-03-01 12:23:16.997528,Starter_Monthly,Monthly,29.0,United States,Direct
CNV_001738,USR_021092,SES_00064484,2026-03-01 13:35:36.538484,Starter_Monthly,Monthly,29.0,France,Referral
CNV_000391,USR_033571,SES_00014610,2026-03-01 13:36:21.232215,Pro_Monthly,Monthly,79.0,United States,Organic Search
CNV_001266,USR_026520,SES_00047521,2026-03-01 14:20:10.703878,Pro_Monthly,Monthly,79.0,United States,Organic Search
CNV_000889,USR_010980,SES_00033975,2026-03-01 14:35:23.574828,Starter_Monthly,Monthly,29.0,Canada,Email Campaign
CNV_000448,USR_000004,SES_00016693,2026-03-01 15:28:49.024108,Starter_Monthly,Monthly,29.0,India,Organic Search
CNV_001093,USR_000079,SES_00040923,2026-03-01 15:29:16.691194,Starter_Monthly,Monthly,29.0,Canada,Email Campaign
CNV_001026,USR_033418,SES_00038577,2026-03-01 16:15:29.613989,Pro_Monthly,Monthly,79.0,United Kingdom,Organic Search
CNV_000537,USR_029644,SES_00020180,2026-03-01 18:14:26.298576,Starter_Monthly,Monthly,29.0,United Kingdom,Direct
CNV_001177,USR_019353,SES_00044082,2026-03-01 18:59:20.917519,Starter_Monthly,Monthly,29.0,Germany,Organic Search
CNV_001815,USR_009633,SES_00067385,2026-03-01 19:12:13.326401,Pro_Annual,Annual,790.0,United States,Direct
CNV_000653,USR_025744,SES_00024245,2026-03-01 19:36:25.850064,Starter_Annual,Annual,290.0,Germany,Paid Social
CNV_001892,USR_011611,SES_00069899,2026-03-01 21:58:54.332348,Pro_Annual,Annual,790.0,Canada,Paid Social
CNV_000609,USR_007953,SES_00022509,2026-03-01 23:22:21.235312,Starter_Monthly,Monthly,29.0,United Kingdom,Product Hunt
CNV_001294,USR_012882,SES_00048545,2026-03-01 23:31:00.301244,Pro_Monthly,Monthly,79.0,United Kingdom,Email Campaign
CNV_001670,USR_032886,SES_00062188,2026-03-02 02:01:01.597722,Starter_Annual,Annual,290.0,United States,Paid Social
CNV_001659,USR_017364,SES_00061936,2026-03-02 02:40:24.713354,Enterprise,Custom,1999.0,United Kingdom,Referral
CNV_000046,USR_026316,SES_00001682,2026-03-02 02:48:06.775482,Pro_Monthly,Monthly,79.0,Germany,Paid Social
CNV_001165,USR_004151,SES_00043630,2026-03-02 03:47:05.175207,Pro_Monthly,Monthly,79.0,India,Organic Search
CNV_001513,USR_025258,SES_00057130,2026-03-02 04:44:36.837557,Starter_Annual,Annual,290.0,United States,Paid Social
CNV_000496,USR_011506,SES_00018549,2026-03-02 05:06:20.338225,Pro_Monthly,Monthly,79.0,United Kingdom,Paid Social
CNV_000085,USR_010791,SES_00002965,2026-03-02 05:14:27.392438,Starter_Monthly,Monthly,29.0,United States,Organic Search
CNV_001715,USR_005541,SES_00063770,2026-03-02 08:50:24.135897,Starter_Monthly,Monthly,29.0,United States,Product Hunt
CNV_001820,USR_018051,SES_00067557,2026-03-02 09:19:49.875477,Pro_Monthly,Monthly,79.0,United Kingdom,Email Campaign
CNV_000301,USR_026235,SES_00010832,2026-03-02 10:22:35.955160,Pro_Monthly,Monthly,79.0,Germany,Organic Search
CNV_001585,USR_017380,SES_00059447,2026-03-02 11:15:38.356387,Pro_Monthly,Monthly,79.0,United States,Paid Social
CNV_000866,USR_016058,SES_00033129,2026-03-02 11:24:25.134413,Pro_Monthly,Monthly,79.0,United States,Product Hunt
CNV_000916,USR_022299,SES_00035122,2026-03-02 14:15:12.900738,Starter_Monthly,Monthly,29.0,United States,Email Campaign
CNV_001029,USR_014341,SES_00038752,2026-03-02 15:06:21.840546,Starter_Monthly,Monthly,29.0,United States,Direct
CNV_000858,USR_030179,SES_00032943,2026-03-02 15:53:12.513706,Pro_Monthly,Monthly,79.0,United States,Paid Social
CNV_001656,USR_011986,SES_00061795,2026-03-02 16:51:37.045521,Starter_Monthly,Monthly,29.0,Germany,Referral
CNV_001841,USR_007781,SES_00068146,2026-03-02 16:58:19.677450,Pro_Monthly,Monthly,79.0,India,Direct
CNV_001858,USR_020062,SES_00068744,2026-03-02 17:04:28.799293,Pro_Monthly,Monthly,79.0,India,Organic Search
CNV_000808,USR_007559,SES_00030978,2026-03-02 18:29:02.293016,Pro_Annual,Annual,790.0,Australia,Paid Social
CNV_001693,USR_000543,SES_00063085,2026-03-02 18:32:59.640109,Pro_Monthly,Monthly,79.0,United States,Paid Social
CNV_001031,USR_018989,SES_00038792,2026-03-02 18:37:32.535621,Starter_Monthly,Monthly,29.0,India,Paid Social
CNV_000568,USR_013135,SES_00021121,2026-03-02 18:37:58.634144,Starter_Annual,Annual,290.0,United States,Product Hunt
CNV_000176,USR_022187,SES_00006167,2026-03-02 18:45:49.579549,Pro_Monthly,Monthly,79.0,Canada,Paid Social
CNV_001654,USR_019532,SES_00061730,2026-03-02 18:54:12.916559,Pro_Monthly,Monthly,79.0,India,Direct
CNV_000938,USR_025101,SES_00035731,2026-03-02 20:08:59.779245,Pro_Monthly,Monthly,79.0,United Kingdom,Organic Search
CNV_000503,USR_032615,SES_00018739,2026-03-02 20:26:34.206803,Pro_Monthly,Monthly,79.0,United States,Organic Search
CNV_001097,USR_013915,SES_00041060,2026-03-02 21:13:53.240493,Starter_Monthly,Monthly,29.0,France,Direct
CNV_001515,USR_030832,SES_00057302,2026-03-02 21:17:30.707873,Pro_Monthly,Monthly,79.0,United States,Direct
CNV_000647,USR_004018,SES_00023966,2026-03-03 00:20:14.502181,Pro_Monthly,Monthly,79.0,United Kingdom,Organic Search
CNV_001414,USR_004336,SES_00053464,2026-03-03 00:35:13.350066,Starter_Monthly,Monthly,29.0,United States,Organic Search
CNV_000428,USR_008184,SES_00015928,2026-03-03 02:12:37.882670,Starter_Monthly,Monthly,29.0,Germany,Referral
CNV_000656,USR_029161,SES_00024323,2026-03-03 02:54:00.542303,Pro_Monthly,Monthly,79.0,United States,Referral
CNV_000859,USR_011838,SES_00032957,2026-03-03 04:15:12.816214,Pro_Monthly,Monthly,79.0,Germany,Direct
CNV_001435,USR_018919,SES_00054367,2026-03-03 04:38:17.297758,Starter_Annual,Annual,290.0,United Kingdom,Organic Search
CNV_001814,USR_013228,SES_00067368,2026-03-03 04:40:17.645461,Starter_Monthly,Monthly,29.0,United Kingdom,Product Hunt
CNV_001959,USR_030324,SES_00072237,2026-03-03 05:15:20.944104,Starter_Monthly,Monthly,29.0,India,Product Hunt
CNV_001332,USR_013170,SES_00050116,2026-03-03 07:50:38.239332,Starter_Monthly,Monthly,29.0,United States,Product Hunt
CNV_001576,USR_017955,SES_00059174,2026-03-03 08:04:40.765387,Starter_Monthly,Monthly,29.0,United States,Referral
CNV_000667,USR_011366,SES_00024864,2026-03-03 08:24:20.604054,Starter_Annual,Annual,290.0,India,Email Campaign
CNV_001184,USR_003638,SES_00044316,2026-03-03 08:24:45.588461,Pro_Monthly,Monthly,79.0,United States,Product Hunt
CNV_001198,USR_021325,SES_00044837,2026-03-03 10:49:48.728354,Starter_Annual,Annual,290.0,United States,Organic Search
CNV_000484,USR_011105,SES_00017978,2026-03-03 11:14:16.139304,Pro_Monthly,Monthly,79.0,India,Direct
CNV_001103,USR_018413,SES_00041395,2026-03-03 11:53:00.419594,Starter_Annual,Annual,290.0,United States,Organic Search
CNV_001864,USR_009137,SES_00069013,2026-03-03 12:05:02.918411,Pro_Annual,Annual,790.0,United States,Paid Social
CNV_001437,USR_017506,SES_00054431,2026-03-03 13:44:05.727930,Starter_Monthly,Monthly,29.0,United States,Paid Social
CNV_001857,USR_024907,SES_00068724,2026-03-03 14:06:22.051926,Pro_Monthly,Monthly,79.0,United Kingdom,Direct
CNV_001472,USR_031901,SES_00055741,2026-03-03 15:06:31.820513,Starter_Monthly,Monthly,29.0,France,Direct
CNV_000827,USR_008788,SES_00031716,2026-03-03 15:07:29.092844,Starter_Annual,Annual,290.0,United States,Referral
CNV_000295,USR_012892,SES_00010672,2026-03-03 15:53:31.413465,Starter_Monthly,Monthly,29.0,United States,Direct
CNV_001631,USR_024840,SES_00061088,2026-03-03 17:10:42.294088,Pro_Monthly,Monthly,79.0,France,Paid Social
CNV_000560,USR_018739,SES_00020875,2026-03-03 17:23:53.482572,Enterprise,Custom,1999.0,India,Direct
CNV_001102,USR_000200,SES_00041356,2026-03-03 18:41:47.293219,Starter_Annual,Annual,290.0,United Kingdom,Paid Social
CNV_000465,USR_033789,SES_00017314,2026-03-03 18:48:29.020459,Pro_Monthly,Monthly,79.0,United States,Direct
CNV_001591,USR_002510,SES_00059665,2026-03-03 19:19:21.754895,Starter_Monthly,Monthly,29.0,Canada,Organic Search
CNV_000464,USR_011494,SES_00017269,2026-03-03 20:13:37.414543,Pro_Annual,Annual,790.0,United States,Direct
CNV_001206,USR_032101,SES_00045193,2026-03-03 20:54:13.249333,Starter_Monthly,Monthly,29.0,United States,Direct
CNV_000815,USR_013674,SES_00031280,2026-03-03 21:56:08.790028,Pro_Annual,Annual,790.0,India,Organic Search
CNV_001686,USR_030203,SES_00062832,2026-03-03 21:58:36.670157,Starter_Monthly,Monthly,29.0,India,Direct
CNV_001844,USR_011813,SES_00068244,2026-03-03 22:17:39.983532,Pro_Monthly,Monthly,79.0,United States,Organic Search
CNV_000070,USR_020980,SES_00002524,2026-03-03 22:44:08.099032,Starter_Annual,Annual,290.0,India,Product Hunt
CNV_001885,USR_019875,SES_00069705,2026-03-03 23:16:34.427790,Starter_Monthly,Monthly,29.0,United Kingdom,Organic Search
CNV_000900,USR_026843,SES_00034491,2026-03-03 23:54:38.869332,Starter_Annual,Annual,290.0,United States,Paid Social
CNV_001851,USR_012558,SES_00068571,2026-03-04 00:00:24.654418,Pro_Monthly,Monthly,79.0,United States,Direct
CNV_001635,USR_032198,SES_00061186,2026-03-04 00:11:24.296079,Pro_Monthly,Monthly,79.0,United States,Paid Social
CNV_001894,USR_027982,SES_00069976,2026-03-04 01:45:10.039665,Pro_Monthly,Monthly,79.0,Canada,Paid Social
CNV_001886,USR_005638,SES_00069731,2026-03-04 02:01:36.646515,Enterprise,Custom,1999.0,United States,Direct
CNV_001277,USR_004367,SES_00047898,2026-03-04 03:22:54.558125,Starter_Monthly,Monthly,29.0,Germany,Direct
CNV_000641,USR_025538,SES_00023726,2026-03-04 04:30:27.131288,Starter_Monthly,Monthly,29.0,India,Product Hunt
CNV_000194,USR_031178,SES_00006656,2026-03-04 05:09:32.078240,Pro_Annual,Annual,790.0,United States,Organic Search
CNV_000671,USR_024001,SES_00024992,2026-03-04 05:13:04.140326,Starter_Annual,Annual,290.0,Australia,Paid Social
CNV_001083,USR_008260,SES_00040519,2026-03-04 06:26:47.407777,Starter_Monthly,Monthly,29.0,Germany,Paid Social
CNV_001961,USR_027289,SES_00072283,2026-03-04 07:40:43.065256,Starter_Monthly,Monthly,29.0,United States,Email Campaign
CNV_001826,USR_013850,SES_00067736,2026-03-04 08:25:40.731006,Pro_Monthly,Monthly,79.0,United Kingdom,Paid Social
CNV_000805,USR_006020,SES_00030836,2026-03-04 10:09:26.317766,Pro_Monthly,Monthly,79.0,United States,Paid Social
CNV_000895,USR_032596,SES_00034243,2026-03-04 11:47:49.350884,Pro_Monthly,Monthly,79.0,United Kingdom,Paid Social
CNV_001559,USR_015366,SES_00058779,2026-03-04 13:01:31.590252,Pro_Monthly,Monthly,79.0,Australia,Direct
CNV_001960,USR_029746,SES_00072267,2026-03-04 13:16:06.565563,Pro_Monthly,Monthly,79.0,United States,Product Hunt
CNV_002006,USR_025909,SES_00073668,2026-03-04 13:29:16.501718,Starter_Monthly,Monthly,29.0,Canada,Paid Social
CNV_000752,USR_034823,SES_00028121,2026-03-04 15:09:47.226526,Starter_Monthly,Monthly,29.0,India,Direct
CNV_001380,USR_016717,SES_00052339,2026-03-04 16:11:18.941435,Pro_Monthly,Monthly,79.0,United States,Organic Search
CNV_000618,USR_006656,SES_00022756,2026-03-04 16:24:10.327308,Starter_Monthly,Monthly,29.0,United States,Paid Social
CNV_001378,USR_025992,SES_00052283,2026-03-04 16:37:43.454648,Pro_Monthly,Monthly,79.0,Germany,Paid Social
CNV_000099,USR_008948,SES_00003409,2026-03-04 17:55:55.730723,Pro_Monthly,Monthly,79.0,Australia,Paid Social
CNV_000689,USR_007203,SES_00025624,2026-03-04 18:14:36.349872,Pro_Monthly,Monthly,79.0,Australia,Paid Social
CNV_001687,USR_020861,SES_00062849,2026-03-04 18:53:41.632067,Starter_Monthly,Monthly,29.0,Canada,Direct
CNV_001073,USR_034315,SES_00040171,2026-03-04 20:29:28.571949,Starter_Annual,Annual,290.0,United States,Organic Search
CNV_000523,USR_028675,SES_00019669,2026-03-04 20:52:28.297280,Starter_Monthly,Monthly,29.0,United States,Paid Social
CNV_000783,USR_018850,SES_00029619,2026-03-04 20:59:22.292288,Starter_Monthly,Monthly,29.0,United States,Organic Search
CNV_000603,USR_033816,SES_00022308,2026-03-04 21:03:06.953514,Starter_Annual,Annual,290.0,United States,Product Hunt
CNV_001685,USR_029376,SES_00062818,2026-03-04 21:08:23.713693,Starter_Monthly,Monthly,29.0,Canada,Organic Search
CNV_001759,USR_000563,SES_00065246,2026-03-04 21:33:02.387396,Starter_Annual,Annual,290.0,United States,Paid Social
CNV_001567,USR_034492,SES_00058994,2026-03-04 23:59:46.967697,Starter_Annual,Annual,290.0,United States,Paid Social
CNV_001032,USR_024501,SES_00038815,2026-03-05 00:58:24.142314,Starter_Annual,Annual,290.0,Canada,Organic Search
CNV_001665,USR_004207,SES_00062043,2026-03-05 01:04:33.540100,Enterprise,Custom,1999.0,Germany,Organic Search
CNV_001622,USR_028082,SES_00060831,2026-03-05 01:07:38.519911,Starter_Annual,Annual,290.0,United States,Paid Social
CNV_001822,USR_013808,SES_00067621,2026-03-05 01:16:36.437431,Starter_Monthly,Monthly,29.0,United States,Direct
CNV_000462,USR_020804,SES_00017160,2026-03-05 01:22:55.008631,Starter_Monthly,Monthly,29.0,United States,Organic Search
CNV_001501,USR_017573,SES_00056668,2026-03-05 01:31:28.767445,Starter_Monthly,Monthly,29.0,Canada,Organic Search
CNV_001540,USR_008841,SES_00058075,2026-03-05 02:38:01.719685,Starter_Monthly,Monthly,29.0,United Kingdom,Paid Social
CNV_001756,USR_006033,SES_00065166,2026-03-05 03:07:01.401558,Pro_Annual,Annual,790.0,Canada,Email Campaign
CNV_000920,USR_032808,SES_00035193,2026-03-05 03:07:10.257340,Starter_Monthly,Monthly,29.0,United States,Paid Social
CNV_001928,USR_016166,SES_00071290,2026-03-05 03:27:05.600435,Pro_Monthly,Monthly,79.0,India,Organic Search
CNV_001699,USR_002800,SES_00063267,2026-03-05 06:12:24.998987,Starter_Monthly,Monthly,29.0,Germany,Referral
CNV_000798,USR_011133,SES_00030408,2026-03-05 06:27:24.833150,Pro_Monthly,Monthly,79.0,United States,Paid Social
CNV_001196,USR_021670,SES_00044753,2026-03-05 06:29:25.665232,Starter_Annual,Annual,290.0,United States,Direct
CNV_000581,USR_024632,SES_00021653,2026-03-05 06:48:58.624141,Pro_Monthly,Monthly,79.0,United States,Referral
CNV_000497,USR_022990,SES_00018583,2026-03-05 07:13:02.541894,Pro_Monthly,Monthly,79.0,Canada,Organic Search
CNV_001443,USR_017339,SES_00054782,2026-03-05 07:44:11.078789,Pro_Monthly,Monthly,79.0,United States,Organic Search
CNV_000878,USR_015108,SES_00033618,2026-03-05 09:38:50.089316,Pro_Monthly,Monthly,79.0,United States,Email Campaign
CNV_001423,USR_001140,SES_00053880,2026-03-05 09:41:16.585618,Starter_Monthly,Monthly,29.0,Germany,Referral
CNV_001867,USR_034970,SES_00069123,2026-03-05 10:35:14.358127,Pro_Monthly,Monthly,79.0,United States,Referral
CNV_001250,USR_023137,SES_00046984,2026-03-05 10:54:26.480517,Pro_Monthly,Monthly,79.0,United States,Email Campaign
CNV_000532,USR_033382,SES_00019998,2026-03-05 13:44:28.058060,Pro_Monthly,Monthly,79.0,Australia,Paid Social
CNV_000019,USR_033971,SES_00000650,2026-03-05 13:57:25.598236,Enterprise,Custom,1999.0,Canada,Product Hunt
CNV_001326,USR_013699,SES_00049863,2026-03-05 15:32:12.638986,Pro_Monthly,Monthly,79.0,Germany,Paid Social
CNV_002056,USR_028567,SES_00075404,2026-03-05 17:42:27.252222,Pro_Annual,Annual,790.0,India,Paid Social
CNV_001377,USR_034716,SES_00052254,2026-03-05 17:58:09.934540,Starter_Monthly,Monthly,29.0,Germany,Paid Social
CNV_000330,USR_006565,SES_00012098,2026-03-05 17:58:59.898825,Starter_Annual,Annual,290.0,United Kingdom,Direct
CNV_001442,USR_017405,SES_00054717,2026-03-05 18:58:15.481041,Pro_Annual,Annual,790.0,United States,Paid Social
CNV_000702,USR_027688,SES_00026111,2026-03-05 20:25:19.090864,Starter_Monthly,Monthly,29.0,Germany,Organic Search
CNV_000158,USR_029727,SES_00005657,2026-03-05 20:54:16.254179,Starter_Monthly,Monthly,29.0,India,Direct
CNV_001071,USR_034607,SES_00040135,2026-03-05 21:05:53.183087,Starter_Monthly,Monthly,29.0,United Kingdom,Paid Social
CNV_001974,USR_000210,SES_00072864,2026-03-05 21:22:07.914170,Pro_Monthly,Monthly,79.0,United Kingdom,Organic Search
CNV_001487,USR_028096,SES_00056245,2026-03-06 01:54:50.165768,Starter_Monthly,Monthly,29.0,Canada,Organic Search
CNV_000499,USR_034693,SES_00018677,2026-03-06 02:29:05.823505,Starter_Monthly,Monthly,29.0,United States,Organic Search
CNV_001985,USR_009270,SES_00073112,2026-03-06 02:32:15.914876,Pro_Annual,Annual,790.0,United States,Referral
CNV_001930,USR_018881,SES_00071336,2026-03-06 03:43:01.076022,Starter_Monthly,Monthly,29.0,United States,Direct
CNV_000383,USR_004020,SES_00014189,2026-03-06 03:50:07.316463,Starter_Monthly,Monthly,29.0,United States,Direct
CNV_000932,USR_011583,SES_00035588,2026-03-06 04:55:59.376172,Starter_Monthly,Monthly,29.0,United Kingdom,Paid Social
CNV_001788,USR_033233,SES_00066323,2026-03-06 05:59:34.997579,Pro_Monthly,Monthly,79.0,United States,Organic Search
CNV_000460,USR_033113,SES_00017106,2026-03-06 06:04:49.762523,Pro_Monthly,Monthly,79.0,United States,Email Campaign
CNV_000105,USR_018601,SES_00003556,2026-03-06 06:42:05.110440,Pro_Annual,Annual,790.0,Australia,Product Hunt
CNV_001801,USR_033194,SES_00066908,2026-03-06 08:58:32.566224,Pro_Monthly,Monthly,79.0,United States,Paid Social
CNV_001065,USR_028200,SES_00039890,2026-03-06 09:54:28.923599,Pro_Monthly,Monthly,79.0,Germany,Paid Social
CNV_000328,USR_032825,SES_00011982,2026-03-06 10:15:07.886736,Starter_Monthly,Monthly,29.0,India,Referral
CNV_001499,USR_025629,SES_00056597,2026-03-06 11:20:54.520452,Starter_Monthly,Monthly,29.0,Germany,Direct
CNV_001335,USR_003056,SES_00050251,2026-03-06 12:04:50.542883,Pro_Annual,Annual,790.0,United States,Paid Social
CNV_001460,USR_031786,SES_00055362,2026-03-06 12:18:27.058271,Starter_Monthly,Monthly,29.0,United Kingdom,Paid Social
CNV_000681,USR_007216,SES_00025323,2026-03-06 12:19:29.355664,Starter_Annual,Annual,290.0,United Kingdom,Organic Search
CNV_000974,USR_005550,SES_00037018,2026-03-06 12:50:18.814530,Pro_Monthly,Monthly,79.0,India,Organic Search
CNV_001123,USR_009155,SES_00042126,2026-03-06 13:47:25.972985,Pro_Monthly,Monthly,79.0,India,Product Hunt
CNV_001569,USR_008483,SES_00059047,2026-03-06 15:22:03.386658,Enterprise,Custom,1999.0,United States,Product Hunt
CNV_000701,USR_026544,SES_00026103,2026-03-06 15:22:51.593101,Pro_Annual,Annual,790.0,Canada,Direct
CNV_000470,USR_028044,SES_00017495,2026-03-06 16:05:03.820852,Starter_Monthly,Monthly,29.0,United States,Direct
CNV_001725,USR_000088,SES_00064046,2026-03-06 17:14:42.796842,Starter_Annual,Annual,290.0,United States,Referral
CNV_000073,USR_008192,SES_00002610,2026-03-06 17:16:42.817233,Starter_Monthly,Monthly,29.0,United States,Paid Social
CNV_001616,USR_013435,SES_00060505,2026-03-06 17:29:37.994533,Starter_Annual,Annual,290.0,India,Email Campaign
CNV_001926,USR_000347,SES_00071252,2026-03-06 17:39:53.790007,Starter_Monthly,Monthly,29.0,France,Email Campaign
CNV_001529,USR_014504,SES_00057813,2026-03-06 18:12:02.894355,Enterprise,Custom,1999.0,United States,Product Hunt
CNV_001983,USR_010017,SES_00073089,2026-03-06 18:32:51.057054,Starter_Monthly,Monthly,29.0,United States,Organic Search
CNV_000890,USR_022336,SES_00034006,2026-03-06 19:31:27.162322,Starter_Annual,Annual,290.0,Australia,Paid Social
CNV_001309,USR_032873,SES_00049186,2026-03-06 23:16:39.014740,Starter_Annual,Annual,290.0,India,Email Campaign
CNV_001743,USR_005293,SES_00064651,2026-03-07 01:07:08.850490,Starter_Monthly,Monthly,29.0,United States,Direct
CNV_001763,USR_010815,SES_00065378,2026-03-07 01:15:26.837476,Pro_Monthly,Monthly,79.0,France,Direct
CNV_001344,USR_000216,SES_00050603,2026-03-07 01:18:40.694759,Starter_Monthly,Monthly,29.0,India,Direct
CNV_000167,USR_013670,SES_00005857,2026-03-07 03:25:58.397983,Starter_Monthly,Monthly,29.0,France,Referral
CNV_001925,USR_007702,SES_00071190,2026-03-07 04:42:15.971969,Starter_Annual,Annual,290.0,United Kingdom,Referral
CNV_000058,USR_006472,SES_00002155,2026-03-07 04:46:56.123198,Starter_Monthly,Monthly,29.0,India,Direct
CNV_001624,USR_003341,SES_00060879,2026-03-07 05:26:17.573213,Pro_Monthly,Monthly,79.0,United States,Referral
CNV_001351,USR_033997,SES_00050988,2026-03-07 05:29:22.031692,Starter_Annual,Annual,290.0,United Kingdom,Referral
CNV_001424,USR_005431,SES_00053909,2026-03-07 06:53:24.744541,Pro_Monthly,Monthly,79.0,France,Paid Social
CNV_000095,USR_010741,SES_00003230,2026-03-07 07:09:07.834779,Starter_Monthly,Monthly,29.0,Australia,Organic Search
CNV_000450,USR_017543,SES_00016757,2026-03-07 07:36:15.097101,Pro_Monthly,Monthly,79.0,United States,Referral
CNV_001807,USR_001873,SES_00067129,2026-03-07 08:14:57.645619,Starter_Monthly,Monthly,29.0,United States,Organic Search
CNV_001698,USR_010472,SES_00063242,2026-03-07 08:46:20.440940,Starter_Monthly,Monthly,29.0,United Kingdom,Paid Social
CNV_001210,USR_031733,SES_00045345,2026-03-07 10:12:40.232646,Pro_Annual,Annual,790.0,United States,Product Hunt
CNV_002068,USR_029620,SES_00075933,2026-03-07 11:39:19.491319,Starter_Monthly,Monthly,29.0,India,Paid Social
CNV_001828,USR_022378,SES_00067809,2026-03-07 12:08:31.854985,Starter_Monthly,Monthly,29.0,United States,Referral
CNV_001063,USR_012921,SES_00039807,2026-03-07 13:21:25.358288,Starter_Monthly,Monthly,29.0,India,Direct
CNV_000475,USR_031889,SES_00017694,2026-03-07 13:45:24.320261,Pro_Annual,Annual,790.0,United States,Direct
CNV_000923,USR_030303,SES_00035355,2026-03-07 15:02:53.617613,Starter_Monthly,Monthly,29.0,France,Organic Search
CNV_001949,USR_026004,SES_00071857,2026-03-07 15:04:00.147692,Starter_Monthly,Monthly,29.0,India,Paid Social
CNV_001167,USR_021349,SES_00043721,2026-03-07 18:00:23.378595,Enterprise,Custom,1999.0,United States,Direct
CNV_000535,USR_014086,SES_00020081,2026-03-07 19:19:24.154261,Starter_Monthly,Monthly,29.0,United States,Organic Search
CNV_001882,USR_034888,SES_00069560,2026-03-07 22:01:30.123213,Pro_Monthly,Monthly,79.0,United States,Email Campaign
CNV_002060,USR_025593,SES_00075559,2026-03-07 23:49:34.306467,Pro_Annual,Annual,790.0,United Kingdom,Referral
CNV_002105,USR_033544,SES_00077329,2026-03-08 01:21:24.538149,Starter_Annual,Annual,290.0,United States,Email Campaign
CNV_001239,USR_034724,SES_00046548,2026-03-08 03:00:14.685006,Starter_Monthly,Monthly,29.0,United States,Organic Search
CNV_000821,USR_000176,SES_00031502,2026-03-08 03:17:12.676383,Starter_Monthly,Monthly,29.0,United Kingdom,Direct
CNV_001937,USR_007296,SES_00071529,2026-03-08 03:24:40.696521,Starter_Monthly,Monthly,29.0,United States,Paid Social
CNV_000423,USR_022221,SES_00015695,2026-03-08 03:55:16.502127,Starter_Monthly,Monthly,29.0,United States,Organic Search
CNV_001186,USR_023513,SES_00044361,2026-03-08 05:48:47.851143,Starter_Monthly,Monthly,29.0,United States,Organic Search
CNV_001549,USR_029294,SES_00058325,2026-03-08 07:38:06.028462,Starter_Monthly,Monthly,29.0,Germany,Paid Social
CNV_001018,USR_026404,SES_00038323,2026-03-08 07:49:18.866560,Pro_Monthly,Monthly,79.0,United Kingdom,Organic Search
CNV_000619,USR_021347,SES_00022900,2026-03-08 09:15:07.960673,Pro_Monthly,Monthly,79.0,United States,Product Hunt
CNV_001027,USR_000638,SES_00038698,2026-03-08 09:32:06.111613,Starter_Annual,Annual,290.0,United Kingdom,Paid Social
CNV_001716,USR_034795,SES_00063797,2026-03-08 10:05:54.910050,Starter_Monthly,Monthly,29.0,United States,Paid Social
CNV_001697,USR_030984,SES_00063218,2026-03-08 10:52:15.927717,Starter_Monthly,Monthly,29.0,Germany,Organic Search
CNV_001204,USR_012277,SES_00045171,2026-03-08 13:14:07.882171,Starter_Monthly,Monthly,29.0,France,Paid Social
CNV_001587,USR_001068,SES_00059486,2026-03-08 15:04:45.491850,Starter_Monthly,Monthly,29.0,United States,Organic Search
CNV_001015,USR_022634,SES_00038242,2026-03-08 15:34:33.188871,Starter_Monthly,Monthly,29.0,United States,Paid Social
CNV_001367,USR_025202,SES_00051780,2026-03-08 16:32:58.131484,Pro_Monthly,Monthly,79.0,Australia,Email Campaign
CNV_002065,USR_022700,SES_00075728,2026-03-08 16:36:42.604715,Starter_Monthly,Monthly,29.0,India,Organic Search
CNV_001796,USR_003642,SES_00066755,2026-03-08 17:17:42.860890,Starter_Monthly,Monthly,29.0,United States,Product Hunt
CNV_000960,USR_020726,SES_00036413,2026-03-08 19:52:04.211054,Pro_Monthly,Monthly,79.0,United Kingdom,Paid Social
CNV_001150,USR_002013,SES_00043069,2026-03-08 20:03:22.870295,Starter_Monthly,Monthly,29.0,United States,Organic Search
CNV_001152,USR_032327,SES_00043203,2026-03-08 21:32:41.954013,Starter_Annual,Annual,290.0,Canada,Email Campaign
CNV_001300,USR_022585,SES_00048738,2026-03-08 21:54:34.494241,Pro_Monthly,Monthly,79.0,United States,Paid Social
CNV_000710,USR_013286,SES_00026349,2026-03-08 22:50:49.876535,Starter_Monthly,Monthly,29.0,United States,Direct
CNV_002003,USR_024438,SES_00073588,2026-03-08 23:04:29.964183,Starter_Monthly,Monthly,29.0,United States,Organic Search
CNV_001321,USR_031147,SES_00049651,2026-03-08 23:30:17.543773,Pro_Monthly,Monthly,79.0,United States,Product Hunt
CNV_000057,USR_033086,SES_00002054,2026-03-08 23:47:40.004896,Starter_Monthly,Monthly,29.0,Germany,Product Hunt
CNV_001327,USR_013588,SES_00049905,2026-03-09 00:50:00.217452,Starter_Monthly,Monthly,29.0,India,Paid Social
CNV_001532,USR_011759,SES_00057889,2026-03-09 00:57:23.550338,Starter_Monthly,Monthly,29.0,France,Organic Search
CNV_000933,USR_007197,SES_00035592,2026-03-09 02:45:42.075670,Starter_Monthly,Monthly,29.0,India,Referral
CNV_000996,USR_027972,SES_00037779,2026-03-09 02:49:42.125257,Starter_Monthly,Monthly,29.0,United States,Paid Social
CNV_000260,USR_015767,SES_00009197,2026-03-09 04:29:10.480979,Starter_Monthly,Monthly,29.0,United States,Direct
CNV_002058,USR_025336,SES_00075514,2026-03-09 05:31:50.590849,Starter_Monthly,Monthly,29.0,United States,Product Hunt
CNV_000792,USR_006694,SES_00029933,2026-03-09 06:08:55.685329,Starter_Monthly,Monthly,29.0,France,Referral
CNV_000621,USR_033349,SES_00023008,2026-03-09 07:06:35.763743,Starter_Monthly,Monthly,29.0,Australia,Direct
CNV_002113,USR_022627,SES_00077713,2026-03-09 08:55:56.417875,Starter_Monthly,Monthly,29.0,Canada,Direct
CNV_001889,USR_016805,SES_00069805,2026-03-09 10:04:15.720719,Pro_Monthly,Monthly,79.0,United Kingdom,Organic Search
CNV_002112,USR_006582,SES_00077663,2026-03-09 10:13:32.930316,Pro_Monthly,Monthly,79.0,United States,Referral
CNV_002050,USR_014929,SES_00075205,2026-03-09 10:35:46.280906,Pro_Monthly,Monthly,79.0,India,Product Hunt
CNV_000963,USR_014691,SES_00036544,2026-03-09 12:46:19.847669,Starter_Monthly,Monthly,29.0,United Kingdom,Organic Search
CNV_000631,USR_002637,SES_00023359,2026-03-09 14:39:48.875265,Starter_Monthly,Monthly,29.0,Canada,Email Campaign
CNV_000343,USR_002331,SES_00012436,2026-03-09 15:13:01.635878,Starter_Monthly,Monthly,29.0,United States,Organic Search
CNV_000552,USR_020747,SES_00020668,2026-03-09 16:32:26.962643,Pro_Monthly,Monthly,79.0,United States,Organic Search
CNV_001590,USR_021345,SES_00059629,2026-03-09 18:00:07.177361,Starter_Monthly,Monthly,29.0,Germany,Organic Search
CNV_001566,USR_026605,SES_00058988,2026-03-09 20:11:49.608723,Pro_Annual,Annual,790.0,United States,Email Campaign
CNV_000501,USR_003406,SES_00018715,2026-03-09 20:32:08.448826,Starter_Monthly,Monthly,29.0,Germany,Paid Social
CNV_000629,USR_031316,SES_00023235,2026-03-09 20:33:46.324351,Starter_Monthly,Monthly,29.0,United States,Paid Social
CNV_001469,USR_004694,SES_00055648,2026-03-09 21:38:20.465860,Starter_Monthly,Monthly,29.0,United Kingdom,Organic Search
CNV_001303,USR_017330,SES_00049008,2026-03-09 22:51:11.184949,Starter_Monthly,Monthly,29.0,India,Paid Social
CNV_000918,USR_021908,SES_00035155,2026-03-09 23:43:24.161051,Pro_Monthly,Monthly,79.0,Germany,Organic Search
CNV_001749,USR_008223,SES_00064859,2026-03-10 00:03:14.423007,Starter_Annual,Annual,290.0,Germany,Direct
CNV_001887,USR_017056,SES_00069763,2026-03-10 00:31:04.368576,Pro_Monthly,Monthly,79.0,United States,Direct
CNV_000416,USR_022155,SES_00015485,2026-03-10 00:48:03.250388,Starter_Monthly,Monthly,29.0,United States,Organic Search
CNV_000371,USR_033294,SES_00013768,2026-03-10 02:02:39.798500,Starter_Monthly,Monthly,29.0,United States,Organic Search
CNV_001388,USR_011295,SES_00052677,2026-03-10 02:40:48.726302,Starter_Monthly,Monthly,29.0,United States,Email Campaign
CNV_001888,USR_005154,SES_00069777,2026-03-10 02:46:09.991517,Starter_Monthly,Monthly,29.0,Germany,Product Hunt
CNV_002107,USR_028729,SES_00077417,2026-03-10 06:26:45.122436,Pro_Monthly,Monthly,79.0,United States,Organic Search
CNV_001875,USR_028712,SES_00069349,2026-03-10 08:52:44.666604,Pro_Monthly,Monthly,79.0,United Kingdom,Paid Social
CNV_000956,USR_008492,SES_00036257,2026-03-10 09:21:23.341914,Pro_Monthly,Monthly,79.0,United States,Organic Search
CNV_000230,USR_028823,SES_00008053,2026-03-10 11:01:48.087681,Pro_Monthly,Monthly,79.0,United States,Paid Social
CNV_000106,USR_002281,SES_00003583,2026-03-10 11:15:44.904457,Pro_Monthly,Monthly,79.0,Germany,Paid Social
CNV_001969,USR_020434,SES_00072680,2026-03-10 11:44:38.102913,Starter_Monthly,Monthly,29.0,Australia,Paid Social
CNV_000863,USR_017833,SES_00033050,2026-03-10 12:03:15.995866,Starter_Monthly,Monthly,29.0,United States,Organic Search
CNV_000952,USR_026125,SES_00036164,2026-03-10 12:27:24.111716,Pro_Monthly,Monthly,79.0,Canada,Referral
CNV_000492,USR_020115,SES_00018388,2026-03-10 13:51:36.007006,Starter_Monthly,Monthly,29.0,Canada,Referral
CNV_001876,USR_014039,SES_00069375,2026-03-10 14:16:29.863542,Starter_Monthly,Monthly,29.0,Australia,Paid Social
CNV_002102,USR_008520,SES_00077234,2026-03-10 16:43:14.570169,Starter_Monthly,Monthly,29.0,France,Referral
CNV_000760,USR_009250,SES_00028563,2026-03-10 17:09:23.422026,Starter_Monthly,Monthly,29.0,Canada,Paid Social
CNV_000600,USR_007278,SES_00022195,2026-03-10 17:45:25.696040,Pro_Monthly,Monthly,79.0,United Kingdom,Direct
CNV_001187,USR_033392,SES_00044390,2026-03-10 18:17:53.341049,Pro_Monthly,Monthly,79.0,United States,Direct
CNV_000608,USR_013460,SES_00022495,2026-03-10 18:23:53.724195,Pro_Monthly,Monthly,79.0,United States,Organic Search
CNV_001273,USR_014177,SES_00047769,2026-03-10 18:44:09.716382,Pro_Monthly,Monthly,79.0,United States,Direct
CNV_000213,USR_027127,SES_00007506,2026-03-10 18:59:40.487708,Starter_Monthly,Monthly,29.0,United States,Paid Social
CNV_001272,USR_011818,SES_00047733,2026-03-10 19:01:24.427187,Pro_Monthly,Monthly,79.0,United States,Paid Social
CNV_000283,USR_017587,SES_00010246,2026-03-10 19:14:36.059380,Starter_Monthly,Monthly,29.0,United States,Organic Search
CNV_002127,USR_028391,SES_00078338,2026-03-10 19:40:51.218393,Starter_Monthly,Monthly,29.0,United States,Paid Social
CNV_001506,USR_021480,SES_00056870,2026-03-10 20:03:04.901065,Pro_Monthly,Monthly,79.0,Canada,Email Campaign
CNV_001526,USR_021810,SES_00057718,2026-03-10 20:50:47.486706,Pro_Monthly,Monthly,79.0,United Kingdom,Paid Social
CNV_002091,USR_023775,SES_00076893,2026-03-10 20:58:14.744645,Starter_Monthly,Monthly,29.0,United Kingdom,Direct
CNV_000444,USR_010166,SES_00016489,2026-03-10 21:06:59.030190,Starter_Monthly,Monthly,29.0,Canada,Paid Social
CNV_002167,USR_000290,SES_00079854,2026-03-10 21:34:18.177715,Starter_Monthly,Monthly,29.0,United States,Email Campaign
CNV_000214,USR_034176,SES_00007559,2026-03-10 22:46:46.380756,Starter_Monthly,Monthly,29.0,United States,Organic Search
CNV_000135,USR_031162,SES_00004759,2026-03-11 01:19:11.049901,Pro_Monthly,Monthly,79.0,United Kingdom,Paid Social
CNV_001767,USR_029580,SES_00065443,2026-03-11 03:16:27.995137,Pro_Monthly,Monthly,79.0,United States,Paid Social
CNV_001702,USR_034994,SES_00063397,2026-03-11 04:16:31.019833,Pro_Monthly,Monthly,79.0,United States,Referral
CNV_001251,USR_021984,SES_00047005,2026-03-11 04:31:15.043951,Starter_Monthly,Monthly,29.0,United Kingdom,Email Campaign
CNV_001599,USR_012530,SES_00059956,2026-03-11 04:57:48.124107,Starter_Monthly,Monthly,29.0,United States,Email Campaign
CNV_000509,USR_026075,SES_00019153,2026-03-11 07:00:40.538972,Starter_Monthly,Monthly,29.0,Germany,Paid Social
CNV_001921,USR_002811,SES_00071038,2026-03-11 10:15:42.528272,Starter_Monthly,Monthly,29.0,United Kingdom,Referral
CNV_002046,USR_009640,SES_00075018,2026-03-11 11:13:12.036370,Starter_Annual,Annual,290.0,India,Direct
CNV_002054,USR_031045,SES_00075356,2026-03-11 11:17:21.647268,Pro_Monthly,Monthly,79.0,Canada,Referral
CNV_002179,USR_025290,SES_00080348,2026-03-11 11:38:59.302597,Pro_Annual,Annual,790.0,United States,Direct
CNV_002012,USR_031924,SES_00073900,2026-03-11 11:55:07.271773,Starter_Annual,Annual,290.0,Germany,Email Campaign
CNV_000061,USR_030276,SES_00002271,2026-03-11 12:12:12.245316,Starter_Monthly,Monthly,29.0,Germany,Organic Search
CNV_002034,USR_006989,SES_00074576,2026-03-11 12:24:32.864083,Starter_Annual,Annual,290.0,Germany,Referral
CNV_000360,USR_027321,SES_00013252,2026-03-11 12:25:29.084894,Starter_Monthly,Monthly,29.0,United States,Organic Search
CNV_000548,USR_005385,SES_00020564,2026-03-11 12:58:23.406899,Pro_Monthly,Monthly,79.0,United Kingdom,Product Hunt
CNV_001902,USR_031115,SES_00070231,2026-03-11 13:02:52.538388,Starter_Monthly,Monthly,29.0,Germany,Direct
CNV_001431,USR_020081,SES_00054206,2026-03-11 14:07:52.559599,Starter_Monthly,Monthly,29.0,France,Email Campaign
CNV_001215,USR_010375,SES_00045499,2026-03-11 14:14:30.731315,Starter_Monthly,Monthly,29.0,Canada,Organic Search
CNV_001118,USR_015319,SES_00041949,2026-03-11 14:17:14.604284,Starter_Monthly,Monthly,29.0,United States,Referral
CNV_002013,USR_005605,SES_00073919,2026-03-11 14:33:38.653528,Pro_Monthly,Monthly,79.0,France,Paid Social
CNV_002144,USR_020831,SES_00079049,2026-03-11 14:55:52.020219,Pro_Monthly,Monthly,79.0,Germany,Organic Search
CNV_002137,USR_003006,SES_00078786,2026-03-11 15:00:05.067752,Starter_Monthly,Monthly,29.0,United Kingdom,Referral
CNV_002008,USR_000135,SES_00073793,2026-03-11 15:17:41.909954,Starter_Monthly,Monthly,29.0,United States,Paid Social
CNV_001720,USR_024930,SES_00063949,2026-03-11 17:12:33.976981,Starter_Monthly,Monthly,29.0,United States,Organic Search
CNV_001252,USR_031003,SES_00047016,2026-03-11 17:41:05.915968,Starter_Monthly,Monthly,29.0,Australia,Direct
CNV_000493,USR_029747,SES_00018465,2026-03-11 18:45:52.622858,Pro_Monthly,Monthly,79.0,United Kingdom,Product Hunt
CNV_001830,USR_022542,SES_00067865,2026-03-11 19:18:10.713732,Pro_Monthly,Monthly,79.0,United States,Paid Social
CNV_001434,USR_005009,SES_00054294,2026-03-11 20:30:10.473964,Starter_Monthly,Monthly,29.0,Australia,Paid Social
CNV_000837,USR_016575,SES_00032128,2026-03-11 20:33:50.006049,Starter_Annual,Annual,290.0,India,Paid Social
CNV_000789,USR_022171,SES_00029832,2026-03-11 20:36:08.185589,Starter_Annual,Annual,290.0,Germany,Email Campaign
CNV_001958,USR_013841,SES_00072195,2026-03-11 22:11:47.576093,Pro_Monthly,Monthly,79.0,United States,Organic Search
CNV_001644,USR_000565,SES_00061461,2026-03-11 22:22:54.601314,Starter_Annual,Annual,290.0,United States,Referral
CNV_001939,USR_006149,SES_00071579,2026-03-11 22:36:58.212013,Starter_Monthly,Monthly,29.0,United States,Direct
CNV_001641,USR_013479,SES_00061404,2026-03-12 00:27:18.910937,Starter_Monthly,Monthly,29.0,Germany,Product Hunt
CNV_002208,USR_007871,SES_00081321,2026-03-12 00:36:21.549483,Pro_Monthly,Monthly,79.0,United States,Paid Social
CNV_000766,USR_033188,SES_00028767,2026-03-12 01:39:32.814622,Starter_Monthly,Monthly,29.0,France,Direct
CNV_001978,USR_015782,SES_00072966,2026-03-12 02:08:09.418723,Pro_Monthly,Monthly,79.0,Canada,Paid Social
CNV_001004,USR_001418,SES_00038011,2026-03-12 04:29:11.391359,Pro_Monthly,Monthly,79.0,Germany,Paid Social
CNV_001505,USR_011042,SES_00056839,2026-03-12 05:01:52.485874,Starter_Annual,Annual,290.0,Canada,Direct
CNV_001574,USR_004578,SES_00059152,2026-03-12 07:33:19.451184,Starter_Monthly,Monthly,29.0,United States,Organic Search
CNV_001375,USR_016060,SES_00052122,2026-03-12 08:37:38.905132,Pro_Monthly,Monthly,79.0,United Kingdom,Referral
CNV_000118,USR_032214,SES_00004105,2026-03-12 09:01:19.611645,Starter_Monthly,Monthly,29.0,United Kingdom,Organic Search
CNV_001883,USR_018888,SES_00069664,2026-03-12 09:12:24.990329,Pro_Monthly,Monthly,79.0,United States,Product Hunt
CNV_000973,USR_032448,SES_00036966,2026-03-12 09:24:53.996152,Starter_Monthly,Monthly,29.0,United States,Organic Search
CNV_002010,USR_005972,SES_00073854,2026-03-12 10:14:02.248823,Pro_Monthly,Monthly,79.0,United States,Paid Social
CNV_000773,USR_033657,SES_00029053,2026-03-12 10:27:09.110778,Pro_Monthly,Monthly,79.0,Germany,Product Hunt
CNV_001923,USR_024442,SES_00071077,2026-03-12 10:43:41.280121,Starter_Monthly,Monthly,29.0,United Kingdom,Organic Search
CNV_002197,USR_023478,SES_00081040,2026-03-12 11:55:16.706147,Starter_Monthly,Monthly,29.0,France,Direct
CNV_001076,USR_000164,SES_00040244,2026-03-12 12:30:40.588906,Pro_Monthly,Monthly,79.0,United States,Organic Search
CNV_001514,USR_004358,SES_00057176,2026-03-12 14:11:12.063279,Starter_Monthly,Monthly,29.0,France,Direct
CNV_000334,USR_012545,SES_00012175,2026-03-12 14:28:44.766000,Pro_Monthly,Monthly,79.0,United Kingdom,Paid Social
CNV_001799,USR_004771,SES_00066865,2026-03-12 14:41:55.124941,Starter_Monthly,Monthly,29.0,United Kingdom,Organic Search
CNV_001138,USR_014338,SES_00042750,2026-03-12 15:19:32.150040,Starter_Monthly,Monthly,29.0,United States,Direct
CNV_002231,USR_029684,SES_00082088,2026-03-12 15:31:31.663559,Starter_Annual,Annual,290.0,United States,Organic Search
CNV_001558,USR_020664,SES_00058747,2026-03-12 16:15:10.736831,Pro_Monthly,Monthly,79.0,United States,Referral
CNV_001411,USR_005453,SES_00053369,2026-03-12 16:19:36.329747,Starter_Monthly,Monthly,29.0,United States,Organic Search
CNV_000502,USR_001556,SES_00018727,2026-03-12 16:24:51.090265,Starter_Annual,Annual,290.0,Canada,Product Hunt
CNV_001744,USR_021242,SES_00064730,2026-03-12 17:35:48.996266,Pro_Monthly,Monthly,79.0,United States,Direct
CNV_001613,USR_021616,SES_00060459,2026-03-12 18:30:12.607879,Starter_Monthly,Monthly,29.0,India,Product Hunt
CNV_000312,USR_005198,SES_00011398,2026-03-12 19:00:17.333820,Starter_Monthly,Monthly,29.0,United Kingdom,Paid Social
CNV_001998,USR_004474,SES_00073474,2026-03-12 19:20:01.173033,Starter_Monthly,Monthly,29.0,Germany,Paid Social
CNV_001372,USR_001136,SES_00051977,2026-03-12 19:25:14.416400,Starter_Monthly,Monthly,29.0,France,Product Hunt
CNV_001439,USR_007434,SES_00054568,2026-03-12 20:12:27.559591,Starter_Monthly,Monthly,29.0,Australia,Organic Search
CNV_000908,USR_011025,SES_00034872,2026-03-12 20:41:09.070307,Pro_Monthly,Monthly,79.0,United States,Organic Search
CNV_000947,USR_027313,SES_00035964,2026-03-12 21:13:17.907170,Pro_Annual,Annual,790.0,Australia,Paid Social
CNV_001932,USR_023923,SES_00071387,2026-03-12 22:41:17.144487,Starter_Monthly,Monthly,29.0,United States,Product Hunt
CNV_001046,USR_032884,SES_00039358,2026-03-12 22:48:08.358746,Starter_Monthly,Monthly,29.0,United Kingdom,Product Hunt
CNV_001880,USR_014372,SES_00069512,2026-03-12 22:52:23.552132,Starter_Monthly,Monthly,29.0,United States,Product Hunt
CNV_002267,USR_018596,SES_00083507,2026-03-12 23:14:52.390804,Starter_Monthly,Monthly,29.0,United Kingdom,Direct
CNV_002198,USR_015606,SES_00081070,2026-03-12 23:42:48.945150,Pro_Monthly,Monthly,79.0,United Kingdom,Referral
CNV_001668,USR_009854,SES_00062121,2026-03-13 00:03:09.732712,Pro_Monthly,Monthly,79.0,United States,Product Hunt
CNV_000770,USR_014409,SES_00028926,2026-03-13 00:08:00.861870,Pro_Monthly,Monthly,79.0,France,Email Campaign
CNV_001879,USR_034275,SES_00069480,2026-03-13 00:29:58.262202,Pro_Monthly,Monthly,79.0,United States,Paid Social
CNV_001675,USR_030463,SES_00062423,2026-03-13 00:45:09.302709,Pro_Monthly,Monthly,79.0,United States,Direct
CNV_001650,USR_029286,SES_00061658,2026-03-13 01:35:22.721244,Starter_Monthly,Monthly,29.0,United States,Product Hunt
CNV_002226,USR_017607,SES_00081932,2026-03-13 01:57:55.758465,Starter_Annual,Annual,290.0,Canada,Product Hunt
CNV_001779,USR_020573,SES_00066045,2026-03-13 02:00:41.661423,Pro_Annual,Annual,790.0,United States,Direct
CNV_000514,USR_022863,SES_00019372,2026-03-13 03:12:27.821768,Pro_Monthly,Monthly,79.0,United States,Paid Social
CNV_001694,USR_010204,SES_00063107,2026-03-13 03:35:47.505207,Starter_Monthly,Monthly,29.0,United States,Referral
CNV_001533,USR_015123,SES_00057935,2026-03-13 03:51:05.570912,Enterprise,Custom,1999.0,Germany,Product Hunt
CNV_002002,USR_010988,SES_00073582,2026-03-13 06:17:23.121875,Pro_Annual,Annual,790.0,India,Referral
CNV_002023,USR_034219,SES_00074236,2026-03-13 06:44:44.996004,Pro_Monthly,Monthly,79.0,India,Direct
CNV_001944,USR_020787,SES_00071721,2026-03-13 07:06:24.505605,Starter_Monthly,Monthly,29.0,United Kingdom,Email Campaign
CNV_001874,USR_032780,SES_00069327,2026-03-13 07:55:03.220297,Starter_Monthly,Monthly,29.0,United States,Direct
CNV_002203,USR_027049,SES_00081234,2026-03-13 08:25:40.054947,Pro_Monthly,Monthly,79.0,Canada,Paid Social
CNV_000004,USR_002753,SES_00000097,2026-03-13 09:30:47.684214,Starter_Monthly,Monthly,29.0,India,Organic Search
CNV_001852,USR_021354,SES_00068603,2026-03-13 09:55:29.878554,Pro_Annual,Annual,790.0,United States,Organic Search
CNV_002242,USR_027913,SES_00082571,2026-03-13 10:07:16.690201,Pro_Monthly,Monthly,79.0,United Kingdom,Organic Search
CNV_001999,USR_034658,SES_00073495,2026-03-13 11:21:15.128481,Pro_Monthly,Monthly,79.0,United States,Product Hunt
CNV_001555,USR_007301,SES_00058662,2026-03-13 11:52:58.210033,Starter_Monthly,Monthly,29.0,United Kingdom,Organic Search
CNV_001837,USR_033706,SES_00068065,2026-03-13 12:24:42.627469,Starter_Monthly,Monthly,29.0,United States,Paid Social
CNV_001751,USR_032789,SES_00064956,2026-03-13 13:55:59.362147,Enterprise,Custom,1999.0,Canada,Paid Social
CNV_001760,USR_016009,SES_00065274,2026-03-13 13:56:49.150695,Starter_Monthly,Monthly,29.0,India,Product Hunt
CNV_001060,USR_011192,SES_00039716,2026-03-13 13:59:05.720851,Pro_Annual,Annual,790.0,United Kingdom,Referral
CNV_000666,USR_016128,SES_00024812,2026-03-13 14:06:40.821751,Pro_Monthly,Monthly,79.0,United States,Product Hunt
CNV_001528,USR_002955,SES_00057788,2026-03-13 14:09:29.129796,Starter_Monthly,Monthly,29.0,Canada,Paid Social
CNV_001497,USR_012719,SES_00056536,2026-03-13 14:14:07.593267,Starter_Monthly,Monthly,29.0,France,Organic Search
CNV_001245,USR_018524,SES_00046772,2026-03-13 14:31:28.102876,Starter_Monthly,Monthly,29.0,France,Referral
CNV_000613,USR_000890,SES_00022657,2026-03-13 15:20:24.420526,Starter_Monthly,Monthly,29.0,United States,Product Hunt
CNV_000857,USR_007529,SES_00032905,2026-03-13 17:06:40.045661,Pro_Annual,Annual,790.0,United States,Organic Search
CNV_000016,USR_022010,SES_00000597,2026-03-13 17:07:24.792589,Enterprise,Custom,1999.0,Canada,Paid Social
CNV_000922,USR_024681,SES_00035326,2026-03-13 17:11:05.557375,Pro_Monthly,Monthly,79.0,United States,Direct
CNV_001428,USR_016588,SES_00054013,2026-03-13 18:15:35.384261,Starter_Monthly,Monthly,29.0,United States,Direct
CNV_001836,USR_027166,SES_00068048,2026-03-13 18:38:33.466023,Starter_Monthly,Monthly,29.0,United States,Email Campaign
CNV_001827,USR_017200,SES_00067801,2026-03-13 19:43:47.329627,Starter_Annual,Annual,290.0,United States,Direct
CNV_001935,USR_023604,SES_00071474,2026-03-13 20:32:45.401744,Starter_Monthly,Monthly,29.0,United Kingdom,Paid Social
CNV_000912,USR_007171,SES_00035039,2026-03-13 21:22:39.968312,Pro_Monthly,Monthly,79.0,United States,Referral
CNV_000722,USR_008321,SES_00026752,2026-03-13 23:56:22.970063,Starter_Monthly,Monthly,29.0,United States,Paid Social
CNV_001551,USR_001027,SES_00058566,2026-03-14 01:24:46.249738,Pro_Monthly,Monthly,79.0,United States,Paid Social
CNV_001193,USR_008875,SES_00044620,2026-03-14 04:23:04.878000,Enterprise,Custom,1999.0,United States,Organic Search
CNV_001597,USR_023108,SES_00059857,2026-03-14 06:02:03.315270,Starter_Monthly,Monthly,29.0,United Kingdom,Direct
CNV_002260,USR_000203,SES_00083246,2026-03-14 08:09:28.976637,Pro_Monthly,Monthly,79.0,United Kingdom,Paid Social
CNV_001468,USR_025842,SES_00055622,2026-03-14 08:14:47.896875,Pro_Monthly,Monthly,79.0,Australia,Organic Search
CNV_001610,USR_033105,SES_00060349,2026-03-14 08:22:07.227969,Starter_Annual,Annual,290.0,United Kingdom,Paid Social
CNV_000128,USR_026241,SES_00004527,2026-03-14 09:17:41.416055,Pro_Monthly,Monthly,79.0,United States,Paid Social
CNV_001174,USR_007969,SES_00043954,2026-03-14 09:27:24.373449,Starter_Monthly,Monthly,29.0,United States,Paid Social
CNV_000740,USR_023509,SES_00027419,2026-03-14 10:41:33.059710,Pro_Monthly,Monthly,79.0,United States,Paid Social
CNV_001500,USR_007493,SES_00056615,2026-03-14 11:57:16.652825,Starter_Monthly,Monthly,29.0,United States,Product Hunt
CNV_000935,USR_026780,SES_00035650,2026-03-14 12:50:02.684675,Starter_Monthly,Monthly,29.0,India,Paid Social
CNV_000410,USR_008876,SES_00015212,2026-03-14 13:10:59.405607,Starter_Monthly,Monthly,29.0,United States,Paid Social
CNV_002121,USR_001210,SES_00077999,2026-03-14 13:29:53.948875,Starter_Annual,Annual,290.0,United States,Organic Search
CNV_001214,USR_022921,SES_00045483,2026-03-14 14:01:15.862795,Starter_Annual,Annual,290.0,India,Direct
CNV_000735,USR_033008,SES_00027314,2026-03-14 17:01:41.072011,Enterprise,Custom,1999.0,United States,Paid Social
CNV_002075,USR_021142,SES_00076379,2026-03-14 17:43:53.952971,Starter_Monthly,Monthly,29.0,Canada,Email Campaign
CNV_002316,USR_027808,SES_00085267,2026-03-14 18:37:03.694612,Pro_Monthly,Monthly,79.0,Germany,Organic Search
CNV_002288,USR_001920,SES_00084346,2026-03-14 18:59:06.500110,Pro_Monthly,Monthly,79.0,Germany,Paid Social
CNV_002123,USR_031156,SES_00078103,2026-03-14 19:20:49.813986,Starter_Annual,Annual,290.0,Canada,Paid Social
CNV_001074,USR_010334,SES_00040182,2026-03-14 19:48:07.898287,Starter_Monthly,Monthly,29.0,Australia,Direct
CNV_000615,USR_029396,SES_00022686,2026-03-14 23:54:37.791446,Pro_Monthly,Monthly,79.0,Germany,Direct
CNV_001860,USR_013066,SES_00068818,2026-03-15 01:06:16.888534,Pro_Monthly,Monthly,79.0,United States,Direct
CNV_000247,USR_013361,SES_00008654,2026-03-15 01:35:54.535867,Starter_Annual,Annual,290.0,Canada,Direct
CNV_001682,USR_015817,SES_00062719,2026-03-15 03:12:21.854714,Pro_Monthly,Monthly,79.0,Canada,Organic Search
CNV_001611,USR_019260,SES_00060394,2026-03-15 03:52:38.343664,Starter_Annual,Annual,290.0,United States,Paid Social
CNV_000366,USR_030075,SES_00013419,2026-03-15 03:58:01.882973,Starter_Monthly,Monthly,29.0,United Kingdom,Email Campaign
CNV_002001,USR_028386,SES_00073555,2026-03-15 05:38:31.012701,Starter_Monthly,Monthly,29.0,India,Paid Social
CNV_002211,USR_002680,SES_00081417,2026-03-15 06:46:01.737871,Starter_Monthly,Monthly,29.0,United States,Organic Search
CNV_001320,USR_015120,SES_00049586,2026-03-15 07:28:10.358585,Starter_Monthly,Monthly,29.0,Germany,Organic Search
CNV_001517,USR_031902,SES_00057371,2026-03-15 07:59:23.293610,Pro_Monthly,Monthly,79.0,United Kingdom,Organic Search
CNV_001284,USR_004429,SES_00048105,2026-03-15 08:48:10.825676,Starter_Monthly,Monthly,29.0,United States,Email Campaign
CNV_001119,USR_019765,SES_00041974,2026-03-15 09:04:01.970830,Pro_Monthly,Monthly,79.0,United Kingdom,Direct
CNV_001479,USR_016501,SES_00055930,2026-03-15 11:02:50.307628,Pro_Monthly,Monthly,79.0,United States,Organic Search
CNV_001467,USR_022732,SES_00055579,2026-03-15 11:15:52.478952,Enterprise,Custom,1999.0,United Kingdom,Paid Social
CNV_001984,USR_021273,SES_00073103,2026-03-15 11:22:00.548445,Starter_Monthly,Monthly,29.0,United States,Direct
CNV_001722,USR_022240,SES_00064012,2026-03-15 12:11:25.589194,Pro_Monthly,Monthly,79.0,United States,Product Hunt
CNV_001742,USR_021829,SES_00064641,2026-03-15 12:16:26.378589,Starter_Monthly,Monthly,29.0,United States,Organic Search
CNV_001829,USR_024108,SES_00067838,2026-03-15 14:24:26.264094,Starter_Monthly,Monthly,29.0,Germany,Paid Social
CNV_002334,USR_016541,SES_00085818,2026-03-15 14:50:25.312477,Pro_Monthly,Monthly,79.0,United States,Organic Search
CNV_000034,USR_000349,SES_00001200,2026-03-15 16:23:45.668398,Starter_Monthly,Monthly,29.0,Australia,Direct
CNV_001493,USR_031205,SES_00056411,2026-03-15 16:55:08.867621,Pro_Monthly,Monthly,79.0,United States,Referral
CNV_001941,USR_024335,SES_00071648,2026-03-15 18:06:28.464275,Pro_Monthly,Monthly,79.0,United States,Direct
CNV_001438,USR_025996,SES_00054534,2026-03-15 18:50:51.085559,Pro_Monthly,Monthly,79.0,Canada,Email Campaign
CNV_001804,USR_030876,SES_00067052,2026-03-15 23:19:17.279621,Starter_Monthly,Monthly,29.0,United States,Organic Search
CNV_000926,USR_014249,SES_00035479,2026-03-15 23:23:43.761653,Starter_Monthly,Monthly,29.0,Canada,Referral
CNV_002109,USR_010617,SES_00077576,2026-03-15 23:28:37.161051,Starter_Monthly,Monthly,29.0,Germany,Organic Search
CNV_001492,USR_020240,SES_00056373,2026-03-15 23:56:21.460637,Starter_Monthly,Monthly,29.0,Canada,Referral
CNV_001929,USR_033642,SES_00071307,2026-03-16 00:07:10.241566,Enterprise,Custom,1999.0,France,Email Campaign
CNV_002201,USR_020261,SES_00081173,2026-03-16 00:19:16.800010,Starter_Monthly,Monthly,29.0,India,Paid Social
CNV_002093,USR_000523,SES_00076963,2026-03-16 00:43:59.688498,Starter_Monthly,Monthly,29.0,Canada,Paid Social
CNV_002284,USR_028358,SES_00084225,2026-03-16 01:37:14.203867,Starter_Monthly,Monthly,29.0,United States,Paid Social
CNV_000352,USR_006446,SES_00013013,2026-03-16 03:02:02.622186,Starter_Annual,Annual,290.0,France,Referral
CNV_001236,USR_022743,SES_00046439,2026-03-16 03:46:04.560047,Starter_Monthly,Monthly,29.0,India,Product Hunt
CNV_002256,USR_033374,SES_00083016,2026-03-16 04:03:47.605822,Enterprise,Custom,1999.0,United States,Organic Search
CNV_002073,USR_024403,SES_00076279,2026-03-16 04:50:16.208088,Starter_Monthly,Monthly,29.0,Germany,Organic Search
CNV_000638,USR_002876,SES_00023640,2026-03-16 05:20:27.997557,Starter_Monthly,Monthly,29.0,United States,Product Hunt
CNV_001226,USR_007204,SES_00045914,2026-03-16 05:55:05.296124,Starter_Annual,Annual,290.0,Canada,Organic Search
CNV_001113,USR_029403,SES_00041731,2026-03-16 06:24:06.807624,Pro_Annual,Annual,790.0,United Kingdom,Paid Social
CNV_002072,USR_009025,SES_00076239,2026-03-16 07:19:48.699221,Pro_Monthly,Monthly,79.0,Canada,Paid Social
CNV_001044,USR_023770,SES_00039299,2026-03-16 08:17:23.559086,Starter_Monthly,Monthly,29.0,United States,Direct
CNV_002259,USR_012083,SES_00083179,2026-03-16 08:56:22.334845,Starter_Monthly,Monthly,29.0,France,Organic Search
CNV_001276,USR_030416,SES_00047838,2026-03-16 10:19:20.410390,Pro_Annual,Annual,790.0,India,Direct
CNV_001268,USR_027457,SES_00047585,2026-03-16 11:12:28.465290,Pro_Annual,Annual,790.0,United States,Product Hunt
CNV_001633,USR_013295,SES_00061137,2026-03-16 11:31:35.663074,Enterprise,Custom,1999.0,United States,Direct
CNV_000564,USR_015635,SES_00021012,2026-03-16 11:35:24.385595,Enterprise,Custom,1999.0,United States,Direct
CNV_000965,USR_003910,SES_00036689,2026-03-16 12:23:56.672470,Enterprise,Custom,1999.0,Germany,Organic Search
CNV_001007,USR_028508,SES_00038096,2026-03-16 12:43:37.424013,Starter_Monthly,Monthly,29.0,United States,Organic Search
CNV_001615,USR_024671,SES_00060488,2026-03-16 15:21:20.135824,Starter_Monthly,Monthly,29.0,Germany,Direct
CNV_001956,USR_013901,SES_00072124,2026-03-16 15:21:44.593534,Starter_Monthly,Monthly,29.0,United Kingdom,Organic Search
CNV_001955,USR_014139,SES_00072079,2026-03-16 15:35:12.888616,Pro_Monthly,Monthly,79.0,United States,Paid Social
CNV_001900,USR_002596,SES_00070204,2026-03-16 16:26:29.173313,Pro_Monthly,Monthly,79.0,United Kingdom,Direct
CNV_000807,USR_005864,SES_00030899,2026-03-16 18:09:45.020527,Pro_Monthly,Monthly,79.0,Australia,Organic Search
CNV_002090,USR_002001,SES_00076863,2026-03-16 18:56:09.667279,Pro_Monthly,Monthly,79.0,India,Paid Social
CNV_002098,USR_018098,SES_00077160,2026-03-16 19:09:08.632224,Starter_Annual,Annual,290.0,United States,Direct
CNV_001036,USR_015556,SES_00038992,2026-03-16 19:18:53.505329,Starter_Monthly,Monthly,29.0,United States,Direct
CNV_002370,USR_015681,SES_00087182,2026-03-16 19:49:39.494549,Pro_Monthly,Monthly,79.0,Canada,Organic Search
CNV_002138,USR_017420,SES_00078853,2026-03-16 21:58:55.087938,Starter_Annual,Annual,290.0,United States,Direct
CNV_001663,USR_011752,SES_00062018,2026-03-16 22:59:38.813820,Starter_Monthly,Monthly,29.0,United States,Paid Social
CNV_001531,USR_019467,SES_00057875,2026-03-17 00:51:18.212817,Pro_Monthly,Monthly,79.0,Germany,Paid Social
CNV_002026,USR_014433,SES_00074321,2026-03-17 01:30:16.486945,Pro_Monthly,Monthly,79.0,Australia,Organic Search
CNV_001415,USR_033701,SES_00053499,2026-03-17 02:07:56.710362,Starter_Monthly,Monthly,29.0,United States,Organic Search
CNV_000554,USR_022004,SES_00020714,2026-03-17 03:53:33.921372,Starter_Monthly,Monthly,29.0,Germany,Paid Social
CNV_001342,USR_019695,SES_00050570,2026-03-17 04:27:50.302190,Starter_Monthly,Monthly,29.0,United Kingdom,Organic Search
CNV_001733,USR_006522,SES_00064328,2026-03-17 05:21:17.737127,Pro_Monthly,Monthly,79.0,Australia,Paid Social
CNV_001079,USR_024804,SES_00040407,2026-03-17 05:23:30.983702,Starter_Annual,Annual,290.0,India,Direct
CNV_001338,USR_003799,SES_00050361,2026-03-17 07:13:40.298664,Pro_Annual,Annual,790.0,United States,Organic Search
CNV_002243,USR_030711,SES_00082583,2026-03-17 07:13:49.128994,Pro_Monthly,Monthly,79.0,France,Organic Search
CNV_000311,USR_011582,SES_00011382,2026-03-17 07:28:00.662465,Starter_Monthly,Monthly,29.0,United States,Referral
CNV_001913,USR_013830,SES_00070728,2026-03-17 08:46:08.223464,Pro_Monthly,Monthly,79.0,Germany,Organic Search
CNV_002361,USR_010261,SES_00086861,2026-03-17 08:49:00.677290,Starter_Annual,Annual,290.0,United States,Direct
CNV_001703,USR_029497,SES_00063428,2026-03-17 09:42:04.765681,Starter_Monthly,Monthly,29.0,United States,Paid Social
CNV_001708,USR_000275,SES_00063496,2026-03-17 10:44:48.654932,Pro_Monthly,Monthly,79.0,United States,Product Hunt
CNV_002346,USR_029015,SES_00086219,2026-03-17 11:51:17.236162,Starter_Monthly,Monthly,29.0,India,Direct
CNV_001449,USR_004529,SES_00054939,2026-03-17 12:21:18.325944,Starter_Annual,Annual,290.0,United States,Organic Search
CNV_000342,USR_031211,SES_00012422,2026-03-17 13:23:11.628266,Starter_Monthly,Monthly,29.0,Australia,Product Hunt
CNV_001915,USR_018650,SES_00070783,2026-03-17 13:34:18.441957,Pro_Monthly,Monthly,79.0,United States,Paid Social
CNV_001671,USR_004862,SES_00062223,2026-03-17 14:04:22.476758,Pro_Monthly,Monthly,79.0,United States,Organic Search
CNV_001901,USR_024294,SES_00070211,2026-03-17 14:54:46.874751,Starter_Monthly,Monthly,29.0,France,Referral
CNV_001589,USR_023494,SES_00059545,2026-03-17 15:13:01.462493,Starter_Annual,Annual,290.0,United States,Paid Social
CNV_000090,USR_007330,SES_00003125,2026-03-17 15:19:44.692532,Pro_Monthly,Monthly,79.0,United States,Direct
CNV_001832,USR_028614,SES_00067930,2026-03-17 16:40:01.238933,Pro_Annual,Annual,790.0,Germany,Paid Social
CNV_001731,USR_000052,SES_00064256,2026-03-17 17:17:48.284028,Pro_Monthly,Monthly,79.0,United States,Direct
CNV_001257,USR_010884,SES_00047248,2026-03-17 17:36:25.391379,Pro_Monthly,Monthly,79.0,France,Organic Search
CNV_000322,USR_000677,SES_00011768,2026-03-17 18:28:21.684529,Pro_Monthly,Monthly,79.0,Australia,Referral
CNV_001905,USR_004972,SES_00070425,2026-03-17 20:36:38.554948,Pro_Monthly,Monthly,79.0,United Kingdom,Organic Search
CNV_000704,USR_033809,SES_00026159,2026-03-17 20:50:08.296813,Starter_Monthly,Monthly,29.0,Australia,Email Campaign
CNV_001471,USR_027134,SES_00055702,2026-03-17 21:07:25.972506,Starter_Monthly,Monthly,29.0,Germany,Referral
CNV_001064,USR_013538,SES_00039850,2026-03-17 21:23:58.162077,Pro_Annual,Annual,790.0,Canada,Paid Social
CNV_002350,USR_028057,SES_00086462,2026-03-17 21:32:44.850912,Starter_Annual,Annual,290.0,United Kingdom,Paid Social
CNV_001124,USR_028993,SES_00042169,2026-03-17 21:56:48.264320,Starter_Monthly,Monthly,29.0,United States,Paid Social
CNV_000668,USR_027373,SES_00024910,2026-03-17 22:15:19.755811,Starter_Monthly,Monthly,29.0,United States,Organic Search
CNV_001518,USR_031841,SES_00057400,2026-03-17 23:50:17.389283,Starter_Monthly,Monthly,29.0,Canada,Organic Search
CNV_002303,USR_010444,SES_00084960,2026-03-17 23:52:20.437681,Pro_Annual,Annual,790.0,France,Paid Social
CNV_000314,USR_011484,SES_00011439,2026-03-18 00:40:41.760993,Pro_Annual,Annual,790.0,United States,Organic Search
CNV_001730,USR_009348,SES_00064230,2026-03-18 01:01:59.805723,Starter_Monthly,Monthly,29.0,United States,Organic Search
CNV_001409,USR_003517,SES_00053320,2026-03-18 01:49:38.887972,Pro_Monthly,Monthly,79.0,United States,Direct
CNV_001704,USR_031491,SES_00063446,2026-03-18 03:09:50.055846,Starter_Annual,Annual,290.0,Canada,Product Hunt
CNV_002240,USR_031649,SES_00082390,2026-03-18 03:14:23.378370,Pro_Monthly,Monthly,79.0,Canada,Organic Search
CNV_001169,USR_031366,SES_00043813,2026-03-18 04:39:14.619460,Starter_Monthly,Monthly,29.0,Canada,Direct
CNV_000353,USR_007012,SES_00013063,2026-03-18 06:39:04.281790,Starter_Monthly,Monthly,29.0,United Kingdom,Paid Social
CNV_000574,USR_009464,SES_00021336,2026-03-18 06:42:34.658380,Starter_Monthly,Monthly,29.0,United States,Direct
CNV_000673,USR_008137,SES_00025063,2026-03-18 07:44:52.104389,Pro_Monthly,Monthly,79.0,United Kingdom,Email Campaign
CNV_000809,USR_025436,SES_00031056,2026-03-18 08:04:33.466583,Pro_Monthly,Monthly,79.0,India,Paid Social
CNV_002314,USR_013354,SES_00085227,2026-03-18 08:57:14.705992,Pro_Annual,Annual,790.0,Germany,Paid Social
CNV_001158,USR_000354,SES_00043331,2026-03-18 10:08:23.512434,Starter_Annual,Annual,290.0,United States,Organic Search
CNV_001626,USR_020033,SES_00060933,2026-03-18 14:47:11.934295,Pro_Monthly,Monthly,79.0,Australia,Referral
CNV_002157,USR_019717,SES_00079463,2026-03-18 15:06:10.024709,Pro_Monthly,Monthly,79.0,United States,Referral
CNV_000307,USR_013426,SES_00011204,2026-03-18 15:21:11.420261,Starter_Monthly,Monthly,29.0,United States,Paid Social
CNV_000452,USR_016201,SES_00016813,2026-03-18 15:35:11.046858,Starter_Monthly,Monthly,29.0,United States,Organic Search
CNV_002076,USR_029438,SES_00076392,2026-03-18 15:35:46.521166,Pro_Monthly,Monthly,79.0,Germany,Organic Search
CNV_000841,USR_019502,SES_00032268,2026-03-18 16:18:45.209811,Starter_Monthly,Monthly,29.0,United States,Paid Social
CNV_001971,USR_027792,SES_00072716,2026-03-18 17:09:29.940437,Starter_Annual,Annual,290.0,India,Paid Social
CNV_001683,USR_028833,SES_00062768,2026-03-18 18:58:01.818069,Pro_Monthly,Monthly,79.0,Germany,Email Campaign
CNV_002114,USR_018168,SES_00077742,2026-03-18 19:47:22.483069,Starter_Monthly,Monthly,29.0,United Kingdom,Direct
CNV_001653,USR_009468,SES_00061694,2026-03-18 20:56:54.475041,Pro_Monthly,Monthly,79.0,Germany,Direct
CNV_000569,USR_007683,SES_00021205,2026-03-18 21:51:17.163904,Starter_Monthly,Monthly,29.0,United States,Organic Search
CNV_001285,USR_018862,SES_00048148,2026-03-18 22:03:02.119849,Starter_Monthly,Monthly,29.0,United States,Email Campaign
CNV_001283,USR_018804,SES_00048100,2026-03-18 22:43:50.896098,Starter_Annual,Annual,290.0,United States,Referral
CNV_001231,USR_026371,SES_00046132,2026-03-18 22:44:17.405271,Pro_Monthly,Monthly,79.0,United States,Organic Search
CNV_001783,USR_012438,SES_00066192,2026-03-18 23:53:04.145600,Starter_Monthly,Monthly,29.0,Canada,Paid Social
CNV_001868,USR_031014,SES_00069146,2026-03-18 23:54:27.092647,Starter_Monthly,Monthly,29.0,United States,Organic Search
CNV_000323,USR_023367,SES_00011820,2026-03-18 23:58:53.075137,Starter_Monthly,Monthly,29.0,India,Referral
CNV_001726,USR_015382,SES_00064079,2026-03-19 01:48:04.698866,Starter_Monthly,Monthly,29.0,Germany,Email Campaign
CNV_002237,USR_007564,SES_00082328,2026-03-19 01:53:07.177468,Pro_Monthly,Monthly,79.0,Germany,Direct
CNV_000929,USR_007329,SES_00035538,2026-03-19 01:58:48.718747,Starter_Monthly,Monthly,29.0,United States,Organic Search
CNV_002084,USR_005931,SES_00076595,2026-03-19 02:03:12.146820,Pro_Monthly,Monthly,79.0,Germany,Referral
CNV_002415,USR_020153,SES_00088868,2026-03-19 03:23:24.281990,Starter_Monthly,Monthly,29.0,Australia,Direct
CNV_002476,USR_008114,SES_00091106,2026-03-19 04:06:58.506932,Starter_Monthly,Monthly,29.0,India,Organic Search
CNV_001816,USR_018765,SES_00067397,2026-03-19 04:12:23.878948,Starter_Monthly,Monthly,29.0,United States,Organic Search
CNV_001498,USR_027847,SES_00056567,2026-03-19 04:32:34.312587,Pro_Annual,Annual,790.0,United States,Email Campaign
CNV_001845,USR_030111,SES_00068265,2026-03-19 05:50:57.709519,Pro_Monthly,Monthly,79.0,United States,Referral
CNV_001475,USR_015641,SES_00055814,2026-03-19 05:54:42.089897,Starter_Monthly,Monthly,29.0,United States,Organic Search
CNV_001798,USR_034616,SES_00066813,2026-03-19 05:59:49.674726,Starter_Monthly,Monthly,29.0,United States,Organic Search
CNV_002279,USR_026201,SES_00084041,2026-03-19 06:36:04.257396,Pro_Monthly,Monthly,79.0,United Kingdom,Referral
CNV_000633,USR_023749,SES_00023412,2026-03-19 07:49:23.555084,Starter_Monthly,Monthly,29.0,United Kingdom,Organic Search
CNV_002431,USR_000613,SES_00089349,2026-03-19 09:04:10.935631,Pro_Monthly,Monthly,79.0,United States,Organic Search
CNV_000989,USR_022782,SES_00037489,2026-03-19 09:46:38.269252,Starter_Monthly,Monthly,29.0,United States,Organic Search
CNV_002140,USR_014096,SES_00078909,2026-03-19 10:12:32.287533,Pro_Monthly,Monthly,79.0,United Kingdom,Paid Social
CNV_000943,USR_031082,SES_00035840,2026-03-19 10:35:32.429459,Pro_Monthly,Monthly,79.0,United Kingdom,Direct
CNV_001040,USR_030370,SES_00039168,2026-03-19 12:54:16.906584,Pro_Monthly,Monthly,79.0,Germany,Direct
CNV_002119,USR_025688,SES_00077920,2026-03-19 13:34:01.021344,Starter_Annual,Annual,290.0,Germany,Direct
CNV_001800,USR_009607,SES_00066877,2026-03-19 14:32:24.809750,Pro_Annual,Annual,790.0,Germany,Organic Search
CNV_001755,USR_012285,SES_00065149,2026-03-19 16:03:41.891413,Enterprise,Custom,1999.0,United Kingdom,Email Campaign
CNV_000968,USR_001604,SES_00036750,2026-03-19 16:43:11.825858,Starter_Monthly,Monthly,29.0,United States,Product Hunt
CNV_001968,USR_022541,SES_00072611,2026-03-19 18:22:04.676685,Pro_Monthly,Monthly,79.0,Canada,Paid Social
CNV_000434,USR_019098,SES_00016107,2026-03-19 19:12:31.554758,Starter_Monthly,Monthly,29.0,United Kingdom,Organic Search
CNV_002164,USR_015277,SES_00079717,2026-03-19 19:43:05.331369,Starter_Annual,Annual,290.0,United States,Email Campaign
CNV_000728,USR_004085,SES_00027028,2026-03-19 22:30:27.788996,Pro_Monthly,Monthly,79.0,United States,Paid Social
CNV_002032,USR_028844,SES_00074559,2026-03-19 23:00:10.335528,Pro_Monthly,Monthly,79.0,United States,Paid Social
CNV_002360,USR_033880,SES_00086851,2026-03-20 02:01:08.380456,Starter_Monthly,Monthly,29.0,India,Paid Social
CNV_001213,USR_012548,SES_00045461,2026-03-20 02:17:19.243780,Pro_Monthly,Monthly,79.0,United States,Product Hunt
CNV_002348,USR_026786,SES_00086366,2026-03-20 02:18:19.987087,Pro_Monthly,Monthly,79.0,Germany,Organic Search
CNV_001490,USR_004727,SES_00056318,2026-03-20 02:54:13.124108,Pro_Monthly,Monthly,79.0,United States,Organic Search
CNV_002301,USR_002337,SES_00084839,2026-03-20 03:21:13.877862,Starter_Monthly,Monthly,29.0,United States,Direct
CNV_001696,USR_017141,SES_00063214,2026-03-20 03:21:45.564583,Starter_Monthly,Monthly,29.0,United Kingdom,Paid Social
CNV_001536,USR_033157,SES_00058013,2026-03-20 03:38:53.758404,Starter_Monthly,Monthly,29.0,Canada,Organic Search
CNV_001194,USR_027021,SES_00044654,2026-03-20 04:57:37.553482,Starter_Monthly,Monthly,29.0,United States,Email Campaign
CNV_000336,USR_015262,SES_00012209,2026-03-20 05:51:38.305910,Starter_Annual,Annual,290.0,United States,Paid Social
CNV_002474,USR_030329,SES_00090945,2026-03-20 07:10:09.096072,Pro_Monthly,Monthly,79.0,United States,Paid Social
CNV_001766,USR_000954,SES_00065424,2026-03-20 07:53:56.716282,Starter_Monthly,Monthly,29.0,Germany,Paid Social
CNV_002392,USR_018502,SES_00087961,2026-03-20 08:23:02.758588,Pro_Monthly,Monthly,79.0,United States,Product Hunt
CNV_002149,USR_023324,SES_00079183,2026-03-20 09:27:31.462513,Starter_Monthly,Monthly,29.0,United States,Direct
CNV_001952,USR_003865,SES_00071960,2026-03-20 10:36:30.410094,Starter_Monthly,Monthly,29.0,India,Direct
CNV_002511,USR_023729,SES_00092446,2026-03-20 11:38:17.983398,Starter_Monthly,Monthly,29.0,United States,Direct
CNV_000843,USR_005183,SES_00032356,2026-03-20 11:39:44.842392,Pro_Monthly,Monthly,79.0,United States,Product Hunt
CNV_000730,USR_014635,SES_00027064,2026-03-20 12:29:22.648718,Starter_Monthly,Monthly,29.0,United States,Product Hunt
CNV_002289,USR_023320,SES_00084390,2026-03-20 12:49:06.491917,Starter_Monthly,Monthly,29.0,United Kingdom,Paid Social
CNV_000127,USR_016647,SES_00004442,2026-03-20 12:56:34.462655,Starter_Monthly,Monthly,29.0,France,Organic Search
CNV_001217,USR_023426,SES_00045554,2026-03-20 14:03:59.870841,Starter_Monthly,Monthly,29.0,United States,Direct
CNV_001249,USR_032408,SES_00046962,2026-03-20 15:52:04.466855,Pro_Monthly,Monthly,79.0,France,Product Hunt
CNV_000187,USR_026834,SES_00006462,2026-03-20 17:05:33.125858,Starter_Monthly,Monthly,29.0,United States,Direct
CNV_000771,USR_014761,SES_00028973,2026-03-20 17:28:59.660209,Pro_Monthly,Monthly,79.0,Canada,Direct
CNV_001188,USR_022742,SES_00044409,2026-03-20 18:13:33.554607,Starter_Annual,Annual,290.0,United States,Organic Search
CNV_002413,USR_029699,SES_00088825,2026-03-20 18:59:09.070441,Starter_Monthly,Monthly,29.0,United States,Paid Social
CNV_002131,USR_030289,SES_00078512,2026-03-20 20:04:37.394873,Pro_Monthly,Monthly,79.0,United States,Referral
CNV_000421,USR_025140,SES_00015649,2026-03-20 21:02:44.323751,Starter_Monthly,Monthly,29.0,United States,Paid Social
CNV_002173,USR_004215,SES_00080060,2026-03-20 22:47:40.999708,Pro_Monthly,Monthly,79.0,Canada,Direct
CNV_000976,USR_021769,SES_00037041,2026-03-20 23:52:58.096456,Starter_Annual,Annual,290.0,United States,Direct
CNV_002174,USR_023290,SES_00080087,2026-03-20 23:55:17.305775,Starter_Monthly,Monthly,29.0,United Kingdom,Organic Search
CNV_001667,USR_026042,SES_00062095,2026-03-21 00:22:25.950647,Starter_Annual,Annual,290.0,India,Direct
CNV_002527,USR_015592,SES_00093075,2026-03-21 00:58:03.669880,Pro_Monthly,Monthly,79.0,Germany,Organic Search
CNV_000846,USR_002135,SES_00032414,2026-03-21 01:21:38.919745,Pro_Annual,Annual,790.0,United States,Referral
CNV_001584,USR_015403,SES_00059401,2026-03-21 02:47:38.639796,Starter_Monthly,Monthly,29.0,United States,Paid Social
CNV_002061,USR_024680,SES_00075579,2026-03-21 03:22:33.534083,Starter_Monthly,Monthly,29.0,United Kingdom,Paid Social
CNV_002235,USR_017457,SES_00082223,2026-03-21 04:28:15.378432,Starter_Monthly,Monthly,29.0,France,Paid Social
CNV_002490,USR_016865,SES_00091528,2026-03-21 04:53:46.577438,Pro_Annual,Annual,790.0,Germany,Direct
CNV_001494,USR_016586,SES_00056428,2026-03-21 06:07:13.098056,Starter_Monthly,Monthly,29.0,United States,Organic Search
CNV_002151,USR_025546,SES_00079302,2026-03-21 06:33:50.326892,Starter_Monthly,Monthly,29.0,United Kingdom,Paid Social
CNV_001771,USR_004962,SES_00065674,2026-03-21 06:53:30.262186,Starter_Monthly,Monthly,29.0,United Kingdom,Organic Search
CNV_002028,USR_028940,SES_00074415,2026-03-21 07:35:18.063313,Starter_Monthly,Monthly,29.0,United Kingdom,Product Hunt
CNV_001161,USR_004546,SES_00043465,2026-03-21 08:19:29.988969,Pro_Annual,Annual,790.0,United States,Email Campaign
CNV_000799,USR_031971,SES_00030449,2026-03-21 08:58:57.199413,Pro_Monthly,Monthly,79.0,United States,Organic Search
CNV_002106,USR_032368,SES_00077396,2026-03-21 09:17:26.404348,Pro_Monthly,Monthly,79.0,United States,Organic Search
CNV_002354,USR_032209,SES_00086633,2026-03-21 10:33:07.309099,Starter_Annual,Annual,290.0,United States,Paid Social
CNV_001639,USR_013214,SES_00061334,2026-03-21 10:44:40.886538,Starter_Annual,Annual,290.0,Germany,Referral
CNV_001843,USR_019583,SES_00068238,2026-03-21 10:47:49.928301,Starter_Annual,Annual,290.0,United States,Direct
CNV_002394,USR_028071,SES_00088015,2026-03-21 11:05:14.469361,Pro_Monthly,Monthly,79.0,United Kingdom,Referral
CNV_000071,USR_004449,SES_00002542,2026-03-21 11:39:24.216673,Starter_Monthly,Monthly,29.0,India,Organic Search
CNV_001855,USR_000590,SES_00068668,2026-03-21 11:54:49.772722,Pro_Monthly,Monthly,79.0,Australia,Direct
CNV_002005,USR_014248,SES_00073655,2026-03-21 12:04:40.545507,Pro_Annual,Annual,790.0,India,Organic Search
CNV_002402,USR_019281,SES_00088329,2026-03-21 12:10:11.817159,Starter_Monthly,Monthly,29.0,United States,Referral
CNV_001899,USR_027659,SES_00070188,2026-03-21 13:51:27.182335,Starter_Monthly,Monthly,29.0,United States,Organic Search
CNV_001371,USR_021259,SES_00051921,2026-03-21 13:53:41.935452,Starter_Monthly,Monthly,29.0,United States,Paid Social
CNV_001732,USR_023043,SES_00064296,2026-03-21 13:59:49.285347,Starter_Monthly,Monthly,29.0,India,Product Hunt
CNV_002126,USR_029819,SES_00078304,2026-03-21 14:17:08.151206,Starter_Annual,Annual,290.0,Australia,Direct
CNV_001628,USR_005602,SES_00060965,2026-03-21 15:17:38.864301,Starter_Monthly,Monthly,29.0,India,Paid Social
CNV_002193,USR_028002,SES_00080907,2026-03-21 16:19:22.733553,Starter_Annual,Annual,290.0,United Kingdom,Organic Search
CNV_000561,USR_024291,SES_00020916,2026-03-21 16:23:13.650158,Pro_Monthly,Monthly,79.0,United Kingdom,Direct
CNV_002485,USR_017888,SES_00091320,2026-03-21 17:43:47.762318,Starter_Annual,Annual,290.0,Germany,Organic Search
CNV_000363,USR_024918,SES_00013321,2026-03-21 18:06:32.111025,Pro_Monthly,Monthly,79.0,Germany,Organic Search
CNV_002025,USR_013332,SES_00074305,2026-03-21 19:30:06.886616,Starter_Monthly,Monthly,29.0,United States,Organic Search
CNV_001444,USR_030278,SES_00054805,2026-03-21 19:38:40.629562,Starter_Monthly,Monthly,29.0,Canada,Organic Search
CNV_000518,USR_014383,SES_00019531,2026-03-21 21:54:30.825688,Pro_Monthly,Monthly,79.0,United Kingdom,Product Hunt
CNV_001441,USR_004773,SES_00054672,2026-03-21 22:26:40.794727,Starter_Monthly,Monthly,29.0,United States,Direct
CNV_001143,USR_019381,SES_00042930,2026-03-22 00:56:18.956061,Pro_Monthly,Monthly,79.0,United Kingdom,Referral
CNV_001242,USR_033103,SES_00046689,2026-03-22 00:56:44.980298,Pro_Monthly,Monthly,79.0,India,Paid Social
CNV_002292,USR_006803,SES_00084478,2026-03-22 01:11:18.200741,Starter_Monthly,Monthly,29.0,United States,Product Hunt
CNV_000831,USR_027950,SES_00031913,2026-03-22 02:11:20.112995,Starter_Monthly,Monthly,29.0,United States,Referral
CNV_001927,USR_011242,SES_00071261,2026-03-22 02:58:26.120592,Pro_Monthly,Monthly,79.0,United Kingdom,Paid Social
CNV_001482,USR_021179,SES_00056037,2026-03-22 03:46:58.784690,Starter_Annual,Annual,290.0,United States,Organic Search
CNV_002449,USR_014545,SES_00090159,2026-03-22 04:10:14.422989,Starter_Annual,Annual,290.0,India,Organic Search
CNV_001478,USR_011266,SES_00055921,2026-03-22 05:19:54.919270,Enterprise,Custom,1999.0,France,Referral
CNV_000915,USR_008166,SES_00035114,2026-03-22 06:04:30.413027,Pro_Annual,Annual,790.0,India,Product Hunt
CNV_001655,USR_016643,SES_00061782,2026-03-22 06:20:47.148994,Starter_Monthly,Monthly,29.0,India,Paid Social
CNV_001401,USR_001131,SES_00053160,2026-03-22 07:10:01.175137,Starter_Annual,Annual,290.0,United States,Direct
CNV_002100,USR_022350,SES_00077221,2026-03-22 08:09:04.985653,Starter_Monthly,Monthly,29.0,United States,Email Campaign
CNV_002178,USR_021004,SES_00080330,2026-03-22 08:19:53.731797,Starter_Monthly,Monthly,29.0,Canada,Email Campaign
CNV_001307,USR_012605,SES_00049116,2026-03-22 10:06:45.730061,Starter_Annual,Annual,290.0,Canada,Direct
CNV_001719,USR_033684,SES_00063894,2026-03-22 11:01:07.382481,Pro_Monthly,Monthly,79.0,United States,Direct
CNV_002503,USR_028234,SES_00092048,2026-03-22 11:34:02.045558,Starter_Monthly,Monthly,29.0,United Kingdom,Direct
CNV_001130,USR_004788,SES_00042422,2026-03-22 12:06:35.502058,Pro_Monthly,Monthly,79.0,United Kingdom,Direct
CNV_002422,USR_014844,SES_00089092,2026-03-22 12:16:47.776668,Starter_Monthly,Monthly,29.0,France,Organic Search
CNV_002572,USR_033183,SES_00095079,2026-03-22 12:32:51.669704,Pro_Monthly,Monthly,79.0,Germany,Product Hunt
CNV_001508,USR_029553,SES_00056983,2026-03-22 13:04:33.068896,Pro_Monthly,Monthly,79.0,India,Product Hunt
CNV_000977,USR_018546,SES_00037078,2026-03-22 13:19:02.927656,Starter_Monthly,Monthly,29.0,Germany,Referral
CNV_002554,USR_010655,SES_00094172,2026-03-22 14:21:36.196893,Starter_Monthly,Monthly,29.0,India,Direct
CNV_000697,USR_022248,SES_00026012,2026-03-22 15:53:05.815874,Pro_Annual,Annual,790.0,United States,Product Hunt
CNV_002369,USR_015823,SES_00087146,2026-03-22 16:04:42.607625,Starter_Monthly,Monthly,29.0,United States,Paid Social
CNV_001538,USR_015709,SES_00058056,2026-03-22 16:25:30.414797,Pro_Monthly,Monthly,79.0,United States,Organic Search
CNV_001477,USR_019530,SES_00055891,2026-03-22 16:33:38.636964,Pro_Monthly,Monthly,79.0,United Kingdom,Direct
CNV_002562,USR_032141,SES_00094531,2026-03-22 17:22:16.817762,Starter_Monthly,Monthly,29.0,United States,Email Campaign
CNV_000756,USR_003208,SES_00028304,2026-03-22 19:40:02.034076,Pro_Annual,Annual,790.0,United Kingdom,Organic Search
CNV_002176,USR_008351,SES_00080258,2026-03-22 19:53:04.244620,Starter_Monthly,Monthly,29.0,United States,Organic Search
CNV_002311,USR_011762,SES_00085166,2026-03-22 19:57:06.978433,Starter_Monthly,Monthly,29.0,United States,Organic Search
CNV_000945,USR_029919,SES_00035901,2026-03-22 20:29:12.117775,Starter_Monthly,Monthly,29.0,United States,Organic Search
CNV_002146,USR_010976,SES_00079095,2026-03-22 21:08:58.287811,Pro_Monthly,Monthly,79.0,United Kingdom,Direct
CNV_001218,USR_000329,SES_00045626,2026-03-22 21:18:01.092335,Starter_Monthly,Monthly,29.0,United Kingdom,Paid Social
CNV_002353,USR_018607,SES_00086603,2026-03-22 22:41:03.888715,Pro_Annual,Annual,790.0,United States,Paid Social
CNV_002047,USR_031919,SES_00075056,2026-03-23 00:19:12.836585,Pro_Monthly,Monthly,79.0,Germany,Referral
CNV_001359,USR_006337,SES_00051295,2026-03-23 00:19:44.164104,Pro_Monthly,Monthly,79.0,Canada,Referral
CNV_002150,USR_020047,SES_00079208,2026-03-23 01:11:07.044708,Starter_Annual,Annual,290.0,United States,Paid Social
CNV_001459,USR_004510,SES_00055316,2026-03-23 01:17:15.928644,Pro_Monthly,Monthly,79.0,United States,Email Campaign
CNV_001376,USR_004469,SES_00052207,2026-03-23 01:24:09.808237,Starter_Monthly,Monthly,29.0,Canada,Organic Search
CNV_001139,USR_033370,SES_00042761,2026-03-23 02:01:36.360915,Starter_Monthly,Monthly,29.0,United States,Product Hunt
CNV_001677,USR_029616,SES_00062582,2026-03-23 04:26:24.838745,Pro_Monthly,Monthly,79.0,France,Organic Search
CNV_001872,USR_020383,SES_00069287,2026-03-23 04:37:40.450793,Starter_Monthly,Monthly,29.0,Canada,Organic Search
CNV_002609,USR_029377,SES_00096351,2026-03-23 06:47:00.767879,Starter_Monthly,Monthly,29.0,United Kingdom,Direct
CNV_001962,USR_018735,SES_00072337,2026-03-23 07:34:23.870044,Pro_Annual,Annual,790.0,France,Direct
CNV_001203,USR_030354,SES_00045132,2026-03-23 08:02:16.477198,Starter_Annual,Annual,290.0,United States,Paid Social
CNV_000680,USR_032678,SES_00025304,2026-03-23 08:19:08.334412,Starter_Annual,Annual,290.0,United States,Product Hunt
CNV_001383,USR_020992,SES_00052459,2026-03-23 08:20:18.808974,Pro_Monthly,Monthly,79.0,United States,Direct
CNV_001748,USR_026219,SES_00064834,2026-03-23 09:17:09.012689,Pro_Monthly,Monthly,79.0,United States,Referral
CNV_002227,USR_022582,SES_00081952,2026-03-23 09:18:27.971887,Starter_Monthly,Monthly,29.0,Canada,Product Hunt
CNV_002166,USR_016985,SES_00079813,2026-03-23 10:03:02.181645,Pro_Monthly,Monthly,79.0,United States,Paid Social
CNV_002528,USR_031307,SES_00093080,2026-03-23 10:31:56.233149,Pro_Annual,Annual,790.0,India,Paid Social
CNV_000705,USR_034992,SES_00026189,2026-03-23 12:08:43.720137,Starter_Monthly,Monthly,29.0,Canada,Direct
CNV_001554,USR_002695,SES_00058611,2026-03-23 12:09:23.431500,Starter_Monthly,Monthly,29.0,United Kingdom,Paid Social
CNV_000997,USR_024674,SES_00037789,2026-03-23 12:18:33.691529,Pro_Monthly,Monthly,79.0,United States,Organic Search
CNV_001051,USR_025888,SES_00039462,2026-03-23 12:54:53.676015,Pro_Monthly,Monthly,79.0,France,Organic Search
CNV_002285,USR_020518,SES_00084277,2026-03-23 13:02:04.517236,Pro_Monthly,Monthly,79.0,United Kingdom,Email Campaign
CNV_001785,USR_024479,SES_00066255,2026-03-23 14:06:05.849871,Pro_Monthly,Monthly,79.0,United Kingdom,Organic Search
CNV_001403,USR_011057,SES_00053197,2026-03-23 14:23:36.368310,Starter_Monthly,Monthly,29.0,United States,Direct
CNV_000377,USR_029291,SES_00013988,2026-03-23 14:31:03.516282,Starter_Monthly,Monthly,29.0,Australia,Paid Social
CNV_000813,USR_011089,SES_00031196,2026-03-23 14:36:22.952594,Starter_Annual,Annual,290.0,United States,Paid Social
CNV_000620,USR_030533,SES_00022959,2026-03-23 14:43:51.205234,Enterprise,Custom,1999.0,United States,Direct
CNV_002186,USR_028439,SES_00080724,2026-03-23 15:20:47.627648,Starter_Annual,Annual,290.0,Germany,Referral
CNV_002420,USR_025686,SES_00089067,2026-03-23 15:38:54.194147,Starter_Monthly,Monthly,29.0,United States,Direct
CNV_002501,USR_010285,SES_00091998,2026-03-23 18:15:37.883111,Pro_Monthly,Monthly,79.0,United States,Paid Social
CNV_002450,USR_006805,SES_00090213,2026-03-23 19:01:13.866406,Starter_Monthly,Monthly,29.0,Germany,Email Campaign
CNV_002330,USR_018304,SES_00085713,2026-03-23 20:15:10.254188,Pro_Monthly,Monthly,79.0,United Kingdom,Organic Search
CNV_002175,USR_013483,SES_00080134,2026-03-23 23:17:21.497583,Pro_Monthly,Monthly,79.0,Canada,Paid Social
CNV_000227,USR_013641,SES_00007974,2026-03-24 00:39:19.751337,Starter_Monthly,Monthly,29.0,United States,Email Campaign
CNV_002508,USR_027936,SES_00092249,2026-03-24 00:56:04.951927,Starter_Annual,Annual,290.0,United Kingdom,Organic Search
CNV_001107,USR_031656,SES_00041542,2026-03-24 02:09:27.561428,Pro_Monthly,Monthly,79.0,United States,Email Campaign
CNV_001544,USR_026635,SES_00058189,2026-03-24 04:26:21.354776,Starter_Monthly,Monthly,29.0,Canada,Product Hunt
CNV_002274,USR_020309,SES_00083772,2026-03-24 05:25:38.624390,Enterprise,Custom,1999.0,United States,Product Hunt
CNV_001085,USR_028372,SES_00040567,2026-03-24 05:27:37.674798,Starter_Monthly,Monthly,29.0,Canada,Organic Search
CNV_001088,USR_008701,SES_00040663,2026-03-24 06:28:43.130520,Starter_Monthly,Monthly,29.0,Canada,Organic Search
CNV_002086,USR_011721,SES_00076699,2026-03-24 06:32:10.966097,Starter_Monthly,Monthly,29.0,United States,Email Campaign
CNV_002396,USR_032669,SES_00088080,2026-03-24 06:33:06.667638,Starter_Monthly,Monthly,29.0,United States,Paid Social
CNV_000291,USR_033430,SES_00010580,2026-03-24 07:46:46.497826,Starter_Monthly,Monthly,29.0,United States,Organic Search
CNV_000010,USR_016661,SES_00000417,2026-03-24 07:54:38.425373,Starter_Monthly,Monthly,29.0,Germany,Direct
CNV_001896,USR_016896,SES_00070138,2026-03-24 08:26:43.258828,Starter_Annual,Annual,290.0,United States,Paid Social
CNV_002234,USR_004699,SES_00082172,2026-03-24 09:20:16.319669,Starter_Monthly,Monthly,29.0,United Kingdom,Organic Search
CNV_002077,USR_004864,SES_00076444,2026-03-24 10:19:37.340716,Starter_Monthly,Monthly,29.0,United States,Paid Social
CNV_002367,USR_023204,SES_00087094,2026-03-24 10:40:18.979819,Starter_Monthly,Monthly,29.0,United Kingdom,Paid Social
CNV_002101,USR_020610,SES_00077229,2026-03-24 12:26:30.761815,Starter_Monthly,Monthly,29.0,India,Organic Search
CNV_001050,USR_003340,SES_00039456,2026-03-24 16:13:48.551183,Pro_Monthly,Monthly,79.0,Canada,Organic Search
CNV_002319,USR_014680,SES_00085352,2026-03-24 16:55:06.508204,Pro_Monthly,Monthly,79.0,United Kingdom,Paid Social
CNV_001534,USR_009347,SES_00057939,2026-03-24 17:18:48.656576,Starter_Monthly,Monthly,29.0,Germany,Paid Social
CNV_001608,USR_007198,SES_00060307,2026-03-24 17:21:43.257717,Starter_Monthly,Monthly,29.0,United States,Direct
CNV_001911,USR_030844,SES_00070660,2026-03-24 17:40:48.134561,Pro_Monthly,Monthly,79.0,France,Organic Search
CNV_002257,USR_033465,SES_00083036,2026-03-24 19:25:39.706494,Starter_Monthly,Monthly,29.0,United States,Organic Search
CNV_001181,USR_026770,SES_00044222,2026-03-24 19:49:58.368691,Enterprise,Custom,1999.0,United States,Paid Social
CNV_001709,USR_004674,SES_00063529,2026-03-24 20:49:22.448825,Starter_Monthly,Monthly,29.0,United States,Direct
CNV_000825,USR_016321,SES_00031677,2026-03-24 22:28:02.141830,Starter_Monthly,Monthly,29.0,United States,Organic Search
CNV_001323,USR_027993,SES_00049727,2026-03-25 00:39:32.628568,Pro_Monthly,Monthly,79.0,United States,Direct
CNV_001573,USR_016526,SES_00059140,2026-03-25 00:52:10.298529,Starter_Monthly,Monthly,29.0,United States,Organic Search
CNV_002533,USR_031687,SES_00093237,2026-03-25 01:12:28.015362,Pro_Monthly,Monthly,79.0,United States,Paid Social
CNV_001647,USR_012691,SES_00061540,2026-03-25 01:22:03.727206,Enterprise,Custom,1999.0,India,Organic Search
CNV_001091,USR_034455,SES_00040813,2026-03-25 02:52:42.662531,Starter_Monthly,Monthly,29.0,United States,Referral
CNV_001267,USR_034323,SES_00047560,2026-03-25 03:48:08.675927,Pro_Annual,Annual,790.0,United Kingdom,Direct
CNV_001776,USR_021066,SES_00065962,2026-03-25 04:49:05.290237,Starter_Monthly,Monthly,29.0,France,Organic Search
CNV_002418,USR_011362,SES_00089008,2026-03-25 05:34:07.377644,Starter_Monthly,Monthly,29.0,Australia,Referral
CNV_002615,USR_005392,SES_00096629,2026-03-25 06:38:53.067806,Pro_Annual,Annual,790.0,United States,Direct
CNV_002566,USR_034542,SES_00094833,2026-03-25 06:41:48.617927,Pro_Monthly,Monthly,79.0,United States,Organic Search
CNV_000513,USR_012227,SES_00019327,2026-03-25 06:56:54.838852,Starter_Monthly,Monthly,29.0,United States,Paid Social
CNV_002355,USR_014586,SES_00086677,2026-03-25 07:08:06.003546,Pro_Monthly,Monthly,79.0,India,Organic Search
CNV_002571,USR_006341,SES_00095065,2026-03-25 08:09:39.318633,Starter_Annual,Annual,290.0,United States,Paid Social
CNV_001405,USR_024043,SES_00053227,2026-03-25 09:45:04.509984,Pro_Annual,Annual,790.0,United States,Organic Search
CNV_002492,USR_020291,SES_00091587,2026-03-25 09:58:43.895601,Starter_Monthly,Monthly,29.0,United States,Direct
CNV_002488,USR_016543,SES_00091464,2026-03-25 13:19:56.314770,Starter_Monthly,Monthly,29.0,United States,Direct
CNV_001269,USR_034343,SES_00047631,2026-03-25 13:41:43.301738,Starter_Annual,Annual,290.0,France,Paid Social
CNV_001990,USR_034993,SES_00073241,2026-03-25 13:57:36.122559,Starter_Monthly,Monthly,29.0,United States,Organic Search
CNV_001059,USR_022150,SES_00039685,2026-03-25 14:08:52.740772,Pro_Monthly,Monthly,79.0,India,Organic Search
CNV_001965,USR_002040,SES_00072457,2026-03-25 14:31:12.074072,Pro_Monthly,Monthly,79.0,United Kingdom,Organic Search
CNV_001854,USR_015757,SES_00068655,2026-03-25 14:39:36.498626,Pro_Monthly,Monthly,79.0,Germany,Direct
CNV_002658,USR_012861,SES_00098460,2026-03-25 15:29:43.777266,Starter_Monthly,Monthly,29.0,United States,Referral
CNV_002263,USR_005370,SES_00083313,2026-03-25 15:56:47.947074,Starter_Monthly,Monthly,29.0,United Kingdom,Product Hunt
CNV_002213,USR_032257,SES_00081506,2026-03-25 16:18:40.243133,Starter_Monthly,Monthly,29.0,France,Organic Search
CNV_002315,USR_016540,SES_00085264,2026-03-25 16:43:01.134217,Starter_Monthly,Monthly,29.0,United States,Organic Search
CNV_001787,USR_025636,SES_00066301,2026-03-25 17:07:51.618041,Starter_Monthly,Monthly,29.0,United States,Organic Search
CNV_002085,USR_020432,SES_00076663,2026-03-25 17:56:19.013054,Starter_Monthly,Monthly,29.0,Australia,Direct
CNV_001612,USR_034632,SES_00060411,2026-03-25 18:05:55.145753,Pro_Monthly,Monthly,79.0,United States,Organic Search
CNV_000745,USR_032392,SES_00027676,2026-03-25 18:30:27.302640,Enterprise,Custom,1999.0,France,Organic Search
CNV_001752,USR_016424,SES_00064995,2026-03-25 19:35:23.465983,Pro_Annual,Annual,790.0,United States,Product Hunt
CNV_002238,USR_011703,SES_00082362,2026-03-25 20:18:21.761538,Pro_Annual,Annual,790.0,United States,Paid Social
CNV_002441,USR_020676,SES_00089928,2026-03-25 20:41:36.212785,Starter_Monthly,Monthly,29.0,India,Organic Search
CNV_002071,USR_004945,SES_00076143,2026-03-25 21:18:00.392701,Starter_Annual,Annual,290.0,United States,Organic Search
CNV_001982,USR_015477,SES_00073056,2026-03-25 22:41:00.246943,Starter_Monthly,Monthly,29.0,United States,Paid Social
CNV_001571,USR_024499,SES_00059098,2026-03-26 00:04:20.157069,Pro_Monthly,Monthly,79.0,India,Direct
CNV_002532,USR_011937,SES_00093207,2026-03-26 00:15:49.435815,Starter_Monthly,Monthly,29.0,United States,Paid Social
CNV_002196,USR_025395,SES_00081018,2026-03-26 01:16:44.894785,Starter_Annual,Annual,290.0,United States,Organic Search
CNV_000966,USR_021690,SES_00036714,2026-03-26 01:49:13.009839,Starter_Monthly,Monthly,29.0,India,Organic Search
CNV_000924,USR_014342,SES_00035410,2026-03-26 02:48:43.764595,Starter_Monthly,Monthly,29.0,United Kingdom,Product Hunt
CNV_002317,USR_030248,SES_00085291,2026-03-26 03:09:26.293959,Pro_Monthly,Monthly,79.0,United States,Direct
CNV_002552,USR_021025,SES_00094039,2026-03-26 03:42:06.302608,Starter_Monthly,Monthly,29.0,France,Product Hunt
CNV_002018,USR_020894,SES_00074101,2026-03-26 05:25:02.717164,Pro_Monthly,Monthly,79.0,United States,Organic Search
CNV_001853,USR_012762,SES_00068618,2026-03-26 05:58:28.681922,Starter_Monthly,Monthly,29.0,United Kingdom,Organic Search
CNV_002558,USR_014910,SES_00094325,2026-03-26 06:33:18.283789,Starter_Monthly,Monthly,29.0,United Kingdom,Paid Social
CNV_002622,USR_014247,SES_00096939,2026-03-26 10:17:59.585471,Starter_Monthly,Monthly,29.0,United Kingdom,Organic Search
CNV_001432,USR_014280,SES_00054230,2026-03-26 10:40:40.666285,Starter_Monthly,Monthly,29.0,Germany,Email Campaign
CNV_001917,USR_028599,SES_00070869,2026-03-26 10:58:47.809548,Pro_Monthly,Monthly,79.0,Canada,Referral
CNV_002089,USR_011267,SES_00076835,2026-03-26 11:25:17.143530,Starter_Annual,Annual,290.0,Canada,Organic Search
CNV_002280,USR_007299,SES_00084060,2026-03-26 11:28:32.663088,Pro_Monthly,Monthly,79.0,United Kingdom,Organic Search
CNV_001456,USR_025117,SES_00055200,2026-03-26 13:11:51.349175,Pro_Monthly,Monthly,79.0,France,Email Campaign
CNV_000962,USR_031567,SES_00036524,2026-03-26 14:32:20.593563,Pro_Monthly,Monthly,79.0,Germany,Paid Social
CNV_001895,USR_015605,SES_00069996,2026-03-26 15:55:22.569879,Starter_Monthly,Monthly,29.0,United States,Direct
CNV_001446,USR_033872,SES_00054852,2026-03-26 16:06:55.704613,Pro_Monthly,Monthly,79.0,India,Organic Search
CNV_001509,USR_016739,SES_00057019,2026-03-26 17:29:03.744601,Starter_Monthly,Monthly,29.0,United States,Email Campaign
CNV_001397,USR_002037,SES_00053046,2026-03-26 17:39:44.449386,Pro_Monthly,Monthly,79.0,Australia,Direct
CNV_001701,USR_001800,SES_00063370,2026-03-26 17:47:19.355329,Starter_Monthly,Monthly,29.0,India,Referral
CNV_001884,USR_031549,SES_00069675,2026-03-26 18:21:34.935660,Starter_Monthly,Monthly,29.0,United Kingdom,Email Campaign
CNV_002184,USR_005457,SES_00080499,2026-03-26 20:36:42.676303,Pro_Annual,Annual,790.0,United States,Organic Search
CNV_000347,USR_007515,SES_00012734,2026-03-26 22:21:33.587383,Starter_Monthly,Monthly,29.0,India,Referral
CNV_002359,USR_011480,SES_00086771,2026-03-26 22:58:56.388646,Pro_Monthly,Monthly,79.0,United Kingdom,Organic Search
CNV_002258,USR_001245,SES_00083072,2026-03-26 23:23:02.505702,Starter_Monthly,Monthly,29.0,United States,Referral
CNV_002081,USR_012770,SES_00076553,2026-03-27 00:43:57.340817,Pro_Monthly,Monthly,79.0,Canada,Paid Social
CNV_002262,USR_009119,SES_00083306,2026-03-27 01:54:50.931829,Starter_Monthly,Monthly,29.0,Canada,Paid Social
CNV_002521,USR_025358,SES_00092858,2026-03-27 03:53:24.484492,Starter_Monthly,Monthly,29.0,Germany,Direct
CNV_001075,USR_031297,SES_00040198,2026-03-27 04:04:34.670988,Starter_Monthly,Monthly,29.0,France,Paid Social
CNV_001739,USR_014987,SES_00064537,2026-03-27 04:33:37.590922,Starter_Monthly,Monthly,29.0,United States,Direct
CNV_002022,USR_015439,SES_00074204,2026-03-27 06:50:51.005139,Starter_Annual,Annual,290.0,Canada,Direct
CNV_002158,USR_024858,SES_00079483,2026-03-27 07:21:40.368099,Pro_Monthly,Monthly,79.0,United States,Organic Search
CNV_001862,USR_003411,SES_00068880,2026-03-27 07:42:21.284378,Starter_Monthly,Monthly,29.0,India,Organic Search
CNV_000946,USR_024072,SES_00035945,2026-03-27 08:41:33.004926,Starter_Monthly,Monthly,29.0,United States,Direct
CNV_000483,USR_034801,SES_00017973,2026-03-27 08:51:12.643060,Pro_Monthly,Monthly,79.0,United States,Paid Social
CNV_001556,USR_017108,SES_00058680,2026-03-27 10:25:14.472768,Pro_Monthly,Monthly,79.0,India,Direct
CNV_001623,USR_008085,SES_00060857,2026-03-27 11:37:18.203154,Starter_Monthly,Monthly,29.0,Australia,Email Campaign
CNV_001445,USR_013006,SES_00054828,2026-03-27 12:26:11.490511,Starter_Monthly,Monthly,29.0,France,Paid Social
CNV_001345,USR_007275,SES_00050638,2026-03-27 13:05:09.686699,Pro_Monthly,Monthly,79.0,United States,Direct
CNV_002704,USR_034478,SES_00100334,2026-03-27 13:14:46.914914,Starter_Monthly,Monthly,29.0,United States,Organic Search
CNV_002409,USR_027253,SES_00088715,2026-03-27 13:17:22.501613,Starter_Monthly,Monthly,29.0,United States,Referral
CNV_002637,USR_011091,SES_00097696,2026-03-27 15:05:12.761149,Starter_Monthly,Monthly,29.0,United States,Organic Search
CNV_002192,USR_026331,SES_00080901,2026-03-27 15:32:29.761150,Starter_Monthly,Monthly,29.0,India,Referral
CNV_000138,USR_001118,SES_00004833,2026-03-27 15:54:53.641771,Enterprise,Custom,1999.0,Germany,Paid Social
CNV_002052,USR_024044,SES_00075277,2026-03-27 17:48:41.141139,Starter_Monthly,Monthly,29.0,United Kingdom,Direct
CNV_002529,USR_018198,SES_00093110,2026-03-27 19:16:20.160640,Starter_Monthly,Monthly,29.0,United Kingdom,Product Hunt
CNV_000577,USR_008405,SES_00021530,2026-03-27 19:28:06.316181,Pro_Monthly,Monthly,79.0,United States,Paid Social
CNV_000529,USR_001976,SES_00019858,2026-03-27 20:51:21.209134,Starter_Monthly,Monthly,29.0,United Kingdom,Organic Search
CNV_002672,USR_033479,SES_00099092,2026-03-27 22:18:06.074167,Enterprise,Custom,1999.0,United States,Referral
CNV_000215,USR_033137,SES_00007588,2026-03-27 22:24:30.060927,Pro_Monthly,Monthly,79.0,India,Organic Search
CNV_001963,USR_013611,SES_00072356,2026-03-27 23:18:53.888394,Starter_Annual,Annual,290.0,United States,Email Campaign
CNV_000676,USR_007868,SES_00025183,2026-03-28 00:02:25.641520,Starter_Monthly,Monthly,29.0,United States,Organic Search
CNV_002000,USR_006350,SES_00073531,2026-03-28 00:07:00.184893,Starter_Annual,Annual,290.0,Australia,Direct
CNV_002041,USR_013782,SES_00074746,2026-03-28 01:09:47.148504,Starter_Monthly,Monthly,29.0,India,Paid Social
CNV_001993,USR_032586,SES_00073325,2026-03-28 01:39:48.588492,Pro_Monthly,Monthly,79.0,United States,Paid Social
CNV_002683,USR_032435,SES_00099442,2026-03-28 03:29:31.196439,Pro_Monthly,Monthly,79.0,India,Referral
CNV_002591,USR_006861,SES_00095730,2026-03-28 05:40:44.282651,Starter_Annual,Annual,290.0,Canada,Email Campaign
CNV_002218,USR_020797,SES_00081744,2026-03-28 06:42:52.031078,Starter_Monthly,Monthly,29.0,United States,Organic Search
CNV_001721,USR_013064,SES_00063998,2026-03-28 07:26:32.204062,Starter_Monthly,Monthly,29.0,United States,Organic Search
CNV_001543,USR_032000,SES_00058170,2026-03-28 07:28:44.117148,Starter_Monthly,Monthly,29.0,United States,Referral
CNV_001306,USR_009336,SES_00049080,2026-03-28 09:02:08.811758,Pro_Monthly,Monthly,79.0,United States,Product Hunt
CNV_002668,USR_014604,SES_00098882,2026-03-28 09:08:38.008911,Pro_Monthly,Monthly,79.0,Germany,Product Hunt
CNV_002581,USR_007230,SES_00095435,2026-03-28 09:12:02.121346,Pro_Monthly,Monthly,79.0,Germany,Email Campaign
CNV_000969,USR_012931,SES_00036827,2026-03-28 10:01:33.011857,Starter_Monthly,Monthly,29.0,Canada,Paid Social
CNV_002574,USR_015851,SES_00095152,2026-03-28 11:20:42.318818,Pro_Monthly,Monthly,79.0,United States,Paid Social
CNV_001407,USR_004150,SES_00053262,2026-03-28 12:08:45.391576,Starter_Monthly,Monthly,29.0,United States,Paid Social
CNV_001821,USR_027058,SES_00067613,2026-03-28 12:15:40.147979,Starter_Monthly,Monthly,29.0,United Kingdom,Email Campaign
CNV_001813,USR_034495,SES_00067352,2026-03-28 14:01:32.761297,Starter_Monthly,Monthly,29.0,United States,Product Hunt
CNV_001747,USR_033648,SES_00064788,2026-03-28 14:45:06.711854,Pro_Monthly,Monthly,79.0,Germany,Referral
CNV_000686,USR_012997,SES_00025438,2026-03-28 15:49:45.322951,Starter_Annual,Annual,290.0,United States,Organic Search
CNV_000834,USR_014679,SES_00032024,2026-03-28 16:20:47.729275,Starter_Monthly,Monthly,29.0,France,Referral
CNV_002182,USR_034612,SES_00080462,2026-03-28 17:48:01.437419,Starter_Monthly,Monthly,29.0,United Kingdom,Paid Social
CNV_001904,USR_033603,SES_00070361,2026-03-28 18:07:48.479934,Starter_Monthly,Monthly,29.0,United Kingdom,Organic Search
CNV_002688,USR_003848,SES_00099849,2026-03-28 19:16:25.385061,Starter_Monthly,Monthly,29.0,United States,Organic Search
CNV_002760,USR_029983,SES_00102010,2026-03-28 20:24:09.614057,Starter_Monthly,Monthly,29.0,India,Organic Search
CNV_002221,USR_000643,SES_00081801,2026-03-28 20:30:28.651590,Starter_Annual,Annual,290.0,United States,Direct
CNV_001746,USR_001969,SES_00064768,2026-03-28 20:38:00.007433,Starter_Monthly,Monthly,29.0,India,Product Hunt
CNV_002454,USR_005926,SES_00090336,2026-03-28 21:16:10.208276,Pro_Annual,Annual,790.0,France,Paid Social
CNV_001595,USR_012827,SES_00059781,2026-03-28 21:19:19.225385,Starter_Annual,Annual,290.0,United States,Paid Social
CNV_002304,USR_009024,SES_00084986,2026-03-28 21:20:26.674014,Starter_Monthly,Monthly,29.0,United States,Paid Social
CNV_002540,USR_005650,SES_00093468,2026-03-28 22:09:50.081414,Pro_Annual,Annual,790.0,United Kingdom,Organic Search
CNV_002700,USR_022675,SES_00100277,2026-03-28 22:16:46.096821,Starter_Monthly,Monthly,29.0,United States,Organic Search
CNV_002640,USR_026772,SES_00097785,2026-03-28 22:22:46.210506,Pro_Monthly,Monthly,79.0,United States,Paid Social
CNV_002188,USR_004241,SES_00080761,2026-03-28 23:30:38.133354,Starter_Monthly,Monthly,29.0,United States,Organic Search
CNV_000321,USR_025357,SES_00011748,2026-03-29 01:01:00.682961,Pro_Monthly,Monthly,79.0,Canada,Organic Search
CNV_001996,USR_001277,SES_00073444,2026-03-29 01:23:41.321545,Starter_Monthly,Monthly,29.0,France,Organic Search
CNV_002277,USR_016542,SES_00083908,2026-03-29 02:13:51.984205,Pro_Monthly,Monthly,79.0,United Kingdom,Paid Social
CNV_002376,USR_005335,SES_00087344,2026-03-29 02:23:37.246141,Pro_Annual,Annual,790.0,United States,Paid Social
CNV_001381,USR_018825,SES_00052400,2026-03-29 03:12:45.297756,Starter_Monthly,Monthly,29.0,Germany,Direct
CNV_001658,USR_028220,SES_00061932,2026-03-29 03:24:14.114405,Starter_Monthly,Monthly,29.0,Canada,Organic Search
CNV_002252,USR_030639,SES_00082849,2026-03-29 04:06:10.251654,Starter_Monthly,Monthly,29.0,United States,Paid Social
CNV_001170,USR_030256,SES_00043849,2026-03-29 04:13:27.325873,Starter_Monthly,Monthly,29.0,India,Direct
CNV_001324,USR_004340,SES_00049784,2026-03-29 04:37:18.851972,Pro_Monthly,Monthly,79.0,Australia,Paid Social
CNV_002458,USR_003396,SES_00090479,2026-03-29 06:53:24.425283,Starter_Monthly,Monthly,29.0,United Kingdom,Product Hunt
CNV_002473,USR_020881,SES_00090931,2026-03-29 07:25:25.803251,Pro_Annual,Annual,790.0,United States,Referral
CNV_002470,USR_011999,SES_00090855,2026-03-29 08:53:47.836973,Starter_Monthly,Monthly,29.0,India,Paid Social
CNV_002055,USR_003742,SES_00075375,2026-03-29 09:49:12.631722,Starter_Monthly,Monthly,29.0,United States,Direct
CNV_000729,USR_022450,SES_00027048,2026-03-29 10:11:25.130553,Starter_Monthly,Monthly,29.0,United States,Organic Search
CNV_002440,USR_027961,SES_00089853,2026-03-29 11:11:41.627216,Starter_Annual,Annual,290.0,United States,Product Hunt
CNV_002244,USR_031826,SES_00082613,2026-03-29 11:59:21.367436,Pro_Monthly,Monthly,79.0,France,Direct
CNV_002746,USR_015413,SES_00101588,2026-03-29 12:28:51.484106,Pro_Monthly,Monthly,79.0,Canada,Direct
CNV_001095,USR_033643,SES_00040962,2026-03-29 13:06:31.682395,Starter_Annual,Annual,290.0,United Kingdom,Paid Social
CNV_001903,USR_014818,SES_00070271,2026-03-29 13:35:08.189228,Pro_Monthly,Monthly,79.0,United States,Organic Search
CNV_001775,USR_022445,SES_00065858,2026-03-29 13:53:36.759338,Starter_Monthly,Monthly,29.0,United Kingdom,Email Campaign
CNV_002217,USR_026054,SES_00081688,2026-03-29 13:54:12.021746,Starter_Monthly,Monthly,29.0,Canada,Organic Search
CNV_001062,USR_011810,SES_00039765,2026-03-29 14:42:47.175190,Starter_Monthly,Monthly,29.0,United Kingdom,Organic Search
CNV_002421,USR_016076,SES_00089076,2026-03-29 15:00:48.820828,Starter_Monthly,Monthly,29.0,United States,Organic Search
CNV_002536,USR_031884,SES_00093359,2026-03-29 16:09:36.144819,Pro_Monthly,Monthly,79.0,United States,Referral
CNV_001846,USR_034141,SES_00068288,2026-03-29 16:14:26.132077,Starter_Monthly,Monthly,29.0,Australia,Direct
CNV_001811,USR_005063,SES_00067251,2026-03-29 16:17:15.396758,Pro_Monthly,Monthly,79.0,United States,Organic Search
CNV_002665,USR_027624,SES_00098840,2026-03-29 16:20:20.716559,Starter_Monthly,Monthly,29.0,Germany,Organic Search
CNV_001453,USR_014737,SES_00055042,2026-03-29 17:24:02.023039,Pro_Monthly,Monthly,79.0,United Kingdom,Paid Social
CNV_002702,USR_008448,SES_00100322,2026-03-29 17:39:26.323895,Pro_Monthly,Monthly,79.0,United Kingdom,Organic Search
CNV_002730,USR_015593,SES_00101059,2026-03-29 17:50:23.183547,Starter_Annual,Annual,290.0,Canada,Paid Social
CNV_001096,USR_025302,SES_00041050,2026-03-29 18:20:45.906216,Starter_Monthly,Monthly,29.0,United States,Paid Social
CNV_000201,USR_009356,SES_00007010,2026-03-29 20:42:50.474395,Pro_Monthly,Monthly,79.0,India,Paid Social
CNV_001261,USR_014395,SES_00047359,2026-03-29 20:47:04.568683,Pro_Monthly,Monthly,79.0,United States,Organic Search
CNV_001881,USR_033611,SES_00069550,2026-03-29 20:49:39.369787,Pro_Monthly,Monthly,79.0,United States,Email Campaign
CNV_002791,USR_018208,SES_00103245,2026-03-29 22:18:50.213984,Starter_Monthly,Monthly,29.0,Canada,Organic Search
CNV_002467,USR_012032,SES_00090749,2026-03-29 22:31:35.914523,Pro_Monthly,Monthly,79.0,Germany,Email Campaign
CNV_000644,USR_022996,SES_00023859,2026-03-29 22:36:24.727150,Starter_Annual,Annual,290.0,United Kingdom,Direct
CNV_002177,USR_004412,SES_00080301,2026-03-29 22:44:46.329111,Starter_Annual,Annual,290.0,United States,Email Campaign
CNV_002269,USR_034647,SES_00083582,2026-03-30 00:19:28.596762,Pro_Annual,Annual,790.0,Germany,Paid Social
CNV_002641,USR_029679,SES_00097807,2026-03-30 01:08:03.978292,Starter_Monthly,Monthly,29.0,United States,Direct
CNV_000959,USR_028000,SES_00036380,2026-03-30 01:34:36.001784,Pro_Monthly,Monthly,79.0,United States,Paid Social
CNV_001256,USR_010415,SES_00047197,2026-03-30 01:37:07.704476,Pro_Monthly,Monthly,79.0,Germany,Organic Search
CNV_000835,USR_020762,SES_00032042,2026-03-30 04:31:12.290779,Enterprise,Custom,1999.0,France,Organic Search
CNV_002698,USR_013903,SES_00100207,2026-03-30 06:48:00.427131,Pro_Monthly,Monthly,79.0,United Kingdom,Paid Social
CNV_001328,USR_014593,SES_00049965,2026-03-30 07:40:38.826892,Starter_Monthly,Monthly,29.0,United States,Direct
CNV_000767,USR_022204,SES_00028825,2026-03-30 07:49:57.705407,Pro_Annual,Annual,790.0,India,Email Campaign
CNV_001296,USR_021880,SES_00048598,2026-03-30 07:55:13.423754,Pro_Monthly,Monthly,79.0,India,Paid Social
CNV_001774,USR_028419,SES_00065848,2026-03-30 08:13:07.015013,Pro_Monthly,Monthly,79.0,Australia,Organic Search
CNV_002181,USR_001291,SES_00080426,2026-03-30 08:21:04.381571,Starter_Monthly,Monthly,29.0,Canada,Direct
CNV_002604,USR_019016,SES_00096174,2026-03-30 08:38:17.762222,Pro_Monthly,Monthly,79.0,Canada,Direct
CNV_001180,USR_027676,SES_00044181,2026-03-30 09:14:45.013101,Pro_Monthly,Monthly,79.0,United States,Direct
CNV_000721,USR_003557,SES_00026732,2026-03-30 09:17:08.183463,Starter_Monthly,Monthly,29.0,France,Product Hunt
CNV_001552,USR_034028,SES_00058588,2026-03-30 10:35:30.936444,Enterprise,Custom,1999.0,United Kingdom,Direct
CNV_001795,USR_011443,SES_00066732,2026-03-30 11:07:25.888274,Starter_Annual,Annual,290.0,United States,Paid Social
CNV_001781,USR_033799,SES_00066101,2026-03-30 12:01:34.901455,Starter_Monthly,Monthly,29.0,Germany,Product Hunt
CNV_002160,USR_015331,SES_00079551,2026-03-30 12:11:33.983964,Starter_Monthly,Monthly,29.0,India,Organic Search
CNV_002239,USR_003037,SES_00082376,2026-03-30 12:24:21.375410,Starter_Annual,Annual,290.0,Canada,Paid Social
CNV_002266,USR_006775,SES_00083477,2026-03-30 13:02:52.545091,Pro_Monthly,Monthly,79.0,United States,Paid Social
CNV_002066,USR_009082,SES_00075744,2026-03-30 13:03:34.156512,Pro_Annual,Annual,790.0,United Kingdom,Organic Search
CNV_000350,USR_023484,SES_00012874,2026-03-30 13:49:04.536910,Pro_Monthly,Monthly,79.0,Canada,Paid Social
CNV_002781,USR_026466,SES_00102804,2026-03-30 14:42:21.311768,Pro_Monthly,Monthly,79.0,United Kingdom,Paid Social
CNV_001164,USR_007802,SES_00043588,2026-03-30 15:45:03.922445,Starter_Monthly,Monthly,29.0,India,Organic Search
CNV_002585,USR_024054,SES_00095588,2026-03-30 16:11:04.775159,Pro_Annual,Annual,790.0,United States,Organic Search
CNV_002405,USR_020753,SES_00088430,2026-03-30 16:26:08.864195,Starter_Monthly,Monthly,29.0,India,Organic Search
CNV_002818,USR_028500,SES_00104079,2026-03-30 17:53:30.465442,Starter_Monthly,Monthly,29.0,United States,Product Hunt
CNV_001227,USR_011891,SES_00045936,2026-03-30 19:21:25.694452,Pro_Annual,Annual,790.0,United Kingdom,Direct
CNV_001769,USR_021080,SES_00065612,2026-03-30 20:03:43.302730,Pro_Monthly,Monthly,79.0,United States,Email Campaign
CNV_002271,USR_027803,SES_00083603,2026-03-31 00:25:28.944012,Enterprise,Custom,1999.0,Australia,Paid Social
CNV_002744,USR_009588,SES_00101499,2026-03-31 00:27:31.422499,Starter_Monthly,Monthly,29.0,United Kingdom,Paid Social
CNV_002759,USR_026985,SES_00101983,2026-03-31 01:29:08.248542,Starter_Monthly,Monthly,29.0,Canada,Direct
CNV_002345,USR_012138,SES_00086202,2026-03-31 01:56:07.316988,Starter_Monthly,Monthly,29.0,United States,Referral
CNV_001510,USR_010794,SES_00057031,2026-03-31 02:23:38.321690,Pro_Monthly,Monthly,79.0,United States,Organic Search
CNV_000971,USR_006517,SES_00036896,2026-03-31 02:25:24.318710,Starter_Monthly,Monthly,29.0,United States,Referral
CNV_002380,USR_011248,SES_00087527,2026-03-31 03:27:48.817026,Pro_Monthly,Monthly,79.0,United States,Paid Social
CNV_001954,USR_001848,SES_00072014,2026-03-31 06:15:48.449394,Starter_Monthly,Monthly,29.0,France,Organic Search
CNV_002170,USR_032071,SES_00079959,2026-03-31 06:20:03.529553,Pro_Monthly,Monthly,79.0,India,Direct
CNV_000833,USR_023004,SES_00031992,2026-03-31 06:23:40.124032,Starter_Monthly,Monthly,29.0,United Kingdom,Paid Social
CNV_002699,USR_016788,SES_00100221,2026-03-31 06:52:40.268820,Starter_Monthly,Monthly,29.0,United States,Organic Search
CNV_001317,USR_005902,SES_00049520,2026-03-31 07:46:41.015115,Pro_Monthly,Monthly,79.0,Canada,Paid Social
CNV_001396,USR_018391,SES_00052975,2026-03-31 09:29:19.097514,Starter_Monthly,Monthly,29.0,Germany,Referral
CNV_000163,USR_018273,SES_00005760,2026-03-31 12:12:37.209936,Enterprise,Custom,1999.0,United States,Product Hunt
CNV_002662,USR_013175,SES_00098646,2026-03-31 12:15:12.513435,Starter_Monthly,Monthly,29.0,India,Referral
CNV_000961,USR_012201,SES_00036461,2026-03-31 12:25:56.093301,Pro_Monthly,Monthly,79.0,United Kingdom,Organic Search
CNV_002019,USR_022332,SES_00074114,2026-03-31 13:33:46.568357,Starter_Monthly,Monthly,29.0,Australia,Email Campaign
CNV_001692,USR_004887,SES_00063074,2026-03-31 14:14:49.275133,Starter_Monthly,Monthly,29.0,India,Paid Social
CNV_001648,USR_021414,SES_00061589,2026-03-31 14:28:03.628575,Pro_Monthly,Monthly,79.0,United Kingdom,Product Hunt
CNV_002586,USR_032038,SES_00095623,2026-03-31 16:01:17.381669,Pro_Monthly,Monthly,79.0,United States,Organic Search
CNV_002535,USR_010926,SES_00093295,2026-03-31 16:03:23.873632,Pro_Monthly,Monthly,79.0,Germany,Paid Social
CNV_002438,USR_034459,SES_00089737,2026-03-31 16:16:31.386837,Starter_Monthly,Monthly,29.0,Germany,Organic Search
CNV_001234,USR_014895,SES_00046253,2026-03-31 16:52:53.139551,Starter_Monthly,Monthly,29.0,United Kingdom,Organic Search
CNV_002185,USR_000609,SES_00080652,2026-03-31 17:12:26.620123,Pro_Monthly,Monthly,79.0,United States,Product Hunt
CNV_002108,USR_027300,SES_00077524,2026-03-31 17:44:46.364019,Pro_Annual,Annual,790.0,United States,Paid Social
CNV_002806,USR_015712,SES_00103666,2026-03-31 20:16:56.262682,Pro_Monthly,Monthly,79.0,United States,Paid Social
CNV_001229,USR_032612,SES_00046072,2026-03-31 21:45:13.494041,Pro_Monthly,Monthly,79.0,United States,Product Hunt
CNV_001240,USR_001811,SES_00046567,2026-03-31 21:51:55.039636,Starter_Monthly,Monthly,29.0,United Kingdom,Direct
CNV_000524,USR_014306,SES_00019724,2026-03-31 22:12:34.334310,Starter_Monthly,Monthly,29.0,United States,Paid Social
CNV_002617,USR_017958,SES_00096706,2026-03-31 22:27:23.479451,Starter_Monthly,Monthly,29.0,Germany,Paid Social
CNV_002784,USR_022364,SES_00102881,2026-03-31 22:39:06.452128,Starter_Monthly,Monthly,29.0,Germany,Organic Search
CNV_001819,USR_003761,SES_00067528,2026-03-31 22:40:39.341406,Starter_Annual,Annual,290.0,Canada,Direct
CNV_002654,USR_031173,SES_00098336,2026-04-01 01:22:42.211727,Starter_Monthly,Monthly,29.0,United States,Organic Search
CNV_001382,USR_002750,SES_00052431,2026-04-01 02:27:35.327118,Starter_Monthly,Monthly,29.0,France,Direct
CNV_000397,USR_029802,SES_00014836,2026-04-01 02:38:22.759652,Pro_Monthly,Monthly,79.0,United Kingdom,Product Hunt
CNV_002230,USR_006397,SES_00082078,2026-04-01 03:27:49.092605,Starter_Monthly,Monthly,29.0,Canada,Paid Social
CNV_001202,USR_027871,SES_00045094,2026-04-01 03:52:59.982249,Starter_Monthly,Monthly,29.0,United States,Organic Search
CNV_002491,USR_033677,SES_00091548,2026-04-01 04:15:21.599943,Pro_Monthly,Monthly,79.0,United Kingdom,Product Hunt
CNV_002298,USR_014290,SES_00084740,2026-04-01 06:15:09.956021,Starter_Monthly,Monthly,29.0,United Kingdom,Direct
CNV_002795,USR_002214,SES_00103348,2026-04-01 07:11:05.659200,Starter_Monthly,Monthly,29.0,Germany,Paid Social
CNV_000823,USR_026185,SES_00031580,2026-04-01 07:57:32.526410,Pro_Monthly,Monthly,79.0,India,Email Campaign
CNV_000739,USR_011231,SES_00027412,2026-04-01 08:25:54.979276,Starter_Monthly,Monthly,29.0,India,Paid Social
CNV_002120,USR_000476,SES_00077956,2026-04-01 08:26:37.403047,Pro_Monthly,Monthly,79.0,United Kingdom,Direct
CNV_001797,USR_001779,SES_00066773,2026-04-01 08:29:21.494129,Pro_Monthly,Monthly,79.0,India,Organic Search
CNV_002374,USR_012944,SES_00087324,2026-04-01 08:49:40.288414,Starter_Monthly,Monthly,29.0,United States,Product Hunt
CNV_002377,USR_022029,SES_00087361,2026-04-01 09:47:02.421560,Starter_Annual,Annual,290.0,United Kingdom,Organic Search
CNV_001651,USR_019237,SES_00061666,2026-04-01 09:48:57.637424,Starter_Annual,Annual,290.0,France,Paid Social
CNV_002608,USR_031560,SES_00096324,2026-04-01 10:48:06.334776,Starter_Monthly,Monthly,29.0,United States,Direct
CNV_002797,USR_016767,SES_00103374,2026-04-01 11:02:59.127207,Pro_Annual,Annual,790.0,United States,Direct
CNV_000941,USR_023350,SES_00035799,2026-04-01 12:05:14.245335,Starter_Monthly,Monthly,29.0,United States,Organic Search
CNV_002096,USR_015617,SES_00077101,2026-04-01 12:32:37.941089,Pro_Annual,Annual,790.0,Canada,Direct
CNV_001877,USR_010482,SES_00069411,2026-04-01 13:15:00.828339,Pro_Monthly,Monthly,79.0,Canada,Referral
CNV_001302,USR_012673,SES_00048801,2026-04-01 13:43:38.463305,Pro_Monthly,Monthly,79.0,Germany,Organic Search
CNV_001995,USR_006354,SES_00073431,2026-04-01 13:55:38.022165,Pro_Annual,Annual,790.0,Australia,Direct
CNV_001992,USR_026962,SES_00073317,2026-04-01 14:01:17.565536,Pro_Monthly,Monthly,79.0,United States,Referral
CNV_001646,USR_033480,SES_00061520,2026-04-01 16:01:37.253477,Pro_Monthly,Monthly,79.0,Canada,Email Campaign
CNV_002555,USR_011831,SES_00094204,2026-04-01 16:09:43.468301,Pro_Monthly,Monthly,79.0,India,Organic Search
CNV_001363,USR_000209,SES_00051468,2026-04-01 16:11:07.767895,Pro_Annual,Annual,790.0,United States,Product Hunt
CNV_000232,USR_001882,SES_00008094,2026-04-01 17:22:08.099500,Starter_Monthly,Monthly,29.0,Germany,Organic Search
CNV_002044,USR_005655,SES_00074947,2026-04-01 18:01:11.371777,Starter_Monthly,Monthly,29.0,France,Organic Search
CNV_002765,USR_014611,SES_00102211,2026-04-01 19:07:37.601156,Enterprise,Custom,1999.0,Canada,Organic Search
CNV_000887,USR_019370,SES_00033947,2026-04-01 21:50:54.550246,Pro_Monthly,Monthly,79.0,Australia,Paid Social
CNV_000885,USR_028214,SES_00033821,2026-04-01 22:19:14.098564,Pro_Monthly,Monthly,79.0,India,Direct
CNV_000875,USR_011545,SES_00033518,2026-04-01 23:22:36.466156,Starter_Monthly,Monthly,29.0,United Kingdom,Organic Search
CNV_001676,USR_015604,SES_00062571,2026-04-02 02:34:43.350313,Starter_Annual,Annual,290.0,Germany,Organic Search
CNV_002589,USR_012101,SES_00095716,2026-04-02 03:25:45.008270,Pro_Monthly,Monthly,79.0,Canada,Referral
CNV_001606,USR_021261,SES_00060215,2026-04-02 03:26:24.169570,Starter_Monthly,Monthly,29.0,United States,Product Hunt
CNV_000599,USR_032989,SES_00022144,2026-04-02 04:08:16.748626,Pro_Monthly,Monthly,79.0,Germany,Direct
CNV_002751,USR_004292,SES_00101776,2026-04-02 05:36:39.366936,Starter_Monthly,Monthly,29.0,United States,Paid Social
CNV_002755,USR_003393,SES_00101893,2026-04-02 05:48:06.521832,Starter_Monthly,Monthly,29.0,United Kingdom,Paid Social
CNV_002504,USR_029949,SES_00092116,2026-04-02 06:25:49.446028,Pro_Annual,Annual,790.0,Australia,Direct
CNV_002907,USR_033174,SES_00107379,2026-04-02 07:03:23.812202,Starter_Monthly,Monthly,29.0,United States,Organic Search
CNV_002313,USR_014348,SES_00085197,2026-04-02 07:48:14.938167,Starter_Annual,Annual,290.0,Canada,Direct
CNV_002871,USR_028209,SES_00106216,2026-04-02 08:06:34.952334,Starter_Monthly,Monthly,29.0,United Kingdom,Direct
CNV_001149,USR_010660,SES_00043061,2026-04-02 09:07:32.236363,Starter_Annual,Annual,290.0,United States,Organic Search
CNV_000152,USR_022938,SES_00005494,2026-04-02 09:58:58.946339,Pro_Monthly,Monthly,79.0,United Kingdom,Organic Search
CNV_002445,USR_023073,SES_00090026,2026-04-02 11:27:31.819536,Pro_Monthly,Monthly,79.0,United Kingdom,Organic Search
CNV_001724,USR_002052,SES_00064041,2026-04-02 13:59:19.101638,Pro_Monthly,Monthly,79.0,United States,Paid Social
CNV_002844,USR_001376,SES_00105192,2026-04-02 14:38:27.647980,Pro_Monthly,Monthly,79.0,Australia,Organic Search
CNV_002064,USR_017025,SES_00075658,2026-04-02 14:50:56.278407,Starter_Monthly,Monthly,29.0,Germany,Product Hunt
CNV_002326,USR_014534,SES_00085602,2026-04-02 15:53:40.046405,Pro_Monthly,Monthly,79.0,Germany,Organic Search
CNV_002328,USR_021603,SES_00085673,2026-04-02 16:26:26.804234,Pro_Monthly,Monthly,79.0,Canada,Organic Search
CNV_001318,USR_032623,SES_00049536,2026-04-02 16:39:25.992007,Starter_Annual,Annual,290.0,Australia,Organic Search
CNV_002670,USR_000665,SES_00098997,2026-04-02 18:57:15.989294,Starter_Monthly,Monthly,29.0,United Kingdom,Organic Search
CNV_002245,USR_034398,SES_00082682,2026-04-02 21:38:01.416645,Starter_Annual,Annual,290.0,United Kingdom,Direct
CNV_002652,USR_007635,SES_00098236,2026-04-02 22:48:53.953606,Starter_Monthly,Monthly,29.0,Canada,Direct
CNV_002898,USR_032016,SES_00107183,2026-04-02 22:55:11.293468,Pro_Monthly,Monthly,79.0,United States,Direct
CNV_002546,USR_008901,SES_00093772,2026-04-03 00:58:02.015444,Starter_Monthly,Monthly,29.0,United Kingdom,Paid Social
CNV_001041,USR_000594,SES_00039202,2026-04-03 00:59:49.838423,Pro_Annual,Annual,790.0,India,Organic Search
CNV_001758,USR_026622,SES_00065242,2026-04-03 02:19:04.171143,Starter_Monthly,Monthly,29.0,Germany,Organic Search
CNV_002664,USR_002369,SES_00098820,2026-04-03 02:25:22.254836,Starter_Monthly,Monthly,29.0,Germany,Organic Search
CNV_002053,USR_019589,SES_00075302,2026-04-03 03:16:22.323433,Pro_Monthly,Monthly,79.0,Germany,Direct
CNV_002007,USR_025597,SES_00073699,2026-04-03 03:56:52.610663,Pro_Annual,Annual,790.0,United States,Direct
CNV_002656,USR_002707,SES_00098398,2026-04-03 04:31:12.653899,Pro_Monthly,Monthly,79.0,France,Organic Search
CNV_002169,USR_021675,SES_00079932,2026-04-03 05:29:29.367973,Starter_Monthly,Monthly,29.0,Canada,Email Campaign
CNV_002122,USR_013474,SES_00078030,2026-04-03 05:51:09.589451,Pro_Annual,Annual,790.0,United States,Organic Search
CNV_000747,USR_027523,SES_00027871,2026-04-03 06:00:59.506378,Starter_Monthly,Monthly,29.0,United States,Referral
CNV_001271,USR_015468,SES_00047698,2026-04-03 06:47:38.741078,Starter_Monthly,Monthly,29.0,India,Direct
CNV_001470,USR_017968,SES_00055667,2026-04-03 06:48:51.613772,Pro_Monthly,Monthly,79.0,Germany,Paid Social
CNV_001311,USR_015371,SES_00049257,2026-04-03 07:17:53.142446,Pro_Monthly,Monthly,79.0,United States,Organic Search
CNV_002351,USR_026954,SES_00086504,2026-04-03 07:32:54.540795,Pro_Annual,Annual,790.0,Canada,Direct
CNV_002250,USR_000834,SES_00082787,2026-04-03 09:01:49.315214,Starter_Monthly,Monthly,29.0,India,Organic Search
CNV_002763,USR_026041,SES_00102134,2026-04-03 09:21:36.577475,Starter_Monthly,Monthly,29.0,Canada,Paid Social
CNV_002404,USR_029101,SES_00088415,2026-04-03 12:29:37.856348,Starter_Monthly,Monthly,29.0,France,Organic Search
CNV_002432,USR_018186,SES_00089399,2026-04-03 13:34:00.133798,Starter_Annual,Annual,290.0,Germany,Email Campaign
CNV_002395,USR_031236,SES_00088041,2026-04-03 14:04:48.077929,Starter_Monthly,Monthly,29.0,Canada,Organic Search
CNV_002855,USR_012166,SES_00105578,2026-04-03 14:43:34.731698,Starter_Monthly,Monthly,29.0,United States,Direct
CNV_001947,USR_015401,SES_00071833,2026-04-03 16:10:47.827423,Starter_Monthly,Monthly,29.0,United States,Referral
CNV_002663,USR_012497,SES_00098723,2026-04-03 20:32:52.611364,Starter_Annual,Annual,290.0,United States,Paid Social
CNV_002385,USR_000909,SES_00087648,2026-04-03 20:45:29.071738,Starter_Annual,Annual,290.0,United Kingdom,Paid Social
CNV_000928,USR_027438,SES_00035528,2026-04-03 21:46:55.527043,Pro_Annual,Annual,790.0,United Kingdom,Referral
CNV_001106,USR_031078,SES_00041526,2026-04-03 22:42:16.825982,Pro_Monthly,Monthly,79.0,United States,Paid Social
CNV_002233,USR_020380,SES_00082152,2026-04-04 00:29:25.875136,Pro_Monthly,Monthly,79.0,Canada,Email Campaign
CNV_001936,USR_021547,SES_00071513,2026-04-04 00:35:53.090119,Starter_Monthly,Monthly,29.0,Australia,Direct
CNV_002556,USR_009380,SES_00094233,2026-04-04 01:08:37.607279,Starter_Annual,Annual,290.0,United States,Referral
CNV_002849,USR_024999,SES_00105352,2026-04-04 03:25:13.626848,Pro_Monthly,Monthly,79.0,Germany,Direct
CNV_002009,USR_002051,SES_00073815,2026-04-04 04:45:51.011764,Starter_Annual,Annual,290.0,United States,Organic Search
CNV_001340,USR_017593,SES_00050469,2026-04-04 05:13:15.647622,Starter_Monthly,Monthly,29.0,Germany,Direct
CNV_000064,USR_024319,SES_00002346,2026-04-04 06:04:18.189899,Pro_Annual,Annual,790.0,United States,Referral
CNV_001162,USR_032444,SES_00043520,2026-04-04 06:08:43.882943,Starter_Monthly,Monthly,29.0,United States,Organic Search
CNV_002340,USR_007427,SES_00086058,2026-04-04 06:22:26.444945,Pro_Annual,Annual,790.0,United States,Referral
CNV_001600,USR_019862,SES_00059987,2026-04-04 07:22:39.131266,Starter_Monthly,Monthly,29.0,United Kingdom,Email Campaign
CNV_001001,USR_030120,SES_00037924,2026-04-04 08:07:51.285477,Pro_Monthly,Monthly,79.0,Germany,Organic Search
CNV_002111,USR_031609,SES_00077653,2026-04-04 10:56:31.661490,Starter_Monthly,Monthly,29.0,United States,Direct
CNV_001973,USR_009970,SES_00072839,2026-04-04 11:48:08.799270,Pro_Monthly,Monthly,79.0,Germany,Referral
CNV_001398,USR_025179,SES_00053054,2026-04-04 11:59:14.215699,Starter_Annual,Annual,290.0,United States,Paid Social
CNV_001942,USR_012858,SES_00071667,2026-04-04 12:19:16.780452,Pro_Monthly,Monthly,79.0,United States,Paid Social
CNV_001360,USR_014886,SES_00051382,2026-04-04 12:41:27.725602,Starter_Monthly,Monthly,29.0,United States,Direct
CNV_001550,USR_027052,SES_00058441,2026-04-04 13:53:20.277229,Starter_Monthly,Monthly,29.0,United Kingdom,Product Hunt
CNV_002620,USR_020626,SES_00096788,2026-04-04 14:24:24.403806,Starter_Annual,Annual,290.0,Germany,Paid Social
CNV_001912,USR_016326,SES_00070685,2026-04-04 16:23:31.874029,Starter_Monthly,Monthly,29.0,United Kingdom,Direct
CNV_001596,USR_025150,SES_00059826,2026-04-04 17:24:54.010783,Pro_Annual,Annual,790.0,United States,Organic Search
CNV_001632,USR_032841,SES_00061122,2026-04-04 17:50:16.738906,Pro_Monthly,Monthly,79.0,United States,Direct
CNV_001818,USR_029296,SES_00067473,2026-04-04 17:50:22.707092,Starter_Monthly,Monthly,29.0,United States,Organic Search
CNV_002057,USR_024849,SES_00075452,2026-04-04 19:33:32.973355,Pro_Monthly,Monthly,79.0,United States,Direct
CNV_001922,USR_020234,SES_00071053,2026-04-04 20:10:22.873152,Pro_Monthly,Monthly,79.0,India,Direct
CNV_000709,USR_006875,SES_00026280,2026-04-04 20:49:54.281551,Pro_Monthly,Monthly,79.0,Germany,Direct
CNV_002451,USR_027984,SES_00090241,2026-04-04 23:05:18.945932,Starter_Monthly,Monthly,29.0,United States,Paid Social
CNV_002020,USR_029385,SES_00074183,2026-04-05 00:04:26.812649,Starter_Monthly,Monthly,29.0,United States,Organic Search
CNV_002387,USR_008798,SES_00087738,2026-04-05 01:26:21.520429,Starter_Monthly,Monthly,29.0,United Kingdom,Referral
CNV_002634,USR_016568,SES_00097557,2026-04-05 02:56:32.966223,Pro_Annual,Annual,790.0,United States,Organic Search
CNV_002650,USR_006012,SES_00098183,2026-04-05 03:24:58.668697,Starter_Annual,Annual,290.0,Germany,Organic Search
CNV_000682,USR_000035,SES_00025361,2026-04-05 03:26:22.918773,Pro_Monthly,Monthly,79.0,United Kingdom,Paid Social
CNV_001491,USR_014656,SES_00056349,2026-04-05 03:28:11.800319,Starter_Monthly,Monthly,29.0,France,Direct
CNV_000411,USR_000101,SES_00015249,2026-04-05 03:41:38.952988,Starter_Monthly,Monthly,29.0,France,Direct
CNV_001869,USR_010762,SES_00069175,2026-04-05 05:06:30.482805,Starter_Annual,Annual,290.0,United States,Paid Social
CNV_001450,USR_015730,SES_00054958,2026-04-05 05:17:57.550535,Pro_Monthly,Monthly,79.0,Canada,Direct
CNV_001605,USR_015324,SES_00060158,2026-04-05 05:47:42.112735,Starter_Monthly,Monthly,29.0,United States,Product Hunt
CNV_002996,USR_031181,SES_00110572,2026-04-05 05:56:31.535193,Starter_Monthly,Monthly,29.0,Germany,Organic Search
CNV_002949,USR_020839,SES_00108772,2026-04-05 06:25:13.347395,Starter_Monthly,Monthly,29.0,United Kingdom,Organic Search
CNV_000556,USR_007482,SES_00020772,2026-04-05 08:21:56.271780,Pro_Monthly,Monthly,79.0,United States,Direct
CNV_000370,USR_006897,SES_00013742,2026-04-05 08:24:08.255583,Pro_Monthly,Monthly,79.0,Germany,Direct
CNV_002597,USR_022794,SES_00095980,2026-04-05 10:05:23.993663,Starter_Monthly,Monthly,29.0,Australia,Referral
CNV_001834,USR_010824,SES_00067989,2026-04-05 10:11:31.930121,Pro_Monthly,Monthly,79.0,United States,Referral
CNV_002162,USR_015357,SES_00079602,2026-04-05 10:26:57.971285,Pro_Monthly,Monthly,79.0,France,Email Campaign
CNV_001689,USR_018766,SES_00062912,2026-04-05 10:31:46.052307,Starter_Annual,Annual,290.0,United States,Paid Social
CNV_001890,USR_000040,SES_00069839,2026-04-05 11:03:37.957259,Starter_Monthly,Monthly,29.0,India,Organic Search
CNV_002632,USR_026894,SES_00097295,2026-04-05 11:32:17.393881,Starter_Monthly,Monthly,29.0,United Kingdom,Paid Social
CNV_002820,USR_006617,SES_00104270,2026-04-05 13:32:52.298473,Pro_Monthly,Monthly,79.0,United States,Direct
CNV_002616,USR_018866,SES_00096654,2026-04-05 14:10:18.784223,Pro_Annual,Annual,790.0,India,Organic Search
CNV_002605,USR_034948,SES_00096213,2026-04-05 14:36:05.787928,Pro_Monthly,Monthly,79.0,India,Direct
CNV_000522,USR_033295,SES_00019646,2026-04-05 16:46:19.947355,Pro_Monthly,Monthly,79.0,United Kingdom,Paid Social
CNV_002541,USR_027261,SES_00093518,2026-04-05 20:46:10.292623,Pro_Annual,Annual,790.0,France,Organic Search
CNV_002647,USR_030314,SES_00098047,2026-04-05 20:50:32.172085,Starter_Monthly,Monthly,29.0,India,Product Hunt
CNV_001334,USR_009191,SES_00050242,2026-04-05 21:11:51.832522,Starter_Monthly,Monthly,29.0,France,Referral
CNV_002573,USR_021419,SES_00095104,2026-04-05 22:03:55.450317,Starter_Monthly,Monthly,29.0,India,Organic Search
CNV_002902,USR_000841,SES_00107307,2026-04-05 22:31:19.306201,Starter_Monthly,Monthly,29.0,United States,Direct
CNV_001352,USR_034896,SES_00051041,2026-04-05 23:42:39.497785,Pro_Monthly,Monthly,79.0,Canada,Product Hunt
CNV_002863,USR_020177,SES_00105975,2026-04-06 00:04:04.620305,Pro_Annual,Annual,790.0,United States,Referral
CNV_002425,USR_019577,SES_00089217,2026-04-06 00:11:25.270955,Starter_Annual,Annual,290.0,France,Email Campaign
CNV_002500,USR_032476,SES_00091969,2026-04-06 00:24:21.593641,Pro_Monthly,Monthly,79.0,India,Email Campaign
CNV_002141,USR_032406,SES_00078945,2026-04-06 00:36:33.464873,Pro_Monthly,Monthly,79.0,United Kingdom,Direct
CNV_002764,USR_011589,SES_00102196,2026-04-06 01:23:16.935670,Pro_Monthly,Monthly,79.0,United Kingdom,Paid Social
CNV_000510,USR_028904,SES_00019181,2026-04-06 01:31:47.473668,Pro_Monthly,Monthly,79.0,United Kingdom,Referral
CNV_002293,USR_018987,SES_00084520,2026-04-06 01:41:28.453447,Starter_Monthly,Monthly,29.0,Germany,Organic Search
CNV_002059,USR_012114,SES_00075539,2026-04-06 01:45:51.150363,Pro_Monthly,Monthly,79.0,Germany,Direct
CNV_000695,USR_018783,SES_00025956,2026-04-06 02:10:40.229140,Pro_Monthly,Monthly,79.0,United States,Organic Search
CNV_002835,USR_026735,SES_00104756,2026-04-06 02:46:24.573685,Starter_Monthly,Monthly,29.0,Germany,Direct
CNV_002333,USR_005877,SES_00085798,2026-04-06 02:57:30.821081,Pro_Annual,Annual,790.0,United States,Paid Social
CNV_002565,USR_016233,SES_00094666,2026-04-06 05:28:17.220820,Starter_Monthly,Monthly,29.0,Germany,Email Campaign
CNV_001006,USR_026869,SES_00038080,2026-04-06 05:59:03.709058,Pro_Monthly,Monthly,79.0,United Kingdom,Direct
CNV_001502,USR_018019,SES_00056707,2026-04-06 06:14:03.290061,Starter_Annual,Annual,290.0,Germany,Email Campaign
CNV_002636,USR_013551,SES_00097622,2026-04-06 07:24:19.785670,Pro_Monthly,Monthly,79.0,France,Email Campaign
CNV_002309,USR_032469,SES_00085126,2026-04-06 08:45:03.745261,Starter_Annual,Annual,290.0,Australia,Referral
CNV_002070,USR_021380,SES_00075972,2026-04-06 09:27:16.538610,Starter_Monthly,Monthly,29.0,Canada,Direct
CNV_002659,USR_029648,SES_00098529,2026-04-06 09:44:08.012129,Pro_Monthly,Monthly,79.0,United States,Email Campaign
CNV_002225,USR_014803,SES_00081916,2026-04-06 10:24:29.496907,Starter_Monthly,Monthly,29.0,India,Paid Social
CNV_001607,USR_025730,SES_00060264,2026-04-06 11:31:41.975732,Pro_Monthly,Monthly,79.0,Germany,Direct
CNV_002673,USR_033089,SES_00099162,2026-04-06 12:06:26.932764,Starter_Monthly,Monthly,29.0,France,Organic Search
CNV_002913,USR_024756,SES_00107546,2026-04-06 12:19:13.186106,Starter_Monthly,Monthly,29.0,Germany,Referral
CNV_002860,USR_010680,SES_00105809,2026-04-06 12:32:44.268258,Pro_Monthly,Monthly,79.0,United States,Email Campaign
CNV_001823,USR_028747,SES_00067659,2026-04-06 14:22:05.362743,Starter_Monthly,Monthly,29.0,United States,Email Campaign
CNV_003012,USR_031610,SES_00111151,2026-04-06 15:24:37.651390,Starter_Monthly,Monthly,29.0,United States,Email Campaign
CNV_001924,USR_033181,SES_00071117,2026-04-06 15:24:42.593524,Pro_Monthly,Monthly,79.0,Canada,Paid Social
CNV_002475,USR_026476,SES_00091020,2026-04-06 15:34:43.881036,Starter_Monthly,Monthly,29.0,United States,Paid Social
CNV_001866,USR_002047,SES_00069099,2026-04-06 16:30:35.257500,Pro_Monthly,Monthly,79.0,United Kingdom,Email Campaign
CNV_001523,USR_022648,SES_00057646,2026-04-06 17:55:26.596018,Starter_Monthly,Monthly,29.0,United States,Paid Social
CNV_002207,USR_010776,SES_00081311,2026-04-06 18:20:57.042426,Starter_Monthly,Monthly,29.0,United States,Direct
CNV_001861,USR_032543,SES_00068837,2026-04-06 18:27:59.301383,Starter_Monthly,Monthly,29.0,United States,Paid Social
CNV_002834,USR_026091,SES_00104747,2026-04-06 19:52:23.872353,Pro_Annual,Annual,790.0,United States,Organic Search
CNV_001564,USR_014460,SES_00058959,2026-04-06 20:13:56.483623,Starter_Annual,Annual,290.0,United States,Organic Search
CNV_002979,USR_015770,SES_00110062,2026-04-06 20:45:49.854783,Pro_Monthly,Monthly,79.0,Australia,Paid Social
CNV_002621,USR_022425,SES_00096899,2026-04-06 20:53:35.778474,Pro_Monthly,Monthly,79.0,India,Organic Search
CNV_001950,USR_030136,SES_00071880,2026-04-06 21:08:12.436656,Starter_Monthly,Monthly,29.0,India,Organic Search
CNV_002819,USR_027775,SES_00104146,2026-04-06 21:56:18.144706,Starter_Monthly,Monthly,29.0,United Kingdom,Organic Search
CNV_001865,USR_008765,SES_00069044,2026-04-06 22:51:44.774500,Starter_Monthly,Monthly,29.0,United States,Organic Search
CNV_002864,USR_022714,SES_00105988,2026-04-06 22:58:05.595808,Starter_Monthly,Monthly,29.0,United States,Referral
CNV_002677,USR_014854,SES_00099349,2026-04-07 00:35:20.669537,Starter_Monthly,Monthly,29.0,United States,Organic Search
CNV_002594,USR_005604,SES_00095805,2026-04-07 01:31:23.844809,Starter_Annual,Annual,290.0,India,Direct
CNV_002761,USR_008456,SES_00102097,2026-04-07 02:05:49.345269,Pro_Monthly,Monthly,79.0,United States,Direct
CNV_002576,USR_005080,SES_00095247,2026-04-07 03:04:28.246930,Starter_Monthly,Monthly,29.0,United States,Direct
CNV_001850,USR_030790,SES_00068554,2026-04-07 04:43:49.291604,Starter_Annual,Annual,290.0,Canada,Paid Social
CNV_002381,USR_009590,SES_00087537,2026-04-07 04:45:23.897315,Pro_Annual,Annual,790.0,United Kingdom,Direct
CNV_001135,USR_018687,SES_00042652,2026-04-07 05:36:20.432467,Pro_Monthly,Monthly,79.0,United States,Paid Social
CNV_002723,USR_028887,SES_00100899,2026-04-07 08:09:04.603820,Starter_Monthly,Monthly,29.0,India,Direct
CNV_001593,USR_019328,SES_00059713,2026-04-07 08:42:33.359099,Pro_Monthly,Monthly,79.0,India,Direct
CNV_002836,USR_031500,SES_00104792,2026-04-07 09:54:09.810909,Starter_Monthly,Monthly,29.0,Germany,Direct
CNV_002133,USR_018599,SES_00078639,2026-04-07 11:47:24.932683,Starter_Monthly,Monthly,29.0,United States,Direct
CNV_003058,USR_006898,SES_00112947,2026-04-07 12:44:49.413580,Starter_Monthly,Monthly,29.0,United Kingdom,Paid Social
CNV_002155,USR_015392,SES_00079438,2026-04-07 12:55:14.233956,Starter_Monthly,Monthly,29.0,United States,Email Campaign
CNV_002514,USR_012814,SES_00092539,2026-04-07 13:30:30.493713,Starter_Monthly,Monthly,29.0,France,Organic Search
CNV_003074,USR_028366,SES_00113565,2026-04-07 13:54:14.869704,Starter_Annual,Annual,290.0,Canada,Paid Social
CNV_002525,USR_024727,SES_00093011,2026-04-07 14:26:53.848818,Pro_Annual,Annual,790.0,Canada,Referral
CNV_003008,USR_014633,SES_00110967,2026-04-07 14:40:43.426657,Starter_Monthly,Monthly,29.0,Australia,Organic Search
CNV_002550,USR_014166,SES_00093936,2026-04-07 14:46:24.097175,Starter_Monthly,Monthly,29.0,United States,Referral
CNV_002600,USR_033747,SES_00096095,2026-04-07 15:32:18.609733,Pro_Monthly,Monthly,79.0,India,Paid Social
CNV_003017,USR_024284,SES_00111336,2026-04-07 16:04:33.458648,Starter_Annual,Annual,290.0,United States,Referral
CNV_001953,USR_005981,SES_00071995,2026-04-07 16:14:26.183216,Starter_Monthly,Monthly,29.0,Germany,Organic Search
CNV_002889,USR_030658,SES_00106861,2026-04-07 16:24:36.036171,Starter_Monthly,Monthly,29.0,France,Referral
CNV_002808,USR_013136,SES_00103730,2026-04-07 16:24:52.342798,Pro_Monthly,Monthly,79.0,United States,Referral
CNV_002030,USR_031425,SES_00074465,2026-04-07 17:33:40.779453,Starter_Monthly,Monthly,29.0,Germany,Paid Social
CNV_002129,USR_011792,SES_00078464,2026-04-07 18:43:56.731162,Starter_Monthly,Monthly,29.0,Germany,Paid Social
CNV_000519,USR_007225,SES_00019558,2026-04-07 19:37:14.678703,Starter_Monthly,Monthly,29.0,Germany,Product Hunt
CNV_001918,USR_026610,SES_00070921,2026-04-07 20:00:49.388507,Pro_Monthly,Monthly,79.0,United States,Direct
CNV_001805,USR_025905,SES_00067081,2026-04-07 21:12:58.142109,Starter_Monthly,Monthly,29.0,United States,Paid Social
CNV_001379,USR_032161,SES_00052318,2026-04-07 21:21:37.708237,Starter_Monthly,Monthly,29.0,United Kingdom,Organic Search
CNV_002398,USR_000370,SES_00088181,2026-04-07 21:24:29.607707,Starter_Monthly,Monthly,29.0,United Kingdom,Direct
CNV_002674,USR_029233,SES_00099184,2026-04-07 21:53:40.178331,Pro_Monthly,Monthly,79.0,United Kingdom,Paid Social
CNV_001680,USR_014625,SES_00062663,2026-04-07 22:05:25.226076,Starter_Monthly,Monthly,29.0,Australia,Organic Search
CNV_001782,USR_012682,SES_00066177,2026-04-07 22:13:28.396854,Starter_Monthly,Monthly,29.0,United States,Direct
CNV_001808,USR_018585,SES_00067164,2026-04-07 22:24:45.491396,Pro_Monthly,Monthly,79.0,Australia,Paid Social
CNV_000531,USR_015610,SES_00019971,2026-04-07 23:16:34.785894,Starter_Monthly,Monthly,29.0,Canada,Organic Search
CNV_002011,USR_001627,SES_00073879,2026-04-08 00:02:03.011210,Pro_Annual,Annual,790.0,United States,Organic Search
CNV_001691,USR_002927,SES_00063068,2026-04-08 00:09:28.881853,Starter_Annual,Annual,290.0,Canada,Paid Social
CNV_002932,USR_034815,SES_00108243,2026-04-08 00:38:58.767582,Enterprise,Custom,1999.0,United States,Paid Social
CNV_001155,USR_022768,SES_00043300,2026-04-08 01:23:53.365705,Starter_Monthly,Monthly,29.0,Germany,Direct
CNV_002423,USR_007048,SES_00089144,2026-04-08 01:38:33.313416,Pro_Monthly,Monthly,79.0,United States,Paid Social
CNV_002603,USR_019152,SES_00096159,2026-04-08 01:53:26.523642,Starter_Monthly,Monthly,29.0,Australia,Paid Social
CNV_002908,USR_018316,SES_00107397,2026-04-08 03:31:16.460199,Starter_Annual,Annual,290.0,United States,Paid Social
CNV_001750,USR_001529,SES_00064933,2026-04-08 03:52:45.731774,Starter_Monthly,Monthly,29.0,Germany,Organic Search
CNV_000204,USR_033678,SES_00007104,2026-04-08 04:06:56.244569,Starter_Monthly,Monthly,29.0,India,Email Campaign
CNV_002038,USR_028706,SES_00074689,2026-04-08 05:20:57.755902,Pro_Monthly,Monthly,79.0,United States,Email Campaign
CNV_002384,USR_030555,SES_00087610,2026-04-08 08:58:44.509761,Starter_Monthly,Monthly,29.0,United Kingdom,Paid Social
CNV_001527,USR_003446,SES_00057778,2026-04-08 09:45:04.127191,Starter_Monthly,Monthly,29.0,Germany,Direct
CNV_001084,USR_008892,SES_00040554,2026-04-08 11:18:21.900220,Starter_Monthly,Monthly,29.0,Canada,Paid Social
CNV_002104,USR_007736,SES_00077283,2026-04-08 11:55:28.045139,Pro_Monthly,Monthly,79.0,United Kingdom,Email Campaign
CNV_002875,USR_024425,SES_00106360,2026-04-08 12:08:12.082926,Starter_Monthly,Monthly,29.0,India,Referral
CNV_001369,USR_029787,SES_00051826,2026-04-08 12:43:59.295688,Starter_Monthly,Monthly,29.0,United States,Organic Search
CNV_001476,USR_023276,SES_00055850,2026-04-08 15:36:58.506929,Pro_Monthly,Monthly,79.0,United States,Paid Social
CNV_002775,USR_009637,SES_00102629,2026-04-08 15:39:49.927941,Starter_Monthly,Monthly,29.0,United States,Referral
CNV_002593,USR_017811,SES_00095792,2026-04-08 15:45:59.845857,Pro_Annual,Annual,790.0,United States,Organic Search
CNV_001546,USR_017559,SES_00058236,2026-04-08 16:12:26.332177,Pro_Annual,Annual,790.0,United Kingdom,Organic Search
CNV_002733,USR_024478,SES_00101160,2026-04-08 16:26:32.084423,Starter_Monthly,Monthly,29.0,United States,Paid Social
CNV_002839,USR_025532,SES_00104925,2026-04-08 16:27:09.366990,Starter_Monthly,Monthly,29.0,Germany,Organic Search
CNV_001897,USR_015591,SES_00070167,2026-04-08 16:30:54.154994,Pro_Monthly,Monthly,79.0,Germany,Product Hunt
CNV_003102,USR_029502,SES_00114998,2026-04-08 17:37:09.344732,Starter_Annual,Annual,290.0,United Kingdom,Email Campaign
CNV_002675,USR_010439,SES_00099311,2026-04-08 19:16:07.171664,Starter_Monthly,Monthly,29.0,United States,Email Campaign
CNV_001831,USR_011331,SES_00067887,2026-04-08 21:07:05.355326,Starter_Annual,Annual,290.0,United Kingdom,Referral
CNV_001588,USR_001803,SES_00059512,2026-04-08 21:22:48.142700,Starter_Monthly,Monthly,29.0,Germany,Organic Search
CNV_000884,USR_016322,SES_00033797,2026-04-08 21:37:07.707114,Pro_Monthly,Monthly,79.0,India,Organic Search
CNV_001052,USR_016171,SES_00039490,2026-04-08 22:36:29.008954,Starter_Monthly,Monthly,29.0,France,Direct
CNV_003114,USR_020616,SES_00115345,2026-04-08 23:18:55.305822,Pro_Annual,Annual,790.0,United Kingdom,Organic Search
CNV_002390,USR_021067,SES_00087870,2026-04-08 23:20:58.578410,Pro_Monthly,Monthly,79.0,United States,Referral
CNV_002899,USR_032468,SES_00107203,2026-04-09 00:29:02.630803,Pro_Monthly,Monthly,79.0,United Kingdom,Paid Social
CNV_001839,USR_005397,SES_00068125,2026-04-09 00:54:46.988207,Starter_Annual,Annual,290.0,United States,Direct
CNV_001740,USR_001821,SES_00064579,2026-04-09 01:25:27.110576,Starter_Annual,Annual,290.0,United States,Direct
CNV_001582,USR_021137,SES_00059352,2026-04-09 01:38:53.125934,Starter_Monthly,Monthly,29.0,United States,Organic Search
CNV_002734,USR_000483,SES_00101181,2026-04-09 01:56:56.590863,Starter_Monthly,Monthly,29.0,United States,Direct
CNV_001553,USR_017669,SES_00058601,2026-04-09 02:43:18.245267,Starter_Monthly,Monthly,29.0,Canada,Paid Social
CNV_002051,USR_034570,SES_00075260,2026-04-09 04:57:15.976452,Starter_Monthly,Monthly,29.0,Canada,Organic Search
CNV_002457,USR_019480,SES_00090431,2026-04-09 05:02:14.708646,Starter_Monthly,Monthly,29.0,United States,Organic Search
CNV_001909,USR_019425,SES_00070588,2026-04-09 05:25:29.962351,Starter_Monthly,Monthly,29.0,United States,Paid Social
CNV_003072,USR_004343,SES_00113523,2026-04-09 05:54:43.179792,Pro_Monthly,Monthly,79.0,France,Direct
CNV_001652,USR_023806,SES_00061684,2026-04-09 05:59:06.562897,Starter_Monthly,Monthly,29.0,United States,Direct
CNV_001255,USR_019585,SES_00047107,2026-04-09 06:00:37.991959,Starter_Annual,Annual,290.0,United States,Product Hunt
CNV_002885,USR_018040,SES_00106745,2026-04-09 06:01:27.914144,Starter_Monthly,Monthly,29.0,United States,Paid Social
CNV_002497,USR_009383,SES_00091842,2026-04-09 06:39:24.766374,Starter_Monthly,Monthly,29.0,Germany,Paid Social
CNV_002879,USR_011612,SES_00106517,2026-04-09 07:50:47.118894,Starter_Monthly,Monthly,29.0,United States,Organic Search
CNV_003084,USR_033873,SES_00114347,2026-04-09 08:20:54.546108,Starter_Monthly,Monthly,29.0,United States,Organic Search
CNV_002029,USR_027355,SES_00074450,2026-04-09 08:27:44.519743,Starter_Annual,Annual,290.0,Australia,Product Hunt
CNV_001400,USR_031176,SES_00053146,2026-04-09 10:09:14.368942,Pro_Monthly,Monthly,79.0,United States,Direct
CNV_000802,USR_023592,SES_00030632,2026-04-09 10:12:25.955250,Starter_Monthly,Monthly,29.0,United Kingdom,Product Hunt
CNV_001037,USR_032312,SES_00039068,2026-04-09 10:16:28.716930,Pro_Monthly,Monthly,79.0,France,Organic Search
CNV_002477,USR_025138,SES_00091124,2026-04-09 10:37:10.252552,Pro_Monthly,Monthly,79.0,United States,Paid Social
CNV_003099,USR_015306,SES_00114868,2026-04-09 12:27:59.656154,Starter_Monthly,Monthly,29.0,United States,Direct
CNV_001662,USR_019234,SES_00062012,2026-04-09 13:32:00.272218,Pro_Monthly,Monthly,79.0,United States,Direct
CNV_002362,USR_027047,SES_00086881,2026-04-09 13:56:52.194797,Starter_Monthly,Monthly,29.0,United Kingdom,Referral
CNV_001329,USR_001465,SES_00049976,2026-04-09 14:14:36.789623,Pro_Monthly,Monthly,79.0,Canada,Paid Social
CNV_002865,USR_000922,SES_00106017,2026-04-09 14:59:45.710797,Starter_Monthly,Monthly,29.0,Canada,Paid Social
CNV_000778,USR_028720,SES_00029297,2026-04-09 15:30:55.397379,Starter_Monthly,Monthly,29.0,France,Organic Search
CNV_001392,USR_017152,SES_00052892,2026-04-09 15:39:11.977943,Pro_Annual,Annual,790.0,United States,Referral
CNV_000254,USR_034554,SES_00008913,2026-04-09 16:43:05.534601,Starter_Monthly,Monthly,29.0,United States,Referral
CNV_003044,USR_033202,SES_00112375,2026-04-09 16:44:35.717910,Starter_Monthly,Monthly,29.0,United Kingdom,Paid Social
CNV_002830,USR_021392,SES_00104626,2026-04-09 16:47:00.353118,Starter_Monthly,Monthly,29.0,United States,Organic Search
CNV_001714,USR_023760,SES_00063756,2026-04-09 18:58:29.899644,Starter_Monthly,Monthly,29.0,Canada,Product Hunt
CNV_001275,USR_019415,SES_00047820,2026-04-09 22:21:33.190473,Starter_Monthly,Monthly,29.0,United Kingdom,Product Hunt
CNV_001402,USR_002360,SES_00053186,2026-04-09 22:31:45.632889,Starter_Monthly,Monthly,29.0,Canada,Direct
CNV_002498,USR_034715,SES_00091879,2026-04-10 01:13:39.556468,Pro_Annual,Annual,790.0,France,Direct
CNV_002205,USR_005901,SES_00081288,2026-04-10 01:27:23.930331,Starter_Annual,Annual,290.0,United States,Paid Social
CNV_000207,USR_020512,SES_00007281,2026-04-10 01:28:05.574194,Starter_Monthly,Monthly,29.0,Germany,Direct
CNV_003122,USR_004817,SES_00115746,2026-04-10 02:11:30.305665,Pro_Monthly,Monthly,79.0,United Kingdom,Organic Search
CNV_002408,USR_032022,SES_00088634,2026-04-10 02:50:03.986779,Starter_Monthly,Monthly,29.0,United States,Direct
CNV_002678,USR_020209,SES_00099371,2026-04-10 05:57:00.765063,Starter_Monthly,Monthly,29.0,United States,Organic Search
CNV_002754,USR_012496,SES_00101885,2026-04-10 07:11:01.725382,Starter_Annual,Annual,290.0,Germany,Email Campaign
CNV_001278,USR_015151,SES_00047911,2026-04-10 07:39:15.604234,Starter_Monthly,Monthly,29.0,Germany,Organic Search
CNV_001575,USR_000420,SES_00059163,2026-04-10 08:49:01.397992,Starter_Monthly,Monthly,29.0,United States,Direct
CNV_002365,USR_024033,SES_00087027,2026-04-10 11:09:35.767593,Starter_Monthly,Monthly,29.0,Germany,Direct
CNV_002598,USR_019105,SES_00096016,2026-04-10 12:01:37.517078,Pro_Monthly,Monthly,79.0,United States,Organic Search
CNV_002125,USR_034582,SES_00078206,2026-04-10 13:02:39.680293,Starter_Monthly,Monthly,29.0,Germany,Organic Search
CNV_002606,USR_027353,SES_00096232,2026-04-10 13:03:54.901572,Starter_Monthly,Monthly,29.0,United Kingdom,Product Hunt
CNV_001535,USR_025219,SES_00057989,2026-04-10 13:07:18.819539,Starter_Monthly,Monthly,29.0,Canada,Paid Social
CNV_001919,USR_007359,SES_00070970,2026-04-10 13:16:31.648979,Pro_Monthly,Monthly,79.0,United Kingdom,Referral
CNV_002716,USR_032896,SES_00100718,2026-04-10 13:38:14.919452,Starter_Monthly,Monthly,29.0,Canada,Paid Social
CNV_002312,USR_006947,SES_00085180,2026-04-10 14:42:59.606125,Pro_Monthly,Monthly,79.0,United States,Email Campaign
CNV_002679,USR_031945,SES_00099397,2026-04-10 16:11:32.074601,Starter_Annual,Annual,290.0,Australia,Paid Social
CNV_001385,USR_025518,SES_00052517,2026-04-10 16:24:42.362648,Starter_Monthly,Monthly,29.0,Germany,Paid Social
CNV_002812,USR_025898,SES_00103879,2026-04-10 16:39:27.260513,Starter_Monthly,Monthly,29.0,United States,Product Hunt
CNV_002954,USR_025731,SES_00109062,2026-04-10 17:08:18.133412,Starter_Monthly,Monthly,29.0,United States,Organic Search
CNV_002718,USR_032247,SES_00100822,2026-04-10 17:24:20.406635,Pro_Monthly,Monthly,79.0,Canada,Organic Search
CNV_002287,USR_009658,SES_00084334,2026-04-10 18:32:02.274016,Pro_Monthly,Monthly,79.0,Germany,Referral
CNV_002191,USR_005754,SES_00080886,2026-04-10 19:50:32.423111,Pro_Monthly,Monthly,79.0,United States,Organic Search
CNV_002444,USR_006795,SES_00089971,2026-04-10 21:17:39.887314,Pro_Annual,Annual,790.0,United States,Referral
CNV_002124,USR_008992,SES_00078170,2026-04-10 22:58:19.059412,Starter_Annual,Annual,290.0,India,Direct
CNV_003038,USR_000322,SES_00112206,2026-04-11 00:02:02.490543,Starter_Monthly,Monthly,29.0,United States,Email Campaign
CNV_000886,USR_027867,SES_00033847,2026-04-11 00:37:45.933854,Starter_Annual,Annual,290.0,Germany,Product Hunt
CNV_001666,USR_034785,SES_00062069,2026-04-11 01:28:12.803373,Starter_Annual,Annual,290.0,United States,Paid Social
CNV_002906,USR_015760,SES_00107374,2026-04-11 01:34:53.250800,Pro_Monthly,Monthly,79.0,United States,Organic Search
CNV_001627,USR_001061,SES_00060958,2026-04-11 01:55:18.793573,Starter_Monthly,Monthly,29.0,United Kingdom,Direct
CNV_000566,USR_008191,SES_00021044,2026-04-11 02:13:07.409105,Starter_Monthly,Monthly,29.0,Australia,Direct
CNV_001711,USR_017826,SES_00063609,2026-04-11 02:19:42.916099,Pro_Monthly,Monthly,79.0,India,Organic Search
CNV_001916,USR_012797,SES_00070849,2026-04-11 03:20:14.177913,Pro_Monthly,Monthly,79.0,United States,Paid Social
CNV_002869,USR_021237,SES_00106161,2026-04-11 03:40:06.023923,Pro_Annual,Annual,790.0,Germany,Paid Social
CNV_001301,USR_016203,SES_00048779,2026-04-11 04:38:59.269792,Pro_Annual,Annual,790.0,United States,Direct
CNV_003016,USR_016895,SES_00111316,2026-04-11 05:13:32.443052,Pro_Monthly,Monthly,79.0,United States,Direct
CNV_000984,USR_028434,SES_00037383,2026-04-11 05:23:48.674004,Starter_Annual,Annual,290.0,France,Paid Social
CNV_002545,USR_020574,SES_00093665,2026-04-11 05:28:59.377281,Starter_Monthly,Monthly,29.0,United States,Referral
CNV_001878,USR_005187,SES_00069430,2026-04-11 06:40:41.081940,Starter_Monthly,Monthly,29.0,United States,Direct
CNV_002099,USR_026365,SES_00077212,2026-04-11 06:52:54.024712,Enterprise,Custom,1999.0,Canada,Referral
CNV_001260,USR_004078,SES_00047322,2026-04-11 07:04:09.193646,Pro_Monthly,Monthly,79.0,United States,Paid Social
CNV_002494,USR_021090,SES_00091651,2026-04-11 07:16:11.631177,Starter_Annual,Annual,290.0,United States,Organic Search
CNV_001484,USR_016125,SES_00056139,2026-04-11 07:19:26.361649,Starter_Monthly,Monthly,29.0,India,Product Hunt
CNV_002853,USR_029856,SES_00105457,2026-04-11 08:26:11.742799,Starter_Annual,Annual,290.0,India,Paid Social
CNV_001557,USR_011608,SES_00058710,2026-04-11 09:29:50.383129,Pro_Monthly,Monthly,79.0,United States,Organic Search
CNV_001232,USR_019915,SES_00046210,2026-04-11 10:34:48.311461,Pro_Annual,Annual,790.0,United States,Product Hunt
CNV_002358,USR_032113,SES_00086737,2026-04-11 11:14:22.143605,Pro_Monthly,Monthly,79.0,Australia,Direct
CNV_003168,USR_011756,SES_00117662,2026-04-11 15:09:37.945926,Pro_Monthly,Monthly,79.0,United Kingdom,Organic Search
CNV_003140,USR_008422,SES_00116433,2026-04-11 15:41:02.378956,Pro_Monthly,Monthly,79.0,Canada,Paid Social
CNV_000674,USR_020766,SES_00025103,2026-04-11 16:52:00.090275,Starter_Monthly,Monthly,29.0,United Kingdom,Paid Social
CNV_002568,USR_016434,SES_00094903,2026-04-11 18:16:46.464404,Pro_Monthly,Monthly,79.0,United States,Paid Social
CNV_002770,USR_025340,SES_00102455,2026-04-11 18:27:51.207729,Starter_Monthly,Monthly,29.0,United Kingdom,Direct
CNV_002456,USR_010355,SES_00090369,2026-04-11 20:27:29.393073,Starter_Monthly,Monthly,29.0,United Kingdom,Organic Search
CNV_002870,USR_015549,SES_00106195,2026-04-11 20:46:14.687756,Pro_Monthly,Monthly,79.0,United Kingdom,Paid Social
CNV_002290,USR_023323,SES_00084435,2026-04-11 21:10:07.413377,Pro_Annual,Annual,790.0,United States,Organic Search
CNV_002463,USR_026658,SES_00090615,2026-04-11 23:17:40.921948,Starter_Monthly,Monthly,29.0,India,Direct
CNV_001258,USR_023608,SES_00047261,2026-04-11 23:29:16.739831,Starter_Annual,Annual,290.0,India,Referral
CNV_001736,USR_029354,SES_00064409,2026-04-12 00:32:55.185602,Pro_Monthly,Monthly,79.0,United States,Direct
CNV_002883,USR_002152,SES_00106646,2026-04-12 02:40:14.197104,Enterprise,Custom,1999.0,United Kingdom,Organic Search
CNV_002087,USR_031805,SES_00076725,2026-04-12 03:03:48.943010,Enterprise,Custom,1999.0,Canada,Paid Social
CNV_002539,USR_020001,SES_00093452,2026-04-12 03:10:02.603843,Pro_Monthly,Monthly,79.0,United Kingdom,Direct
CNV_001824,USR_016219,SES_00067671,2026-04-12 03:19:55.001154,Starter_Monthly,Monthly,29.0,Canada,Organic Search
CNV_002356,USR_009289,SES_00086687,2026-04-12 03:40:43.117933,Starter_Monthly,Monthly,29.0,India,Direct
CNV_001480,USR_011819,SES_00056000,2026-04-12 04:01:16.571045,Starter_Monthly,Monthly,29.0,Canada,Paid Social
CNV_000854,USR_028330,SES_00032792,2026-04-12 04:40:52.562732,Pro_Annual,Annual,790.0,India,Paid Social
CNV_002693,USR_010639,SES_00100120,2026-04-12 05:21:24.793869,Starter_Monthly,Monthly,29.0,United Kingdom,Organic Search
CNV_002920,USR_014998,SES_00107829,2026-04-12 08:24:23.790575,Starter_Monthly,Monthly,29.0,Germany,Direct
CNV_002686,USR_025442,SES_00099756,2026-04-12 09:03:21.739323,Pro_Monthly,Monthly,79.0,United States,Product Hunt
CNV_002595,USR_016515,SES_00095827,2026-04-12 09:21:15.573224,Starter_Monthly,Monthly,29.0,Germany,Paid Social
CNV_002613,USR_020661,SES_00096553,2026-04-12 09:37:42.628581,Pro_Monthly,Monthly,79.0,United Kingdom,Direct
CNV_001207,USR_002034,SES_00045237,2026-04-12 10:51:29.270843,Starter_Monthly,Monthly,29.0,Australia,Paid Social
CNV_002780,USR_032360,SES_00102751,2026-04-12 13:05:20.355856,Pro_Monthly,Monthly,79.0,Canada,Paid Social
CNV_001355,USR_000875,SES_00051145,2026-04-12 13:33:37.453072,Starter_Monthly,Monthly,29.0,United States,Referral
CNV_002037,USR_024636,SES_00074665,2026-04-12 13:50:55.785130,Starter_Monthly,Monthly,29.0,United Kingdom,Paid Social
CNV_002464,USR_016602,SES_00090633,2026-04-12 14:40:32.157048,Starter_Monthly,Monthly,29.0,United States,Organic Search
CNV_001793,USR_010386,SES_00066636,2026-04-12 15:16:01.071797,Pro_Monthly,Monthly,79.0,United States,Direct
CNV_002043,USR_013535,SES_00074904,2026-04-12 15:23:22.159929,Starter_Monthly,Monthly,29.0,Canada,Email Campaign
CNV_002992,USR_032749,SES_00110433,2026-04-12 15:43:05.760660,Starter_Monthly,Monthly,29.0,United States,Product Hunt
CNV_000785,USR_029774,SES_00029655,2026-04-12 15:47:56.687118,Pro_Annual,Annual,790.0,United States,Organic Search
CNV_002388,USR_007479,SES_00087763,2026-04-12 15:56:09.966941,Pro_Annual,Annual,790.0,United Kingdom,Direct
CNV_002291,USR_029249,SES_00084459,2026-04-12 16:35:14.117714,Starter_Monthly,Monthly,29.0,Canada,Paid Social
CNV_002810,USR_015597,SES_00103762,2026-04-12 16:41:03.866718,Pro_Monthly,Monthly,79.0,United Kingdom,Organic Search
CNV_001908,USR_031966,SES_00070539,2026-04-12 17:09:37.777924,Starter_Annual,Annual,290.0,Australia,Direct
CNV_002513,USR_033868,SES_00092484,2026-04-12 17:11:55.644638,Pro_Annual,Annual,790.0,United States,Paid Social
CNV_001640,USR_022071,SES_00061357,2026-04-12 18:01:25.376298,Starter_Monthly,Monthly,29.0,Australia,Organic Search
CNV_001761,USR_032792,SES_00065305,2026-04-12 18:05:43.427086,Pro_Monthly,Monthly,79.0,United States,Referral
CNV_002817,USR_013425,SES_00104037,2026-04-12 18:39:48.968009,Pro_Monthly,Monthly,79.0,United States,Organic Search
CNV_002531,USR_025923,SES_00093195,2026-04-12 18:44:54.450578,Enterprise,Custom,1999.0,United States,Direct
CNV_002925,USR_000072,SES_00107966,2026-04-12 18:51:15.707751,Pro_Monthly,Monthly,79.0,Canada,Paid Social
CNV_001322,USR_030551,SES_00049681,2026-04-12 19:54:54.825673,Starter_Monthly,Monthly,29.0,Germany,Paid Social
CNV_002276,USR_018414,SES_00083866,2026-04-12 20:22:27.409530,Pro_Monthly,Monthly,79.0,United States,Referral
CNV_002275,USR_002914,SES_00083855,2026-04-12 21:19:22.857373,Starter_Monthly,Monthly,29.0,India,Paid Social
CNV_002787,USR_017971,SES_00103062,2026-04-12 21:49:48.725207,Starter_Annual,Annual,290.0,United States,Referral
CNV_001349,USR_016383,SES_00050876,2026-04-12 22:31:16.960082,Pro_Monthly,Monthly,79.0,United States,Paid Social
CNV_001570,USR_004079,SES_00059072,2026-04-12 23:53:25.117913,Starter_Monthly,Monthly,29.0,Australia,Paid Social
CNV_002130,USR_012263,SES_00078492,2026-04-13 00:41:55.177472,Starter_Monthly,Monthly,29.0,France,Paid Social
CNV_001350,USR_009407,SES_00050973,2026-04-13 01:20:20.733366,Starter_Monthly,Monthly,29.0,United Kingdom,Organic Search
CNV_003081,USR_026023,SES_00114239,2026-04-13 02:34:53.719275,Starter_Monthly,Monthly,29.0,United States,Paid Social
CNV_002329,USR_005597,SES_00085703,2026-04-13 03:10:49.554119,Enterprise,Custom,1999.0,Canada,Paid Social
CNV_003097,USR_008211,SES_00114811,2026-04-13 03:10:58.293083,Starter_Monthly,Monthly,29.0,Canada,Organic Search
CNV_002742,USR_015609,SES_00101445,2026-04-13 03:30:30.880090,Starter_Monthly,Monthly,29.0,United States,Product Hunt
CNV_001394,USR_002204,SES_00052939,2026-04-13 03:53:27.980430,Starter_Monthly,Monthly,29.0,United States,Email Campaign
CNV_001337,USR_007835,SES_00050339,2026-04-13 04:05:05.061738,Starter_Annual,Annual,290.0,United Kingdom,Organic Search
CNV_001945,USR_005503,SES_00071751,2026-04-13 05:49:21.103253,Enterprise,Custom,1999.0,Canada,Referral
CNV_002308,USR_015355,SES_00085113,2026-04-13 06:30:02.656827,Pro_Monthly,Monthly,79.0,India,Paid Social
CNV_003013,USR_011243,SES_00111197,2026-04-13 06:39:12.156739,Pro_Monthly,Monthly,79.0,United States,Referral
CNV_002851,USR_008311,SES_00105379,2026-04-13 06:51:17.651984,Starter_Annual,Annual,290.0,United Kingdom,Direct
CNV_002455,USR_013139,SES_00090345,2026-04-13 07:30:43.925692,Pro_Monthly,Monthly,79.0,United Kingdom,Paid Social
CNV_002471,USR_002901,SES_00090880,2026-04-13 08:13:30.437609,Starter_Monthly,Monthly,29.0,India,Paid Social
CNV_001023,USR_028275,SES_00038502,2026-04-13 08:35:35.786240,Starter_Monthly,Monthly,29.0,United States,Paid Social
CNV_003182,USR_004244,SES_00118350,2026-04-13 08:51:05.374602,Pro_Annual,Annual,790.0,United Kingdom,Paid Social
CNV_001948,USR_023112,SES_00071849,2026-04-13 09:53:39.879049,Pro_Monthly,Monthly,79.0,United Kingdom,Direct
CNV_002707,USR_006966,SES_00100391,2026-04-13 10:16:16.464229,Starter_Monthly,Monthly,29.0,India,Organic Search
CNV_001842,USR_031928,SES_00068219,2026-04-13 10:51:32.751133,Pro_Annual,Annual,790.0,United States,Organic Search
CNV_002553,USR_003791,SES_00094074,2026-04-13 10:53:37.270576,Pro_Monthly,Monthly,79.0,United States,Direct
CNV_000981,USR_025115,SES_00037256,2026-04-13 11:30:22.304378,Pro_Monthly,Monthly,79.0,United States,Paid Social
CNV_002417,USR_003897,SES_00088935,2026-04-13 12:05:57.270566,Pro_Monthly,Monthly,79.0,Canada,Direct
CNV_002015,USR_016789,SES_00073947,2026-04-13 13:36:53.804427,Enterprise,Custom,1999.0,United States,Referral
CNV_001620,USR_010358,SES_00060734,2026-04-13 16:21:04.989217,Pro_Monthly,Monthly,79.0,United Kingdom,Paid Social
CNV_002618,USR_013251,SES_00096722,2026-04-13 16:29:46.601501,Starter_Annual,Annual,290.0,Germany,Referral
CNV_002366,USR_009099,SES_00087041,2026-04-13 17:28:16.743965,Starter_Annual,Annual,290.0,United States,Organic Search
CNV_001056,USR_020959,SES_00039604,2026-04-13 18:44:38.034259,Starter_Monthly,Monthly,29.0,United States,Paid Social
CNV_000018,USR_016378,SES_00000635,2026-04-13 19:07:11.432566,Starter_Monthly,Monthly,29.0,India,Paid Social
CNV_002884,USR_014447,SES_00106667,2026-04-13 19:43:07.130952,Starter_Monthly,Monthly,29.0,Australia,Paid Social
CNV_001465,USR_024303,SES_00055540,2026-04-13 21:14:03.312450,Enterprise,Custom,1999.0,Germany,Direct
CNV_002970,USR_010647,SES_00109688,2026-04-13 23:52:12.876216,Starter_Monthly,Monthly,29.0,United Kingdom,Referral
CNV_002687,USR_010860,SES_00099798,2026-04-14 00:15:44.341214,Starter_Monthly,Monthly,29.0,United Kingdom,Organic Search
CNV_002972,USR_031776,SES_00109739,2026-04-14 00:58:56.446998,Starter_Monthly,Monthly,29.0,United States,Referral
CNV_002685,USR_027682,SES_00099723,2026-04-14 02:29:07.747939,Pro_Annual,Annual,790.0,India,Paid Social
CNV_001387,USR_008440,SES_00052636,2026-04-14 04:29:52.092918,Starter_Annual,Annual,290.0,Canada,Organic Search
CNV_003050,USR_009120,SES_00112610,2026-04-14 05:34:58.489241,Starter_Monthly,Monthly,29.0,United States,Email Campaign
CNV_001581,USR_029285,SES_00059298,2026-04-14 06:27:58.884937,Pro_Monthly,Monthly,79.0,United States,Organic Search
CNV_003054,USR_032611,SES_00112835,2026-04-14 06:36:21.955039,Pro_Monthly,Monthly,79.0,United States,Paid Social
CNV_002895,USR_027111,SES_00107028,2026-04-14 06:40:44.220200,Starter_Monthly,Monthly,29.0,Australia,Referral
CNV_001009,USR_008168,SES_00038123,2026-04-14 06:45:56.768759,Starter_Monthly,Monthly,29.0,United States,Direct
CNV_002904,USR_024585,SES_00107344,2026-04-14 07:22:34.335768,Pro_Monthly,Monthly,79.0,United States,Direct
CNV_002929,USR_029578,SES_00108159,2026-04-14 07:29:29.631432,Pro_Monthly,Monthly,79.0,United States,Direct
CNV_003253,USR_028762,SES_00121018,2026-04-14 08:58:31.567362,Pro_Annual,Annual,790.0,Australia,Organic Search
CNV_002737,USR_014499,SES_00101263,2026-04-14 09:10:12.027312,Pro_Monthly,Monthly,79.0,United States,Organic Search
CNV_000408,USR_009503,SES_00015177,2026-04-14 09:43:26.149859,Pro_Monthly,Monthly,79.0,Germany,Organic Search
CNV_001809,USR_034757,SES_00067194,2026-04-14 09:44:07.474772,Pro_Monthly,Monthly,79.0,Canada,Paid Social
CNV_001362,USR_004569,SES_00051443,2026-04-14 10:54:43.509936,Pro_Monthly,Monthly,79.0,United States,Organic Search
CNV_002667,USR_001999,SES_00098876,2026-04-14 12:29:48.592385,Pro_Monthly,Monthly,79.0,Germany,Paid Social
CNV_000874,USR_021248,SES_00033436,2026-04-14 16:49:08.644338,Pro_Monthly,Monthly,79.0,Canada,Paid Social
CNV_003061,USR_032974,SES_00113040,2026-04-14 17:57:01.918982,Pro_Monthly,Monthly,79.0,Germany,Direct
CNV_002643,USR_024195,SES_00097894,2026-04-14 18:16:25.251661,Starter_Monthly,Monthly,29.0,India,Referral
CNV_001433,USR_031874,SES_00054271,2026-04-14 19:45:34.683209,Starter_Monthly,Monthly,29.0,India,Product Hunt
CNV_002336,USR_033591,SES_00085895,2026-04-14 20:01:41.632285,Pro_Annual,Annual,790.0,Germany,Organic Search
CNV_002937,USR_034907,SES_00108401,2026-04-14 21:50:23.407450,Starter_Monthly,Monthly,29.0,United States,Direct
CNV_002183,USR_004251,SES_00080481,2026-04-14 21:53:04.054380,Starter_Monthly,Monthly,29.0,United States,Paid Social
CNV_002375,USR_018167,SES_00087328,2026-04-14 22:27:31.674172,Pro_Annual,Annual,790.0,United States,Email Campaign
CNV_002297,USR_024851,SES_00084664,2026-04-14 23:02:00.834941,Pro_Monthly,Monthly,79.0,United Kingdom,Referral
CNV_000040,USR_028493,SES_00001417,2026-04-15 00:39:26.906855,Starter_Monthly,Monthly,29.0,Germany,Paid Social
CNV_002419,USR_007420,SES_00089033,2026-04-15 00:52:22.083323,Starter_Monthly,Monthly,29.0,United States,Product Hunt
CNV_001399,USR_001674,SES_00053070,2026-04-15 00:57:51.730678,Starter_Monthly,Monthly,29.0,United States,Referral
CNV_002940,USR_032354,SES_00108458,2026-04-15 01:08:51.558048,Starter_Annual,Annual,290.0,United States,Product Hunt
CNV_002295,USR_032251,SES_00084577,2026-04-15 03:04:48.042172,Starter_Monthly,Monthly,29.0,United States,Paid Social
CNV_002771,USR_015752,SES_00102490,2026-04-15 03:30:04.211278,Pro_Monthly,Monthly,79.0,Australia,Direct
CNV_001989,USR_025715,SES_00073210,2026-04-15 04:06:50.440857,Starter_Monthly,Monthly,29.0,United States,Direct
CNV_000844,USR_020148,SES_00032371,2026-04-15 04:27:10.798108,Pro_Monthly,Monthly,79.0,Germany,Referral
CNV_002596,USR_031402,SES_00095878,2026-04-15 05:31:43.633589,Starter_Monthly,Monthly,29.0,United States,Organic Search
CNV_002399,USR_000220,SES_00088262,2026-04-15 06:06:20.432584,Starter_Monthly,Monthly,29.0,United Kingdom,Paid Social
CNV_002416,USR_002632,SES_00088884,2026-04-15 06:55:25.010594,Starter_Annual,Annual,290.0,United States,Paid Social
CNV_002587,USR_022472,SES_00095664,2026-04-15 07:01:39.155368,Starter_Annual,Annual,290.0,United States,Organic Search
CNV_002393,USR_016804,SES_00087987,2026-04-15 07:21:35.770465,Starter_Annual,Annual,290.0,United States,Paid Social
CNV_001244,USR_019112,SES_00046742,2026-04-15 07:29:31.374443,Pro_Monthly,Monthly,79.0,United States,Email Campaign
CNV_002232,USR_027521,SES_00082145,2026-04-15 07:35:12.473289,Starter_Monthly,Monthly,29.0,United Kingdom,Direct
CNV_002862,USR_010595,SES_00105906,2026-04-15 09:54:08.245129,Pro_Monthly,Monthly,79.0,United States,Organic Search
CNV_003184,USR_005288,SES_00118444,2026-04-15 11:13:57.497062,Pro_Monthly,Monthly,79.0,United Kingdom,Paid Social
CNV_003231,USR_013517,SES_00120195,2026-04-15 13:09:20.805638,Pro_Monthly,Monthly,79.0,United States,Paid Social
CNV_003293,USR_008958,SES_00122419,2026-04-15 13:40:31.109149,Enterprise,Custom,1999.0,Australia,Email Campaign
CNV_002407,USR_034900,SES_00088624,2026-04-15 13:54:01.262230,Starter_Monthly,Monthly,29.0,Canada,Organic Search
CNV_003227,USR_033869,SES_00120031,2026-04-15 14:01:30.415752,Pro_Monthly,Monthly,79.0,Australia,Paid Social
CNV_002327,USR_007920,SES_00085649,2026-04-15 16:08:33.586459,Starter_Monthly,Monthly,29.0,United States,Paid Social
CNV_003258,USR_030752,SES_00121254,2026-04-15 17:07:40.881182,Starter_Monthly,Monthly,29.0,India,Paid Social
CNV_000160,USR_034598,SES_00005728,2026-04-15 17:50:01.135391,Pro_Monthly,Monthly,79.0,United States,Paid Social
CNV_001368,USR_009142,SES_00051810,2026-04-15 17:55:16.776771,Pro_Monthly,Monthly,79.0,India,Organic Search
CNV_002619,USR_010468,SES_00096744,2026-04-15 18:33:10.256992,Pro_Monthly,Monthly,79.0,Canada,Organic Search
CNV_002033,USR_003693,SES_00074572,2026-04-15 18:50:29.957266,Enterprise,Custom,1999.0,United States,Direct
CNV_002194,USR_033952,SES_00080929,2026-04-15 19:44:12.775153,Starter_Monthly,Monthly,29.0,United States,Referral
CNV_002993,USR_006902,SES_00110454,2026-04-15 19:48:04.026747,Starter_Monthly,Monthly,29.0,United Kingdom,Organic Search
CNV_001934,USR_013239,SES_00071452,2026-04-15 19:53:30.566955,Starter_Monthly,Monthly,29.0,India,Direct
CNV_002443,USR_012399,SES_00089964,2026-04-15 20:36:50.958446,Starter_Monthly,Monthly,29.0,France,Paid Social
CNV_002868,USR_001520,SES_00106146,2026-04-15 21:39:30.353482,Starter_Annual,Annual,290.0,France,Paid Social
CNV_002909,USR_021418,SES_00107449,2026-04-15 21:43:12.890206,Starter_Annual,Annual,290.0,France,Product Hunt
CNV_001393,USR_022934,SES_00052901,2026-04-15 22:05:04.737474,Pro_Monthly,Monthly,79.0,Australia,Organic Search
CNV_003298,USR_018892,SES_00122556,2026-04-15 23:23:20.454548,Pro_Monthly,Monthly,79.0,United States,Referral
CNV_001134,USR_027723,SES_00042572,2026-04-15 23:44:19.819949,Starter_Monthly,Monthly,29.0,Canada,Direct
CNV_001583,USR_023854,SES_00059382,2026-04-15 23:48:42.765134,Starter_Monthly,Monthly,29.0,United Kingdom,Direct
CNV_001142,USR_017877,SES_00042902,2026-04-16 00:12:18.120164,Starter_Annual,Annual,290.0,United States,Paid Social
CNV_000803,USR_004778,SES_00030672,2026-04-16 01:23:06.713193,Pro_Monthly,Monthly,79.0,United States,Organic Search
CNV_003273,USR_033630,SES_00121880,2026-04-16 01:27:47.183992,Starter_Monthly,Monthly,29.0,France,Referral
CNV_002391,USR_034180,SES_00087926,2026-04-16 01:34:10.317290,Pro_Annual,Annual,790.0,Germany,Paid Social
CNV_002189,USR_012779,SES_00080816,2026-04-16 02:27:16.905853,Pro_Monthly,Monthly,79.0,United States,Organic Search
CNV_002626,USR_001925,SES_00097063,2026-04-16 02:44:15.662640,Pro_Monthly,Monthly,79.0,India,Organic Search
CNV_003315,USR_005229,SES_00123329,2026-04-16 03:18:40.539936,Starter_Monthly,Monthly,29.0,Germany,Referral
CNV_002368,USR_032193,SES_00087116,2026-04-16 03:26:30.144296,Starter_Monthly,Monthly,29.0,United States,Paid Social
CNV_002014,USR_013443,SES_00073938,2026-04-16 03:40:34.300466,Starter_Monthly,Monthly,29.0,Canada,Paid Social
CNV_002952,USR_034175,SES_00108920,2026-04-16 03:45:29.019935,Enterprise,Custom,1999.0,United States,Organic Search
CNV_000151,USR_032855,SES_00005456,2026-04-16 04:16:30.183423,Pro_Monthly,Monthly,79.0,France,Product Hunt
CNV_000836,USR_031883,SES_00032111,2026-04-16 04:28:26.655495,Starter_Monthly,Monthly,29.0,Canada,Paid Social
CNV_001723,USR_009686,SES_00064026,2026-04-16 04:34:56.049802,Starter_Monthly,Monthly,29.0,United States,Organic Search
CNV_003031,USR_030160,SES_00111911,2026-04-16 04:56:47.053584,Pro_Monthly,Monthly,79.0,Germany,Direct
CNV_002977,USR_008886,SES_00109910,2026-04-16 05:41:09.550750,Starter_Annual,Annual,290.0,Canada,Paid Social
CNV_003217,USR_014976,SES_00119762,2026-04-16 06:17:56.529671,Starter_Annual,Annual,290.0,France,Direct
CNV_002294,USR_017621,SES_00084534,2026-04-16 06:18:59.003854,Pro_Monthly,Monthly,79.0,France,Referral
CNV_003190,USR_001866,SES_00118743,2026-04-16 06:38:35.128855,Pro_Monthly,Monthly,79.0,India,Direct
CNV_001200,USR_001020,SES_00045058,2026-04-16 06:40:23.559268,Starter_Monthly,Monthly,29.0,United States,Email Campaign
CNV_003321,USR_012932,SES_00123690,2026-04-16 07:57:46.036400,Starter_Monthly,Monthly,29.0,United States,Referral
CNV_002083,USR_018651,SES_00076588,2026-04-16 10:07:59.723688,Starter_Monthly,Monthly,29.0,United Kingdom,Direct
CNV_001684,USR_012701,SES_00062810,2026-04-16 10:57:35.660875,Pro_Monthly,Monthly,79.0,France,Referral
CNV_001292,USR_032698,SES_00048464,2026-04-16 11:49:46.089770,Starter_Monthly,Monthly,29.0,United States,Paid Social
CNV_002848,USR_007199,SES_00105279,2026-04-16 11:53:43.931987,Starter_Monthly,Monthly,29.0,United States,Referral
CNV_001940,USR_023466,SES_00071602,2026-04-16 11:54:29.672615,Starter_Monthly,Monthly,29.0,United Kingdom,Organic Search
CNV_001840,USR_010949,SES_00068133,2026-04-16 12:20:15.823871,Pro_Monthly,Monthly,79.0,United States,Organic Search
CNV_002220,USR_027424,SES_00081789,2026-04-16 13:43:03.722367,Pro_Monthly,Monthly,79.0,United States,Direct
CNV_002103,USR_003132,SES_00077257,2026-04-16 14:10:09.987839,Pro_Monthly,Monthly,79.0,Australia,Paid Social
CNV_000149,USR_024255,SES_00005393,2026-04-16 15:00:06.314611,Starter_Annual,Annual,290.0,United States,Paid Social
CNV_003111,USR_031150,SES_00115291,2026-04-16 16:57:13.671530,Pro_Annual,Annual,790.0,United States,Organic Search
CNV_003006,USR_025506,SES_00110928,2026-04-16 19:03:37.539073,Starter_Annual,Annual,290.0,Canada,Paid Social
CNV_003154,USR_018632,SES_00117030,2026-04-16 19:21:18.817439,Starter_Monthly,Monthly,29.0,United States,Email Campaign
CNV_002910,USR_020737,SES_00107501,2026-04-16 19:47:39.860552,Starter_Monthly,Monthly,29.0,United States,Direct
CNV_003090,USR_030095,SES_00114568,2026-04-16 19:52:22.161372,Starter_Monthly,Monthly,29.0,United States,Referral
CNV_002782,USR_025630,SES_00102819,2026-04-16 20:48:26.636447,Starter_Monthly,Monthly,29.0,United Kingdom,Direct
CNV_001358,USR_009948,SES_00051260,2026-04-16 20:53:32.070847,Starter_Monthly,Monthly,29.0,United States,Organic Search
CNV_000820,USR_034284,SES_00031453,2026-04-16 21:09:02.226246,Starter_Monthly,Monthly,29.0,United States,Product Hunt
CNV_002740,USR_031732,SES_00101391,2026-04-16 21:31:59.000489,Pro_Monthly,Monthly,79.0,United States,Organic Search
CNV_002934,USR_013690,SES_00108340,2026-04-16 22:33:18.524781,Starter_Monthly,Monthly,29.0,United States,Paid Social
CNV_002215,USR_015713,SES_00081593,2026-04-16 23:00:23.827181,Starter_Monthly,Monthly,29.0,United States,Organic Search
CNV_001986,USR_013507,SES_00073144,2026-04-16 23:40:30.335023,Starter_Monthly,Monthly,29.0,Canada,Paid Social
CNV_002928,USR_016165,SES_00108108,2026-04-16 23:44:24.050803,Starter_Monthly,Monthly,29.0,United States,Organic Search
CNV_003124,USR_009350,SES_00115819,2026-04-16 23:48:38.725844,Starter_Annual,Annual,290.0,Germany,Direct
CNV_002911,USR_020131,SES_00107508,2026-04-17 00:57:44.942085,Pro_Annual,Annual,790.0,India,Direct
CNV_001906,USR_032446,SES_00070454,2026-04-17 01:49:57.037640,Starter_Annual,Annual,290.0,United States,Email Campaign
CNV_003161,USR_028479,SES_00117238,2026-04-17 02:35:47.717442,Starter_Monthly,Monthly,29.0,Australia,Organic Search
CNV_003215,USR_021131,SES_00119726,2026-04-17 05:03:03.717967,Pro_Monthly,Monthly,79.0,United States,Email Campaign
CNV_001833,USR_006654,SES_00067983,2026-04-17 06:52:23.899919,Starter_Monthly,Monthly,29.0,United Kingdom,Direct
CNV_002569,USR_022262,SES_00094966,2026-04-17 07:48:01.650105,Pro_Monthly,Monthly,79.0,United States,Product Hunt
CNV_002509,USR_008836,SES_00092330,2026-04-17 08:05:26.752380,Starter_Annual,Annual,290.0,Australia,Paid Social
CNV_001859,USR_003933,SES_00068763,2026-04-17 08:38:10.930781,Starter_Monthly,Monthly,29.0,United States,Email Campaign
CNV_003271,USR_001102,SES_00121812,2026-04-17 09:12:42.607883,Starter_Monthly,Monthly,29.0,United States,Organic Search
CNV_002630,USR_016244,SES_00097252,2026-04-17 09:39:40.169851,Pro_Monthly,Monthly,79.0,United States,Organic Search
CNV_003143,USR_018437,SES_00116628,2026-04-17 11:16:29.312745,Starter_Annual,Annual,290.0,India,Paid Social
CNV_001099,USR_018306,SES_00041215,2026-04-17 11:27:15.245524,Pro_Annual,Annual,790.0,United States,Email Campaign
CNV_002648,USR_022214,SES_00098069,2026-04-17 12:42:40.676274,Starter_Monthly,Monthly,29.0,Germany,Paid Social
CNV_001710,USR_028637,SES_00063572,2026-04-17 13:48:37.092441,Starter_Monthly,Monthly,29.0,France,Paid Social
CNV_002877,USR_022370,SES_00106438,2026-04-17 13:50:37.220835,Pro_Monthly,Monthly,79.0,United States,Organic Search
CNV_001333,USR_018584,SES_00050163,2026-04-17 14:55:19.001473,Enterprise,Custom,1999.0,United Kingdom,Paid Social
CNV_002016,USR_034319,SES_00073980,2026-04-17 15:28:52.068993,Pro_Monthly,Monthly,79.0,United States,Email Campaign
CNV_003365,USR_019007,SES_00125188,2026-04-17 16:05:39.383045,Starter_Monthly,Monthly,29.0,Germany,Paid Social
CNV_001473,USR_026352,SES_00055749,2026-04-17 16:19:19.879326,Pro_Annual,Annual,790.0,United States,Paid Social
CNV_001790,USR_013980,SES_00066445,2026-04-17 16:25:50.713133,Starter_Monthly,Monthly,29.0,India,Organic Search
CNV_000595,USR_020498,SES_00022071,2026-04-17 16:52:53.760463,Pro_Monthly,Monthly,79.0,Australia,Direct
CNV_003109,USR_027420,SES_00115246,2026-04-17 17:46:37.725765,Pro_Monthly,Monthly,79.0,France,Organic Search
CNV_002332,USR_002458,SES_00085774,2026-04-17 18:00:42.694471,Pro_Monthly,Monthly,79.0,India,Paid Social
CNV_001374,USR_008497,SES_00052055,2026-04-17 18:16:59.028860,Starter_Monthly,Monthly,29.0,France,Paid Social
CNV_002448,USR_014152,SES_00090148,2026-04-17 18:42:07.495336,Pro_Monthly,Monthly,79.0,Germany,Email Campaign
CNV_002344,USR_032396,SES_00086194,2026-04-17 18:45:15.835240,Starter_Monthly,Monthly,29.0,Germany,Product Hunt
CNV_002433,USR_014703,SES_00089541,2026-04-17 19:42:33.375402,Pro_Annual,Annual,790.0,United States,Paid Social
CNV_002254,USR_020798,SES_00082894,2026-04-17 20:54:01.206540,Pro_Monthly,Monthly,79.0,United States,Paid Social
CNV_001849,USR_002182,SES_00068468,2026-04-17 21:01:47.324879,Pro_Monthly,Monthly,79.0,United States,Organic Search
CNV_002363,USR_022398,SES_00086970,2026-04-17 21:10:44.319454,Pro_Monthly,Monthly,79.0,Australia,Paid Social
CNV_002339,USR_009731,SES_00086040,2026-04-17 22:49:32.133952,Starter_Monthly,Monthly,29.0,United States,Direct
CNV_002872,USR_007324,SES_00106265,2026-04-17 23:49:06.794869,Pro_Monthly,Monthly,79.0,United States,Referral
CNV_003039,USR_020553,SES_00112266,2026-04-17 23:50:49.696117,Pro_Monthly,Monthly,79.0,Canada,Organic Search
CNV_001049,USR_009511,SES_00039442,2026-04-18 00:01:34.087304,Pro_Monthly,Monthly,79.0,United Kingdom,Paid Social
CNV_002153,USR_007315,SES_00079353,2026-04-18 00:47:27.165449,Pro_Monthly,Monthly,79.0,United States,Paid Social
CNV_003095,USR_022142,SES_00114726,2026-04-18 00:49:57.358077,Pro_Annual,Annual,790.0,Australia,Paid Social
CNV_001481,USR_017137,SES_00056013,2026-04-18 00:53:28.249825,Starter_Monthly,Monthly,29.0,United States,Referral
CNV_002468,USR_009740,SES_00090771,2026-04-18 01:23:01.832425,Starter_Monthly,Monthly,29.0,Canada,Organic Search
CNV_001938,USR_007993,SES_00071554,2026-04-18 01:45:19.578380,Starter_Monthly,Monthly,29.0,India,Paid Social
CNV_002247,USR_029076,SES_00082725,2026-04-18 02:16:13.193114,Starter_Monthly,Monthly,29.0,United States,Paid Social
CNV_002159,USR_024790,SES_00079531,2026-04-18 02:59:59.549347,Pro_Monthly,Monthly,79.0,Germany,Referral
CNV_002635,USR_033256,SES_00097610,2026-04-18 03:51:03.488064,Pro_Annual,Annual,790.0,Germany,Product Hunt
CNV_000791,USR_028558,SES_00029915,2026-04-18 06:20:13.757761,Starter_Monthly,Monthly,29.0,Germany,Organic Search
CNV_003100,USR_026382,SES_00114896,2026-04-18 06:49:01.174818,Starter_Monthly,Monthly,29.0,United Kingdom,Organic Search
CNV_003209,USR_002820,SES_00119515,2026-04-18 06:55:53.628412,Pro_Monthly,Monthly,79.0,United Kingdom,Organic Search
CNV_002305,USR_013811,SES_00085023,2026-04-18 07:26:43.618663,Pro_Annual,Annual,790.0,Canada,Paid Social
CNV_003300,USR_017389,SES_00122670,2026-04-18 07:39:10.079494,Pro_Monthly,Monthly,79.0,United States,Direct
CNV_000882,USR_021530,SES_00033734,2026-04-18 08:26:00.088748,Pro_Monthly,Monthly,79.0,United States,Paid Social
CNV_001568,USR_027805,SES_00059024,2026-04-18 09:34:04.754464,Starter_Annual,Annual,290.0,United States,Organic Search
CNV_002481,USR_021595,SES_00091210,2026-04-18 09:44:06.648116,Starter_Annual,Annual,290.0,Canada,Organic Search
CNV_002681,USR_004408,SES_00099415,2026-04-18 10:14:40.558595,Pro_Monthly,Monthly,79.0,United Kingdom,Organic Search
CNV_002732,USR_013083,SES_00101146,2026-04-18 11:33:28.237061,Pro_Monthly,Monthly,79.0,United States,Organic Search
CNV_003101,USR_013227,SES_00114940,2026-04-18 12:42:50.913435,Starter_Annual,Annual,290.0,United States,Organic Search
CNV_002953,USR_012015,SES_00108979,2026-04-18 12:48:44.671675,Starter_Monthly,Monthly,29.0,Canada,Organic Search
CNV_003322,USR_006736,SES_00123763,2026-04-18 13:43:20.005052,Pro_Monthly,Monthly,79.0,Germany,Organic Search
CNV_001891,USR_022309,SES_00069878,2026-04-18 13:53:41.720753,Starter_Monthly,Monthly,29.0,Germany,Organic Search
CNV_002253,USR_009129,SES_00082869,2026-04-18 14:39:58.145398,Starter_Annual,Annual,290.0,Canada,Referral
CNV_001943,USR_016886,SES_00071697,2026-04-18 15:00:49.213065,Starter_Monthly,Monthly,29.0,United States,Organic Search
CNV_002824,USR_013344,SES_00104457,2026-04-18 15:51:27.318299,Pro_Monthly,Monthly,79.0,Germany,Organic Search
CNV_002223,USR_016133,SES_00081868,2026-04-18 16:06:49.988697,Starter_Annual,Annual,290.0,Canada,Paid Social
CNV_002980,USR_007366,SES_00110092,2026-04-18 16:11:33.804594,Pro_Monthly,Monthly,79.0,United Kingdom,Paid Social
CNV_001436,USR_005897,SES_00054398,2026-04-18 16:53:27.805872,Pro_Monthly,Monthly,79.0,United States,Organic Search
CNV_002484,USR_026525,SES_00091288,2026-04-18 17:29:09.158491,Starter_Monthly,Monthly,29.0,United States,Paid Social
CNV_000400,USR_001936,SES_00014954,2026-04-18 17:40:04.429103,Starter_Monthly,Monthly,29.0,Canada,Referral
CNV_001664,USR_016632,SES_00062029,2026-04-18 18:32:37.000475,Pro_Monthly,Monthly,79.0,United States,Direct
CNV_003229,USR_003635,SES_00120062,2026-04-18 19:43:50.663261,Pro_Monthly,Monthly,79.0,United States,Product Hunt
CNV_001425,USR_000561,SES_00053944,2026-04-18 20:24:30.826456,Pro_Annual,Annual,790.0,United States,Direct
CNV_003082,USR_009540,SES_00114269,2026-04-18 20:36:14.428971,Starter_Annual,Annual,290.0,United States,Organic Search
CNV_003236,USR_022600,SES_00120341,2026-04-18 21:01:14.379629,Pro_Annual,Annual,790.0,Germany,Product Hunt
CNV_002134,USR_017610,SES_00078687,2026-04-18 21:12:31.362792,Pro_Annual,Annual,790.0,India,Product Hunt
CNV_003318,USR_031350,SES_00123479,2026-04-18 21:52:09.464880,Starter_Monthly,Monthly,29.0,United States,Organic Search
CNV_002343,USR_024018,SES_00086139,2026-04-18 23:35:03.642901,Starter_Monthly,Monthly,29.0,Canada,Paid Social
CNV_002891,USR_031206,SES_00106904,2026-04-19 00:19:41.455977,Starter_Annual,Annual,290.0,Germany,Organic Search
CNV_003193,USR_018956,SES_00118826,2026-04-19 00:52:00.841434,Pro_Monthly,Monthly,79.0,United States,Direct
CNV_003002,USR_030097,SES_00110832,2026-04-19 02:47:46.761260,Pro_Monthly,Monthly,79.0,France,Paid Social
CNV_002602,USR_030326,SES_00096136,2026-04-19 03:15:49.334075,Pro_Monthly,Monthly,79.0,United States,Direct
CNV_002645,USR_032355,SES_00097979,2026-04-19 04:07:45.452665,Starter_Annual,Annual,290.0,United States,Paid Social
CNV_001803,USR_005592,SES_00067015,2026-04-19 04:34:31.968880,Pro_Monthly,Monthly,79.0,United States,Referral
CNV_002805,USR_031356,SES_00103639,2026-04-19 05:16:41.500541,Starter_Monthly,Monthly,29.0,Australia,Organic Search
CNV_001762,USR_016833,SES_00065359,2026-04-19 05:22:53.090402,Pro_Monthly,Monthly,79.0,Canada,Paid Social
CNV_002382,USR_011834,SES_00087558,2026-04-19 08:00:00.253551,Pro_Annual,Annual,790.0,Canada,Organic Search
CNV_001863,USR_023053,SES_00068913,2026-04-19 09:00:19.045567,Starter_Monthly,Monthly,29.0,United Kingdom,Paid Social
CNV_003378,USR_006123,SES_00125667,2026-04-19 09:54:31.968355,Pro_Monthly,Monthly,79.0,India,Paid Social
CNV_002206,USR_032821,SES_00081302,2026-04-19 10:53:16.003304,Starter_Monthly,Monthly,29.0,France,Paid Social
CNV_003195,USR_022104,SES_00118884,2026-04-19 11:34:13.359163,Starter_Monthly,Monthly,29.0,United States,Organic Search
CNV_002975,USR_006907,SES_00109867,2026-04-19 14:47:13.928781,Starter_Monthly,Monthly,29.0,United States,Organic Search
CNV_001898,USR_023038,SES_00070179,2026-04-19 15:19:47.986017,Pro_Monthly,Monthly,79.0,United States,Organic Search
CNV_001951,USR_001122,SES_00071944,2026-04-19 15:42:58.642320,Starter_Monthly,Monthly,29.0,United Kingdom,Paid Social
CNV_002264,USR_019823,SES_00083351,2026-04-19 15:47:09.802532,Pro_Monthly,Monthly,79.0,Canada,Referral
CNV_000517,USR_024380,SES_00019518,2026-04-19 17:17:20.031222,Pro_Monthly,Monthly,79.0,United States,Direct
CNV_002717,USR_025874,SES_00100740,2026-04-19 17:59:48.163908,Starter_Monthly,Monthly,29.0,United Kingdom,Email Campaign
CNV_000472,USR_011385,SES_00017613,2026-04-19 18:21:16.207734,Starter_Annual,Annual,290.0,India,Paid Social
CNV_003036,USR_005177,SES_00112157,2026-04-19 18:44:32.503561,Starter_Annual,Annual,290.0,Germany,Paid Social
CNV_002499,USR_009117,SES_00091914,2026-04-19 18:50:33.516677,Pro_Annual,Annual,790.0,India,Paid Social
CNV_003282,USR_005156,SES_00122149,2026-04-19 19:25:36.031891,Starter_Monthly,Monthly,29.0,United States,Organic Search
CNV_002152,USR_015100,SES_00079325,2026-04-19 19:36:49.792188,Starter_Annual,Annual,290.0,United Kingdom,Organic Search
CNV_002466,USR_032244,SES_00090706,2026-04-19 20:11:56.862949,Starter_Monthly,Monthly,29.0,United States,Organic Search
CNV_002228,USR_001080,SES_00081984,2026-04-19 20:52:42.246462,Starter_Monthly,Monthly,29.0,United States,Paid Social
CNV_002974,USR_006092,SES_00109836,2026-04-19 21:38:17.930880,Starter_Monthly,Monthly,29.0,United States,Paid Social
CNV_003370,USR_033852,SES_00125410,2026-04-19 21:44:02.047746,Pro_Annual,Annual,790.0,India,Paid Social
CNV_003125,USR_033923,SES_00115916,2026-04-19 21:52:00.763510,Starter_Monthly,Monthly,29.0,Australia,Organic Search
CNV_002249,USR_031426,SES_00082770,2026-04-19 22:50:55.418767,Starter_Monthly,Monthly,29.0,United Kingdom,Referral
CNV_002397,USR_012992,SES_00088147,2026-04-19 23:41:23.254673,Starter_Monthly,Monthly,29.0,Australia,Paid Social
CNV_002837,USR_033338,SES_00104848,2026-04-20 00:11:37.119227,Starter_Annual,Annual,290.0,United Kingdom,Email Campaign
CNV_002946,USR_007531,SES_00108708,2026-04-20 00:35:38.488364,Pro_Monthly,Monthly,79.0,Germany,Paid Social
CNV_003202,USR_025342,SES_00119160,2026-04-20 00:38:40.462348,Starter_Monthly,Monthly,29.0,United Kingdom,Referral
CNV_000506,USR_011894,SES_00018905,2026-04-20 01:16:52.069436,Starter_Monthly,Monthly,29.0,Germany,Direct
CNV_001735,USR_030907,SES_00064391,2026-04-20 02:17:34.839946,Starter_Annual,Annual,290.0,United States,Paid Social
CNV_003372,USR_018695,SES_00125449,2026-04-20 02:46:18.525993,Starter_Monthly,Monthly,29.0,Germany,Direct
CNV_002331,USR_017723,SES_00085747,2026-04-20 03:22:10.037219,Pro_Annual,Annual,790.0,India,Paid Social
CNV_002074,USR_030118,SES_00076361,2026-04-20 04:11:01.371752,Pro_Monthly,Monthly,79.0,United States,Paid Social
CNV_002982,USR_033366,SES_00110193,2026-04-20 04:39:01.210929,Starter_Monthly,Monthly,29.0,Germany,Product Hunt
CNV_003175,USR_020165,SES_00118020,2026-04-20 06:09:18.267766,Pro_Annual,Annual,790.0,Canada,Paid Social
CNV_001121,USR_033311,SES_00042043,2026-04-20 06:19:27.619940,Pro_Monthly,Monthly,79.0,United States,Referral
CNV_002749,USR_022220,SES_00101707,2026-04-20 08:28:24.560472,Starter_Monthly,Monthly,29.0,India,Organic Search
CNV_000742,USR_024815,SES_00027515,2026-04-20 09:18:58.494406,Starter_Monthly,Monthly,29.0,United States,Organic Search
CNV_002530,USR_028079,SES_00093176,2026-04-20 09:31:23.633536,Starter_Monthly,Monthly,29.0,Canada,Paid Social
CNV_001579,USR_002873,SES_00059252,2026-04-20 10:07:51.270118,Pro_Monthly,Monthly,79.0,United States,Organic Search
CNV_003334,USR_018105,SES_00124211,2026-04-20 10:34:20.451553,Starter_Monthly,Monthly,29.0,United Kingdom,Direct
CNV_001681,USR_024336,SES_00062688,2026-04-20 10:59:44.607947,Starter_Annual,Annual,290.0,United States,Email Campaign
CNV_003344,USR_008968,SES_00124502,2026-04-20 11:21:10.530754,Pro_Monthly,Monthly,79.0,United States,Product Hunt
CNV_001870,USR_013801,SES_00069196,2026-04-20 13:45:22.741008,Starter_Monthly,Monthly,29.0,United States,Organic Search
CNV_002118,USR_033336,SES_00077906,2026-04-20 14:24:54.057910,Pro_Monthly,Monthly,79.0,Germany,Organic Search
CNV_002378,USR_022384,SES_00087431,2026-04-20 16:21:45.496362,Starter_Monthly,Monthly,29.0,United States,Product Hunt
CNV_002222,USR_003740,SES_00081827,2026-04-20 16:25:48.100777,Starter_Monthly,Monthly,29.0,United States,Organic Search
CNV_002919,USR_006297,SES_00107764,2026-04-20 17:09:08.058432,Pro_Monthly,Monthly,79.0,Australia,Email Campaign
CNV_001660,USR_034247,SES_00061957,2026-04-20 17:47:57.768109,Pro_Monthly,Monthly,79.0,Germany,Paid Social
CNV_002590,USR_001069,SES_00095725,2026-04-20 19:43:22.333333,Starter_Monthly,Monthly,29.0,Australia,Product Hunt
CNV_002115,USR_010413,SES_00077789,2026-04-20 22:29:01.739605,Starter_Monthly,Monthly,29.0,United States,Direct
CNV_003313,USR_013925,SES_00123283,2026-04-20 22:38:11.244308,Starter_Monthly,Monthly,29.0,United Kingdom,Paid Social
CNV_003327,USR_005855,SES_00123965,2026-04-20 22:39:24.357453,Starter_Monthly,Monthly,29.0,United States,Organic Search
CNV_001609,USR_015343,SES_00060341,2026-04-20 22:51:57.863555,Starter_Monthly,Monthly,29.0,United Kingdom,Organic Search
CNV_002069,USR_031249,SES_00075953,2026-04-20 23:10:56.534223,Starter_Annual,Annual,290.0,United Kingdom,Paid Social
CNV_003460,USR_029064,SES_00128849,2026-04-20 23:18:27.064840,Pro_Monthly,Monthly,79.0,United Kingdom,Email Campaign
CNV_001295,USR_010254,SES_00048569,2026-04-21 00:37:27.419231,Starter_Annual,Annual,290.0,United States,Referral
CNV_002789,USR_024538,SES_00103109,2026-04-21 00:49:56.601850,Starter_Monthly,Monthly,29.0,Australia,Organic Search
CNV_001172,USR_034958,SES_00043882,2026-04-21 01:36:55.061852,Pro_Monthly,Monthly,79.0,United States,Organic Search
CNV_003015,USR_034618,SES_00111237,2026-04-21 05:12:50.953064,Starter_Monthly,Monthly,29.0,United States,Organic Search
CNV_003213,USR_024803,SES_00119643,2026-04-21 05:44:22.757710,Pro_Monthly,Monthly,79.0,Germany,Product Hunt
CNV_003399,USR_010038,SES_00126722,2026-04-21 06:15:19.086811,Starter_Monthly,Monthly,29.0,United States,Paid Social
CNV_002567,USR_018827,SES_00094887,2026-04-21 06:59:58.250304,Starter_Monthly,Monthly,29.0,Germany,Direct
CNV_002852,USR_006784,SES_00105416,2026-04-21 08:01:22.861082,Starter_Monthly,Monthly,29.0,France,Organic Search
CNV_002776,USR_033016,SES_00102652,2026-04-21 10:28:24.079293,Starter_Annual,Annual,290.0,Germany,Direct
CNV_002560,USR_003199,SES_00094378,2026-04-21 11:56:15.740998,Starter_Monthly,Monthly,29.0,Germany,Organic Search
CNV_002691,USR_000635,SES_00099963,2026-04-21 12:10:20.149109,Starter_Monthly,Monthly,29.0,Germany,Paid Social
CNV_002689,USR_013963,SES_00099883,2026-04-21 13:44:54.961337,Enterprise,Custom,1999.0,India,Direct
CNV_002505,USR_007760,SES_00092139,2026-04-21 13:59:33.014934,Pro_Monthly,Monthly,79.0,United Kingdom,Organic Search
CNV_003392,USR_007127,SES_00126472,2026-04-21 14:31:40.673375,Starter_Monthly,Monthly,29.0,Germany,Organic Search
CNV_002161,USR_005985,SES_00079591,2026-04-21 15:43:16.601345,Starter_Monthly,Monthly,29.0,India,Referral
CNV_002154,USR_025851,SES_00079394,2026-04-21 16:05:36.787015,Pro_Monthly,Monthly,79.0,United States,Paid Social
CNV_002714,USR_001199,SES_00100673,2026-04-21 16:35:05.289072,Pro_Annual,Annual,790.0,United States,Referral
CNV_002973,USR_032868,SES_00109767,2026-04-21 16:59:46.568174,Starter_Annual,Annual,290.0,Germany,Direct
CNV_003223,USR_024987,SES_00119957,2026-04-21 17:00:14.174016,Starter_Monthly,Monthly,29.0,United States,Product Hunt
CNV_003369,USR_030854,SES_00125366,2026-04-21 17:47:08.518559,Starter_Monthly,Monthly,29.0,United States,Paid Social
CNV_002778,USR_026507,SES_00102709,2026-04-21 18:00:10.247623,Starter_Monthly,Monthly,29.0,Canada,Referral
CNV_002578,USR_031595,SES_00095357,2026-04-21 18:17:02.607099,Starter_Monthly,Monthly,29.0,United Kingdom,Paid Social
CNV_002493,USR_019629,SES_00091642,2026-04-21 18:25:54.657528,Starter_Monthly,Monthly,29.0,United States,Organic Search
CNV_003075,USR_008042,SES_00113643,2026-04-21 18:27:25.120002,Pro_Monthly,Monthly,79.0,India,Email Campaign
CNV_002912,USR_018538,SES_00107541,2026-04-21 20:27:27.782292,Pro_Monthly,Monthly,79.0,United States,Paid Social
CNV_002261,USR_003859,SES_00083294,2026-04-21 21:11:00.153736,Starter_Monthly,Monthly,29.0,Australia,Direct
CNV_003353,USR_002168,SES_00124823,2026-04-21 23:44:57.346316,Pro_Monthly,Monthly,79.0,United Kingdom,Organic Search
CNV_001179,USR_016712,SES_00044169,2026-04-22 00:13:20.376904,Pro_Monthly,Monthly,79.0,United States,Organic Search
CNV_003113,USR_032158,SES_00115332,2026-04-22 01:38:29.197854,Starter_Monthly,Monthly,29.0,United Kingdom,Organic Search
CNV_003208,USR_006973,SES_00119497,2026-04-22 01:42:17.153492,Starter_Monthly,Monthly,29.0,United States,Referral
CNV_003455,USR_000385,SES_00128625,2026-04-22 02:02:44.230042,Starter_Monthly,Monthly,29.0,France,Direct
CNV_002800,USR_016018,SES_00103464,2026-04-22 05:26:20.700869,Starter_Monthly,Monthly,29.0,United States,Organic Search
CNV_000967,USR_003222,SES_00036727,2026-04-22 05:43:59.730680,Starter_Annual,Annual,290.0,Germany,Organic Search
CNV_002612,USR_016129,SES_00096514,2026-04-22 08:09:24.425659,Starter_Monthly,Monthly,29.0,United States,Direct
CNV_003407,USR_015812,SES_00126990,2026-04-22 08:21:15.378583,Pro_Monthly,Monthly,79.0,United States,Direct
CNV_001357,USR_016694,SES_00051234,2026-04-22 08:30:15.444716,Pro_Monthly,Monthly,79.0,United States,Organic Search
CNV_002321,USR_017966,SES_00085447,2026-04-22 10:24:44.129525,Starter_Monthly,Monthly,29.0,United States,Product Hunt
CNV_002607,USR_021533,SES_00096311,2026-04-22 11:16:41.671774,Starter_Monthly,Monthly,29.0,United States,Paid Social
CNV_003341,USR_012836,SES_00124382,2026-04-22 11:22:55.521538,Starter_Monthly,Monthly,29.0,United States,Direct
CNV_003071,USR_023574,SES_00113511,2026-04-22 12:00:35.189086,Starter_Monthly,Monthly,29.0,United Kingdom,Direct
CNV_003206,USR_021717,SES_00119412,2026-04-22 12:22:50.884850,Starter_Monthly,Monthly,29.0,India,Organic Search
CNV_003091,USR_001784,SES_00114585,2026-04-22 13:29:20.030651,Starter_Monthly,Monthly,29.0,United Kingdom,Product Hunt
CNV_001786,USR_034344,SES_00066291,2026-04-22 13:47:25.744275,Starter_Monthly,Monthly,29.0,United States,Paid Social
CNV_003259,USR_011055,SES_00121290,2026-04-22 14:10:31.546921,Pro_Monthly,Monthly,79.0,India,Product Hunt
CNV_001314,USR_005883,SES_00049424,2026-04-22 16:46:22.417768,Starter_Annual,Annual,290.0,United States,Product Hunt
CNV_000538,USR_021454,SES_00020230,2026-04-22 16:53:27.328778,Starter_Monthly,Monthly,29.0,Germany,Email Campaign
CNV_002165,USR_026887,SES_00079796,2026-04-22 17:22:21.115885,Pro_Monthly,Monthly,79.0,Canada,Organic Search
CNV_002757,USR_003840,SES_00101938,2026-04-22 17:43:28.734871,Starter_Monthly,Monthly,29.0,United States,Paid Social
CNV_002719,USR_023868,SES_00100849,2026-04-22 19:49:12.438514,Pro_Annual,Annual,790.0,United States,Organic Search
CNV_002480,USR_032140,SES_00091199,2026-04-22 20:11:32.940439,Pro_Annual,Annual,790.0,Australia,Email Campaign
CNV_002833,USR_012998,SES_00104729,2026-04-22 20:18:37.709793,Starter_Monthly,Monthly,29.0,United States,Paid Social
CNV_003094,USR_012877,SES_00114712,2026-04-22 22:18:09.764937,Pro_Monthly,Monthly,79.0,United Kingdom,Referral
CNV_003021,USR_001253,SES_00111511,2026-04-22 22:48:12.646216,Starter_Monthly,Monthly,29.0,Canada,Paid Social
CNV_003157,USR_026375,SES_00117144,2026-04-22 23:52:04.115929,Pro_Monthly,Monthly,79.0,United States,Paid Social
CNV_003323,USR_027641,SES_00123779,2026-04-22 23:53:49.312085,Starter_Monthly,Monthly,29.0,United States,Paid Social
CNV_003330,USR_025324,SES_00124107,2026-04-23 01:57:54.173863,Pro_Monthly,Monthly,79.0,United States,Paid Social
CNV_001178,USR_000417,SES_00044145,2026-04-23 02:02:44.098548,Starter_Annual,Annual,290.0,United States,Product Hunt
CNV_001669,USR_022617,SES_00062174,2026-04-23 03:57:31.796794,Pro_Monthly,Monthly,79.0,India,Paid Social
CNV_002798,USR_025047,SES_00103443,2026-04-23 04:29:14.061883,Starter_Monthly,Monthly,29.0,United States,Referral
CNV_002804,USR_024387,SES_00103612,2026-04-23 06:31:23.291550,Starter_Monthly,Monthly,29.0,Germany,Organic Search
CNV_003167,USR_010911,SES_00117651,2026-04-23 08:35:15.918952,Pro_Monthly,Monthly,79.0,Germany,Paid Social
CNV_002969,USR_030487,SES_00109653,2026-04-23 08:55:36.951931,Enterprise,Custom,1999.0,United States,Referral
CNV_002750,USR_028018,SES_00101767,2026-04-23 09:01:25.391825,Starter_Monthly,Monthly,29.0,United States,Product Hunt
CNV_002300,USR_032978,SES_00084785,2026-04-23 09:25:54.845862,Starter_Monthly,Monthly,29.0,Germany,Product Hunt
CNV_003130,USR_018511,SES_00116103,2026-04-23 10:28:56.281224,Starter_Monthly,Monthly,29.0,United States,Direct
CNV_003278,USR_006085,SES_00122065,2026-04-23 10:54:41.582034,Pro_Monthly,Monthly,79.0,France,Paid Social
CNV_002802,USR_013872,SES_00103521,2026-04-23 11:47:36.315606,Starter_Monthly,Monthly,29.0,United States,Organic Search
CNV_003162,USR_018415,SES_00117313,2026-04-23 15:02:46.199864,Pro_Monthly,Monthly,79.0,United States,Direct
CNV_000250,USR_015417,SES_00008772,2026-04-23 15:12:27.864712,Starter_Annual,Annual,290.0,United Kingdom,Email Campaign
CNV_000787,USR_016288,SES_00029731,2026-04-23 17:15:43.347089,Starter_Monthly,Monthly,29.0,United States,Referral
CNV_003134,USR_000773,SES_00116205,2026-04-23 18:16:15.969091,Enterprise,Custom,1999.0,Canada,Paid Social
CNV_002139,USR_003055,SES_00078902,2026-04-23 18:51:24.213227,Starter_Monthly,Monthly,29.0,Germany,Organic Search
CNV_003029,USR_014673,SES_00111782,2026-04-23 20:56:23.648881,Starter_Annual,Annual,290.0,United States,Organic Search
CNV_002966,USR_012809,SES_00109507,2026-04-23 21:02:58.316648,Pro_Annual,Annual,790.0,United States,Paid Social
CNV_002947,USR_025237,SES_00108729,2026-04-23 21:44:46.858117,Pro_Monthly,Monthly,79.0,Australia,Referral
CNV_003056,USR_029134,SES_00112878,2026-04-23 22:43:36.286526,Pro_Monthly,Monthly,79.0,Canada,Referral
CNV_002082,USR_030138,SES_00076579,2026-04-23 23:00:17.179942,Starter_Monthly,Monthly,29.0,United States,Organic Search
CNV_001907,USR_000064,SES_00070469,2026-04-23 23:21:15.198433,Starter_Monthly,Monthly,29.0,Australia,Direct
CNV_003507,USR_027046,SES_00130695,2026-04-24 00:11:23.000787,Starter_Monthly,Monthly,29.0,Australia,Direct
CNV_003000,USR_029280,SES_00110763,2026-04-24 00:37:10.872299,Starter_Monthly,Monthly,29.0,United States,Product Hunt
CNV_002040,USR_020426,SES_00074733,2026-04-24 00:53:52.421940,Pro_Monthly,Monthly,79.0,United States,Organic Search
CNV_002036,USR_018441,SES_00074594,2026-04-24 01:15:17.925280,Starter_Monthly,Monthly,29.0,United Kingdom,Organic Search
CNV_000338,USR_029923,SES_00012243,2026-04-24 01:41:43.473126,Starter_Monthly,Monthly,29.0,Australia,Direct
CNV_003340,USR_017309,SES_00124350,2026-04-24 01:52:12.747594,Starter_Monthly,Monthly,29.0,United States,Product Hunt
CNV_003364,USR_024320,SES_00125180,2026-04-24 03:48:11.940562,Starter_Monthly,Monthly,29.0,France,Product Hunt
CNV_002465,USR_002432,SES_00090683,2026-04-24 03:52:21.400220,Starter_Monthly,Monthly,29.0,United States,Referral
CNV_002542,USR_014720,SES_00093558,2026-04-24 04:53:53.974482,Pro_Monthly,Monthly,79.0,United States,Paid Social
CNV_000508,USR_031223,SES_00019136,2026-04-24 05:13:32.683941,Starter_Monthly,Monthly,29.0,United States,Organic Search
CNV_003348,USR_009498,SES_00124663,2026-04-24 05:21:58.321610,Pro_Monthly,Monthly,79.0,France,Email Campaign
CNV_001348,USR_016042,SES_00050845,2026-04-24 05:53:19.463324,Pro_Monthly,Monthly,79.0,United States,Product Hunt
CNV_003581,USR_021022,SES_00133388,2026-04-24 06:24:25.827384,Enterprise,Custom,1999.0,Canada,Paid Social
CNV_003119,USR_008819,SES_00115629,2026-04-24 06:30:24.586091,Starter_Monthly,Monthly,29.0,United Kingdom,Product Hunt
CNV_003368,USR_007728,SES_00125354,2026-04-24 06:32:16.244579,Starter_Monthly,Monthly,29.0,Germany,Product Hunt
CNV_002666,USR_000071,SES_00098859,2026-04-24 07:38:13.358205,Starter_Monthly,Monthly,29.0,Germany,Paid Social
CNV_003026,USR_015475,SES_00111728,2026-04-24 07:38:24.583366,Starter_Monthly,Monthly,29.0,India,Direct
CNV_003426,USR_034853,SES_00127720,2026-04-24 09:48:36.490236,Pro_Monthly,Monthly,79.0,United States,Direct
CNV_001618,USR_032726,SES_00060639,2026-04-24 10:28:24.112447,Pro_Monthly,Monthly,79.0,Germany,Paid Social
CNV_002624,USR_023313,SES_00096979,2026-04-24 10:48:42.641957,Pro_Monthly,Monthly,79.0,United States,Organic Search
CNV_002921,USR_000222,SES_00107857,2026-04-24 11:26:32.412439,Pro_Monthly,Monthly,79.0,United Kingdom,Organic Search
CNV_002424,USR_018649,SES_00089171,2026-04-24 12:37:19.453876,Pro_Annual,Annual,790.0,United States,Paid Social
CNV_003250,USR_027191,SES_00120885,2026-04-24 13:03:09.687420,Pro_Monthly,Monthly,79.0,United States,Paid Social
CNV_003454,USR_011563,SES_00128617,2026-04-24 16:12:45.540127,Pro_Monthly,Monthly,79.0,United Kingdom,Referral
CNV_000241,USR_007905,SES_00008447,2026-04-24 16:27:14.518870,Pro_Annual,Annual,790.0,United Kingdom,Email Campaign
CNV_002478,USR_017014,SES_00091154,2026-04-24 16:37:09.098629,Pro_Monthly,Monthly,79.0,Australia,Email Campaign
CNV_001753,USR_010614,SES_00065055,2026-04-24 18:24:15.991154,Starter_Monthly,Monthly,29.0,India,Referral
CNV_002479,USR_001343,SES_00091191,2026-04-24 18:37:38.286436,Starter_Monthly,Monthly,29.0,Germany,Paid Social
CNV_001757,USR_023044,SES_00065197,2026-04-24 22:36:46.935077,Starter_Monthly,Monthly,29.0,Australia,Paid Social
CNV_003303,USR_024525,SES_00122825,2026-04-24 22:54:07.000193,Starter_Monthly,Monthly,29.0,United States,Direct
CNV_002629,USR_017998,SES_00097221,2026-04-24 23:20:38.295628,Starter_Monthly,Monthly,29.0,United States,Direct
CNV_001061,USR_004077,SES_00039744,2026-04-25 00:41:28.752488,Pro_Monthly,Monthly,79.0,Germany,Paid Social
CNV_003063,USR_017297,SES_00113174,2026-04-25 00:44:36.170787,Pro_Monthly,Monthly,79.0,Germany,Paid Social
CNV_002241,USR_006384,SES_00082567,2026-04-25 00:46:57.672849,Pro_Monthly,Monthly,79.0,United States,Referral
CNV_003384,USR_005357,SES_00125908,2026-04-25 01:27:50.546832,Starter_Monthly,Monthly,29.0,India,Paid Social
CNV_001561,USR_005521,SES_00058816,2026-04-25 01:35:24.258954,Pro_Monthly,Monthly,79.0,India,Product Hunt
CNV_002320,USR_001842,SES_00085438,2026-04-25 02:17:32.959869,Starter_Monthly,Monthly,29.0,United States,Organic Search
CNV_000907,USR_021088,SES_00034867,2026-04-25 03:31:31.839325,Starter_Monthly,Monthly,29.0,India,Paid Social
CNV_003531,USR_005526,SES_00131676,2026-04-25 03:31:50.174127,Starter_Monthly,Monthly,29.0,Australia,Organic Search
CNV_001964,USR_016718,SES_00072393,2026-04-25 03:43:19.236453,Pro_Monthly,Monthly,79.0,Canada,Organic Search
CNV_003418,USR_030478,SES_00127451,2026-04-25 04:32:18.831145,Starter_Monthly,Monthly,29.0,France,Product Hunt
CNV_001293,USR_011898,SES_00048506,2026-04-25 04:57:44.102684,Starter_Monthly,Monthly,29.0,France,Product Hunt
CNV_003151,USR_000017,SES_00116989,2026-04-25 05:52:46.776392,Starter_Annual,Annual,290.0,United Kingdom,Organic Search
CNV_003023,USR_024122,SES_00111657,2026-04-25 07:31:51.943602,Pro_Monthly,Monthly,79.0,United Kingdom,Product Hunt
CNV_002933,USR_001120,SES_00108291,2026-04-25 07:49:07.970735,Starter_Monthly,Monthly,29.0,Germany,Email Campaign
CNV_003595,USR_006857,SES_00133947,2026-04-25 07:51:52.269866,Starter_Monthly,Monthly,29.0,Canada,Referral
CNV_003240,USR_031915,SES_00120396,2026-04-25 07:55:14.642788,Starter_Monthly,Monthly,29.0,India,Organic Search
CNV_001504,USR_023216,SES_00056826,2026-04-25 08:22:11.035167,Pro_Monthly,Monthly,79.0,United States,Organic Search
CNV_001287,USR_011225,SES_00048206,2026-04-25 08:28:56.337101,Starter_Monthly,Monthly,29.0,United States,Paid Social
CNV_003586,USR_015795,SES_00133682,2026-04-25 08:41:18.677000,Pro_Annual,Annual,790.0,France,Referral
CNV_003564,USR_017818,SES_00132834,2026-04-25 10:13:50.237602,Starter_Monthly,Monthly,29.0,United States,Direct
CNV_002079,USR_022971,SES_00076513,2026-04-25 10:50:19.065491,Pro_Annual,Annual,790.0,United States,Product Hunt
CNV_003179,USR_019448,SES_00118165,2026-04-25 11:54:47.710824,Starter_Monthly,Monthly,29.0,India,Paid Social
CNV_003059,USR_032493,SES_00112978,2026-04-25 12:41:11.625731,Pro_Monthly,Monthly,79.0,Germany,Referral
CNV_002510,USR_023563,SES_00092397,2026-04-25 13:42:52.437247,Pro_Monthly,Monthly,79.0,United States,Referral
CNV_003296,USR_012850,SES_00122483,2026-04-25 15:56:14.728934,Starter_Monthly,Monthly,29.0,United States,Paid Social
CNV_003543,USR_012464,SES_00132143,2026-04-25 17:22:38.017874,Pro_Annual,Annual,790.0,Australia,Organic Search
CNV_003325,USR_033957,SES_00123902,2026-04-25 17:39:23.434598,Pro_Monthly,Monthly,79.0,Australia,Organic Search
CNV_003088,USR_003866,SES_00114495,2026-04-25 19:36:06.992162,Pro_Monthly,Monthly,79.0,India,Email Campaign
CNV_003326,USR_006043,SES_00123937,2026-04-25 20:12:00.995548,Starter_Annual,Annual,290.0,United States,Product Hunt
CNV_003267,USR_020645,SES_00121687,2026-04-25 20:23:46.830165,Starter_Monthly,Monthly,29.0,Australia,Direct
CNV_002199,USR_010124,SES_00081116,2026-04-25 21:20:26.423641,Starter_Annual,Annual,290.0,France,Organic Search
CNV_003504,USR_011071,SES_00130487,2026-04-25 21:58:55.425463,Starter_Monthly,Monthly,29.0,United States,Product Hunt
CNV_003268,USR_006417,SES_00121708,2026-04-25 22:01:41.633795,Starter_Monthly,Monthly,29.0,India,Direct
CNV_003483,USR_014419,SES_00129841,2026-04-25 23:16:58.054506,Starter_Monthly,Monthly,29.0,Canada,Organic Search
CNV_001893,USR_031433,SES_00069944,2026-04-26 01:26:47.569438,Starter_Monthly,Monthly,29.0,United States,Organic Search
CNV_003636,USR_001187,SES_00135339,2026-04-26 01:53:51.967783,Starter_Monthly,Monthly,29.0,United States,Product Hunt
CNV_003526,USR_007312,SES_00131503,2026-04-26 02:44:46.955089,Pro_Monthly,Monthly,79.0,United States,Referral
CNV_003069,USR_008939,SES_00113453,2026-04-26 04:02:38.600455,Starter_Annual,Annual,290.0,Germany,Organic Search
CNV_003506,USR_026669,SES_00130643,2026-04-26 06:50:36.456528,Starter_Monthly,Monthly,29.0,Australia,Organic Search
CNV_002579,USR_031895,SES_00095394,2026-04-26 06:51:34.737787,Starter_Monthly,Monthly,29.0,United States,Product Hunt
CNV_002725,USR_003153,SES_00100959,2026-04-26 09:27:49.575125,Starter_Annual,Annual,290.0,United Kingdom,Paid Social
CNV_001910,USR_028804,SES_00070623,2026-04-26 09:41:32.609459,Starter_Monthly,Monthly,29.0,United States,Direct
CNV_002651,USR_027156,SES_00098227,2026-04-26 10:33:14.618635,Pro_Monthly,Monthly,79.0,United States,Paid Social
CNV_000726,USR_011610,SES_00026915,2026-04-26 11:37:11.813565,Pro_Monthly,Monthly,79.0,India,Product Hunt
CNV_003473,USR_001416,SES_00129426,2026-04-26 12:18:45.161929,Pro_Monthly,Monthly,79.0,India,Organic Search
CNV_002570,USR_033318,SES_00095009,2026-04-26 13:15:43.385748,Starter_Monthly,Monthly,29.0,France,Organic Search
CNV_003376,USR_028850,SES_00125583,2026-04-26 13:30:26.534263,Enterprise,Custom,1999.0,United States,Referral
CNV_002874,USR_030605,SES_00106353,2026-04-26 13:54:47.264610,Pro_Monthly,Monthly,79.0,United States,Direct
CNV_000991,USR_022593,SES_00037544,2026-04-26 14:21:26.424218,Starter_Monthly,Monthly,29.0,India,Referral
CNV_003280,USR_013452,SES_00122112,2026-04-26 15:06:45.361204,Starter_Monthly,Monthly,29.0,Australia,Organic Search
CNV_003648,USR_027089,SES_00135939,2026-04-26 15:20:03.618033,Starter_Monthly,Monthly,29.0,Canada,Referral
CNV_001120,USR_007522,SES_00042005,2026-04-26 16:12:21.562139,Pro_Annual,Annual,790.0,United States,Organic Search
CNV_002676,USR_021864,SES_00099335,2026-04-26 18:07:31.374587,Pro_Monthly,Monthly,79.0,Australia,Email Campaign
CNV_002401,USR_027498,SES_00088318,2026-04-26 18:52:08.935867,Starter_Monthly,Monthly,29.0,Australia,Organic Search
CNV_003112,USR_028423,SES_00115308,2026-04-26 19:01:11.342786,Starter_Monthly,Monthly,29.0,Germany,Organic Search
CNV_000972,USR_006939,SES_00036923,2026-04-26 20:27:22.816171,Pro_Monthly,Monthly,79.0,United States,Referral
CNV_003141,USR_009039,SES_00116561,2026-04-26 21:30:00.522863,Starter_Monthly,Monthly,29.0,United States,Organic Search
CNV_003585,USR_013772,SES_00133649,2026-04-26 22:16:23.039503,Starter_Monthly,Monthly,29.0,Germany,Organic Search
CNV_002695,USR_001761,SES_00100163,2026-04-26 22:21:14.128453,Starter_Monthly,Monthly,29.0,Germany,Email Campaign
CNV_002544,USR_022256,SES_00093620,2026-04-26 22:43:32.514003,Starter_Monthly,Monthly,29.0,Canada,Email Campaign
CNV_002843,USR_031124,SES_00105165,2026-04-26 22:44:06.391546,Pro_Monthly,Monthly,79.0,Germany,Paid Social
CNV_003587,USR_009938,SES_00133723,2026-04-26 23:17:57.101339,Pro_Monthly,Monthly,79.0,United Kingdom,Email Campaign
CNV_003578,USR_027614,SES_00133336,2026-04-27 00:33:53.029556,Starter_Monthly,Monthly,29.0,United States,Paid Social
CNV_002803,USR_004164,SES_00103542,2026-04-27 01:06:00.421617,Pro_Monthly,Monthly,79.0,United Kingdom,Direct
CNV_003647,USR_013346,SES_00135914,2026-04-27 01:47:05.062393,Starter_Monthly,Monthly,29.0,Canada,Organic Search
CNV_002286,USR_023794,SES_00084308,2026-04-27 02:45:04.607069,Starter_Monthly,Monthly,29.0,United States,Paid Social
CNV_001132,USR_004791,SES_00042487,2026-04-27 02:57:54.386765,Starter_Monthly,Monthly,29.0,Canada,Paid Social
CNV_003247,USR_023185,SES_00120688,2026-04-27 03:21:45.442326,Pro_Monthly,Monthly,79.0,United States,Product Hunt
CNV_003435,USR_000785,SES_00128036,2026-04-27 03:28:15.468181,Starter_Monthly,Monthly,29.0,United States,Direct
CNV_002325,USR_030901,SES_00085594,2026-04-27 04:49:44.181859,Starter_Monthly,Monthly,29.0,Germany,Paid Social
CNV_002092,USR_017324,SES_00076910,2026-04-27 05:10:15.919502,Pro_Annual,Annual,790.0,Germany,Referral
CNV_002143,USR_026315,SES_00079017,2026-04-27 05:48:35.480421,Starter_Annual,Annual,290.0,United Kingdom,Paid Social
CNV_002792,USR_015184,SES_00103253,2026-04-27 05:58:48.637917,Starter_Monthly,Monthly,29.0,United States,Product Hunt
CNV_003475,USR_000073,SES_00129456,2026-04-27 06:49:20.759290,Pro_Monthly,Monthly,79.0,India,Email Campaign
CNV_003447,USR_021125,SES_00128471,2026-04-27 09:53:22.908483,Starter_Monthly,Monthly,29.0,Germany,Organic Search
CNV_002487,USR_022565,SES_00091426,2026-04-27 11:18:47.008649,Pro_Monthly,Monthly,79.0,United States,Organic Search
CNV_002452,USR_027480,SES_00090273,2026-04-27 12:03:19.948824,Starter_Monthly,Monthly,29.0,India,Organic Search
CNV_002821,USR_002038,SES_00104289,2026-04-27 13:05:23.821748,Pro_Annual,Annual,790.0,Australia,Email Campaign
CNV_001466,USR_006146,SES_00055560,2026-04-27 14:25:43.599481,Pro_Monthly,Monthly,79.0,United Kingdom,Organic Search
CNV_003451,USR_008938,SES_00128561,2026-04-27 15:02:41.754686,Starter_Monthly,Monthly,29.0,United States,Product Hunt
CNV_000826,USR_011278,SES_00031695,2026-04-27 16:11:29.298326,Pro_Monthly,Monthly,79.0,United States,Direct
CNV_001835,USR_016016,SES_00068014,2026-04-27 17:21:59.214821,Starter_Monthly,Monthly,29.0,France,Paid Social
CNV_003500,USR_026163,SES_00130358,2026-04-27 19:39:44.575190,Starter_Monthly,Monthly,29.0,United States,Paid Social
CNV_000445,USR_026827,SES_00016625,2026-04-27 20:48:59.269485,Pro_Annual,Annual,790.0,United States,Referral
CNV_002515,USR_021314,SES_00092574,2026-04-27 22:06:26.561542,Starter_Monthly,Monthly,29.0,United Kingdom,Product Hunt
CNV_002880,USR_007177,SES_00106548,2026-04-27 22:57:54.051292,Starter_Annual,Annual,290.0,Australia,Referral
CNV_003431,USR_015043,SES_00127923,2026-04-28 00:46:19.400806,Pro_Monthly,Monthly,79.0,Australia,Email Campaign
CNV_002690,USR_016603,SES_00099928,2026-04-28 01:42:29.032370,Starter_Monthly,Monthly,29.0,United Kingdom,Direct
CNV_002881,USR_009203,SES_00106564,2026-04-28 03:17:14.884799,Pro_Monthly,Monthly,79.0,United States,Direct
CNV_003680,USR_008627,SES_00137490,2026-04-28 04:23:10.885578,Pro_Annual,Annual,790.0,Germany,Organic Search
CNV_002442,USR_017402,SES_00089938,2026-04-28 05:38:19.233749,Starter_Monthly,Monthly,29.0,United Kingdom,Paid Social
CNV_003356,USR_006260,SES_00124887,2026-04-28 05:50:45.302622,Pro_Monthly,Monthly,79.0,Australia,Organic Search
CNV_002942,USR_033459,SES_00108530,2026-04-28 06:56:09.574075,Starter_Monthly,Monthly,29.0,Germany,Organic Search
CNV_002720,USR_017876,SES_00100857,2026-04-28 07:16:48.557952,Pro_Monthly,Monthly,79.0,United States,Email Campaign
CNV_002649,USR_001370,SES_00098154,2026-04-28 08:26:25.100131,Starter_Monthly,Monthly,29.0,United Kingdom,Organic Search
CNV_002027,USR_026799,SES_00074358,2026-04-28 09:41:56.589653,Pro_Monthly,Monthly,79.0,Australia,Paid Social
CNV_001000,USR_000960,SES_00037898,2026-04-28 11:05:25.534566,Starter_Monthly,Monthly,29.0,United States,Referral
CNV_003438,USR_025950,SES_00128176,2026-04-28 14:42:21.517593,Starter_Monthly,Monthly,29.0,France,Organic Search
CNV_003302,USR_020989,SES_00122723,2026-04-28 15:51:36.514026,Starter_Monthly,Monthly,29.0,Australia,Paid Social
CNV_003117,USR_009752,SES_00115528,2026-04-28 16:33:49.810652,Starter_Monthly,Monthly,29.0,Australia,Direct
CNV_003513,USR_032080,SES_00130893,2026-04-28 17:13:42.175578,Pro_Monthly,Monthly,79.0,United Kingdom,Paid Social
CNV_003295,USR_012791,SES_00122446,2026-04-28 17:23:33.580545,Starter_Monthly,Monthly,29.0,Germany,Organic Search
CNV_002713,USR_001587,SES_00100587,2026-04-28 17:25:37.978586,Starter_Monthly,Monthly,29.0,Australia,Referral
CNV_002903,USR_012063,SES_00107332,2026-04-28 17:48:06.631247,Starter_Monthly,Monthly,29.0,Canada,Organic Search
CNV_002156,USR_028286,SES_00079447,2026-04-28 17:49:03.740060,Starter_Monthly,Monthly,29.0,India,Referral
CNV_003153,USR_012508,SES_00117016,2026-04-28 17:50:20.377255,Starter_Monthly,Monthly,29.0,Canada,Organic Search
CNV_003691,USR_017663,SES_00137984,2026-04-28 19:34:15.607448,Pro_Monthly,Monthly,79.0,Germany,Organic Search
CNV_003440,USR_008624,SES_00128283,2026-04-28 19:46:19.905007,Starter_Monthly,Monthly,29.0,United States,Product Hunt
CNV_003374,USR_017992,SES_00125503,2026-04-28 19:47:27.840343,Starter_Monthly,Monthly,29.0,France,Paid Social
CNV_001988,USR_016137,SES_00073195,2026-04-28 22:54:00.506231,Starter_Monthly,Monthly,29.0,United Kingdom,Direct
CNV_000942,USR_006708,SES_00035828,2026-04-28 23:32:35.332425,Starter_Monthly,Monthly,29.0,United Kingdom,Paid Social
CNV_003559,USR_033999,SES_00132655,2026-04-28 23:41:53.285676,Starter_Annual,Annual,290.0,United States,Direct
CNV_003239,USR_012367,SES_00120375,2026-04-29 00:36:14.456284,Pro_Monthly,Monthly,79.0,United States,Referral
CNV_000102,USR_030034,SES_00003515,2026-04-29 02:40:09.879493,Pro_Monthly,Monthly,79.0,United States,Organic Search
CNV_003275,USR_024140,SES_00121922,2026-04-29 02:57:14.309022,Starter_Annual,Annual,290.0,United States,Organic Search
CNV_000848,USR_000429,SES_00032559,2026-04-29 04:40:49.706486,Pro_Monthly,Monthly,79.0,India,Referral
CNV_003425,USR_026255,SES_00127700,2026-04-29 05:06:46.957320,Pro_Monthly,Monthly,79.0,United States,Direct
CNV_002964,USR_022167,SES_00109372,2026-04-29 06:19:47.413896,Starter_Annual,Annual,290.0,United States,Email Campaign
CNV_001773,USR_019177,SES_00065821,2026-04-29 06:30:13.444740,Starter_Annual,Annual,290.0,United Kingdom,Direct
CNV_001248,USR_005905,SES_00046868,2026-04-29 07:55:22.631322,Starter_Monthly,Monthly,29.0,United States,Paid Social
CNV_002926,USR_015850,SES_00107997,2026-04-29 09:05:21.423492,Pro_Monthly,Monthly,79.0,Canada,Organic Search
CNV_003286,USR_025545,SES_00122269,2026-04-29 11:14:48.908059,Pro_Monthly,Monthly,79.0,United States,Paid Social
CNV_000282,USR_026492,SES_00010224,2026-04-29 12:04:38.957592,Starter_Monthly,Monthly,29.0,Canada,Paid Social
CNV_001080,USR_014845,SES_00040440,2026-04-29 12:05:54.003154,Starter_Monthly,Monthly,29.0,India,Organic Search
CNV_003171,USR_009098,SES_00117760,2026-04-29 12:22:13.031984,Starter_Monthly,Monthly,29.0,United States,Paid Social
CNV_002132,USR_017435,SES_00078576,2026-04-29 13:08:06.159412,Starter_Annual,Annual,290.0,Australia,Paid Social
CNV_002957,USR_016951,SES_00109169,2026-04-29 15:00:53.907794,Starter_Monthly,Monthly,29.0,France,Referral
CNV_003604,USR_004141,SES_00134216,2026-04-29 15:18:27.262181,Pro_Monthly,Monthly,79.0,United States,Organic Search
CNV_003138,USR_031643,SES_00116328,2026-04-29 15:48:20.593658,Starter_Monthly,Monthly,29.0,Germany,Organic Search
CNV_001390,USR_029415,SES_00052778,2026-04-29 16:47:02.067834,Starter_Monthly,Monthly,29.0,Germany,Paid Social
CNV_003380,USR_021604,SES_00125726,2026-04-29 17:10:16.706165,Starter_Monthly,Monthly,29.0,United States,Referral
CNV_002887,USR_008472,SES_00106810,2026-04-29 18:06:43.787686,Starter_Monthly,Monthly,29.0,Germany,Direct
CNV_003588,USR_014940,SES_00133772,2026-04-29 18:09:53.092405,Starter_Monthly,Monthly,29.0,United States,Email Campaign
CNV_003405,USR_006919,SES_00126955,2026-04-29 18:22:56.968875,Pro_Annual,Annual,790.0,India,Organic Search
CNV_002163,USR_034834,SES_00079620,2026-04-29 19:05:43.487907,Pro_Monthly,Monthly,79.0,United Kingdom,Product Hunt
CNV_001384,USR_001478,SES_00052486,2026-04-29 19:10:28.472580,Enterprise,Custom,1999.0,United States,Organic Search
CNV_003337,USR_013402,SES_00124267,2026-04-29 19:17:27.370662,Pro_Monthly,Monthly,79.0,United Kingdom,Organic Search
CNV_002462,USR_014626,SES_00090597,2026-04-29 20:48:26.572439,Pro_Monthly,Monthly,79.0,United States,Organic Search
CNV_003201,USR_010668,SES_00119087,2026-04-29 22:54:40.949679,Starter_Monthly,Monthly,29.0,United States,Organic Search
CNV_002918,USR_012383,SES_00107674,2026-04-29 23:05:10.399690,Starter_Monthly,Monthly,29.0,United States,Organic Search
CNV_002551,USR_015163,SES_00093980,2026-04-29 23:26:41.081573,Starter_Annual,Annual,290.0,United States,Paid Social
CNV_002246,USR_009605,SES_00082696,2026-04-29 23:33:09.554277,Starter_Monthly,Monthly,29.0,United Kingdom,Referral
CNV_001772,USR_002916,SES_00065770,2026-04-29 23:38:01.691110,Pro_Monthly,Monthly,79.0,United Kingdom,Organic Search
CNV_003148,USR_015402,SES_00116877,2026-04-29 23:45:29.893681,Starter_Monthly,Monthly,29.0,United States,Paid Social
CNV_003696,USR_005295,SES_00138153,2026-04-30 00:44:09.223029,Starter_Monthly,Monthly,29.0,United Kingdom,Direct
CNV_003479,USR_019572,SES_00129643,2026-04-30 00:46:39.681863,Pro_Annual,Annual,790.0,United States,Direct
CNV_003620,USR_020658,SES_00134879,2026-04-30 00:53:35.409584,Pro_Annual,Annual,790.0,Canada,Referral
CNV_002936,USR_003294,SES_00108384,2026-04-30 01:55:16.498846,Pro_Monthly,Monthly,79.0,United States,Referral
CNV_002352,USR_001138,SES_00086525,2026-04-30 02:25:39.843779,Starter_Monthly,Monthly,29.0,Germany,Referral
CNV_000660,USR_011440,SES_00024484,2026-04-30 04:35:47.218310,Pro_Monthly,Monthly,79.0,United States,Organic Search
CNV_002453,USR_029202,SES_00090329,2026-04-30 04:53:24.267805,Starter_Monthly,Monthly,29.0,India,Direct
CNV_002950,USR_008266,SES_00108817,2026-04-30 04:54:58.391920,Pro_Monthly,Monthly,79.0,France,Direct
CNV_002628,USR_000947,SES_00097189,2026-04-30 05:12:11.944165,Starter_Monthly,Monthly,29.0,United Kingdom,Paid Social
CNV_003427,USR_026660,SES_00127756,2026-04-30 05:33:55.427556,Starter_Annual,Annual,290.0,United States,Email Campaign
CNV_003266,USR_001489,SES_00121677,2026-04-30 05:57:46.390664,Pro_Monthly,Monthly,79.0,United Kingdom,Organic Search
CNV_003379,USR_017003,SES_00125697,2026-04-30 07:27:56.839811,Pro_Monthly,Monthly,79.0,United Kingdom,Organic Search
CNV_003343,USR_024030,SES_00124448,2026-04-30 08:11:45.066114,Pro_Monthly,Monthly,79.0,United States,Organic Search
CNV_003572,USR_022994,SES_00133073,2026-04-30 08:28:50.758160,Pro_Monthly,Monthly,79.0,United States,Email Campaign
CNV_002894,USR_033347,SES_00107010,2026-04-30 08:30:03.940239,Enterprise,Custom,1999.0,Canada,Organic Search
CNV_003316,USR_015988,SES_00123356,2026-04-30 09:27:16.011779,Pro_Monthly,Monthly,79.0,Canada,Direct
CNV_003521,USR_005451,SES_00131257,2026-04-30 10:25:03.855227,Pro_Monthly,Monthly,79.0,United States,Organic Search
CNV_001137,USR_002131,SES_00042706,2026-04-30 10:56:43.886526,Enterprise,Custom,1999.0,India,Paid Social
CNV_002447,USR_025234,SES_00090135,2026-04-30 11:49:41.248954,Starter_Monthly,Monthly,29.0,India,Referral
CNV_003362,USR_004000,SES_00125072,2026-04-30 12:22:05.850199,Pro_Monthly,Monthly,79.0,United States,Paid Social
CNV_003681,USR_022054,SES_00137546,2026-04-30 13:13:38.985051,Starter_Monthly,Monthly,29.0,United States,Organic Search
CNV_003004,USR_013440,SES_00110862,2026-04-30 13:28:06.347570,Starter_Monthly,Monthly,29.0,United States,Direct
CNV_002850,USR_003950,SES_00105367,2026-04-30 13:37:51.683485,Starter_Monthly,Monthly,29.0,United States,Organic Search
CNV_002669,USR_012700,SES_00098961,2026-04-30 15:35:38.631650,Pro_Monthly,Monthly,79.0,Australia,Paid Social
CNV_002801,USR_012619,SES_00103489,2026-04-30 16:22:06.294443,Pro_Monthly,Monthly,79.0,United States,Product Hunt
CNV_003226,USR_018811,SES_00120023,2026-04-30 16:46:11.598862,Starter_Monthly,Monthly,29.0,India,Paid Social
CNV_002878,USR_003752,SES_00106508,2026-04-30 17:27:49.206679,Starter_Monthly,Monthly,29.0,United States,Paid Social
CNV_003159,USR_029504,SES_00117198,2026-04-30 20:51:17.512248,Pro_Monthly,Monthly,79.0,Germany,Organic Search
CNV_002219,USR_022663,SES_00081763,2026-04-30 20:56:58.385179,Pro_Monthly,Monthly,79.0,United Kingdom,Organic Search
CNV_002856,USR_026750,SES_00105614,2026-04-30 21:02:51.485330,Pro_Annual,Annual,790.0,United Kingdom,Paid Social
CNV_001975,USR_012158,SES_00072895,2026-04-30 23:34:47.625658,Starter_Monthly,Monthly,29.0,Canada,Direct
CNV_003243,USR_013648,SES_00120632,2026-05-01 02:08:41.238406,Pro_Annual,Annual,790.0,Canada,Organic Search
CNV_003018,USR_016099,SES_00111346,2026-05-01 02:40:43.772640,Starter_Monthly,Monthly,29.0,India,Email Campaign
CNV_002575,USR_016114,SES_00095239,2026-05-01 02:52:02.108981,Pro_Monthly,Monthly,79.0,United Kingdom,Organic Search
CNV_002116,USR_010104,SES_00077837,2026-05-01 05:21:57.183935,Pro_Annual,Annual,790.0,Canada,Organic Search
CNV_002489,USR_009387,SES_00091515,2026-05-01 05:35:35.933106,Starter_Annual,Annual,290.0,United States,Organic Search
CNV_003212,USR_012002,SES_00119627,2026-05-01 05:37:22.393367,Enterprise,Custom,1999.0,United States,Direct
CNV_001690,USR_031627,SES_00062921,2026-05-01 06:00:30.827379,Starter_Monthly,Monthly,29.0,Germany,Referral
CNV_002712,USR_011053,SES_00100533,2026-05-01 06:22:45.077612,Pro_Monthly,Monthly,79.0,United Kingdom,Organic Search
CNV_001825,USR_023181,SES_00067720,2026-05-01 08:49:22.301475,Pro_Monthly,Monthly,79.0,Australia,Direct
CNV_003488,USR_021946,SES_00129926,2026-05-01 10:01:43.158391,Pro_Monthly,Monthly,79.0,Canada,Paid Social
CNV_002816,USR_027025,SES_00104010,2026-05-01 11:21:27.485740,Starter_Monthly,Monthly,29.0,United States,Organic Search
CNV_003714,USR_003455,SES_00139068,2026-05-01 11:31:48.632364,Pro_Monthly,Monthly,79.0,United States,Paid Social
CNV_003391,USR_003779,SES_00126395,2026-05-01 12:02:18.105546,Starter_Annual,Annual,290.0,United States,Organic Search
CNV_001308,USR_029252,SES_00049150,2026-05-01 12:30:00.417510,Starter_Monthly,Monthly,29.0,France,Paid Social
CNV_002951,USR_025694,SES_00108858,2026-05-01 12:36:49.355270,Pro_Monthly,Monthly,79.0,India,Organic Search
CNV_003007,USR_031521,SES_00110938,2026-05-01 13:21:57.157902,Pro_Monthly,Monthly,79.0,Canada,Organic Search
CNV_003222,USR_028623,SES_00119935,2026-05-01 14:23:08.084632,Starter_Monthly,Monthly,29.0,United Kingdom,Email Campaign
CNV_002299,USR_004384,SES_00084753,2026-05-01 15:47:48.492095,Pro_Monthly,Monthly,79.0,United States,Referral
CNV_003408,USR_024910,SES_00127036,2026-05-01 16:30:21.902597,Starter_Monthly,Monthly,29.0,Australia,Paid Social
CNV_003108,USR_023284,SES_00115215,2026-05-01 16:43:45.500425,Starter_Monthly,Monthly,29.0,United States,Direct
CNV_001297,USR_029042,SES_00048627,2026-05-01 17:15:27.013082,Pro_Annual,Annual,790.0,United Kingdom,Organic Search
CNV_002080,USR_003880,SES_00076535,2026-05-01 17:24:11.352806,Starter_Monthly,Monthly,29.0,France,Organic Search
CNV_003046,USR_011010,SES_00112446,2026-05-01 17:32:14.287075,Starter_Annual,Annual,290.0,United States,Direct
CNV_002752,USR_021958,SES_00101838,2026-05-01 18:30:54.443762,Pro_Annual,Annual,790.0,United Kingdom,Organic Search
CNV_003022,USR_028295,SES_00111557,2026-05-01 20:36:47.850455,Enterprise,Custom,1999.0,United States,Direct
CNV_003577,USR_033870,SES_00133316,2026-05-01 21:45:20.336476,Pro_Monthly,Monthly,79.0,United Kingdom,Paid Social
CNV_003030,USR_022641,SES_00111819,2026-05-01 21:47:01.112924,Pro_Monthly,Monthly,79.0,United Kingdom,Organic Search
CNV_002985,USR_029338,SES_00110270,2026-05-01 22:03:08.364617,Starter_Annual,Annual,290.0,India,Paid Social
CNV_003798,USR_004944,SES_00142279,2026-05-01 22:59:40.770855,Starter_Monthly,Monthly,29.0,United Kingdom,Paid Social
CNV_003287,USR_020520,SES_00122277,2026-05-01 23:49:16.305031,Starter_Monthly,Monthly,29.0,United States,Organic Search
CNV_002701,USR_034338,SES_00100310,2026-05-02 01:03:58.945195,Starter_Annual,Annual,290.0,United States,Organic Search
CNV_003590,USR_018787,SES_00133820,2026-05-02 01:19:24.478636,Pro_Monthly,Monthly,79.0,United Kingdom,Paid Social
CNV_003242,USR_012017,SES_00120568,2026-05-02 01:29:05.563721,Enterprise,Custom,1999.0,India,Email Campaign
CNV_002859,USR_024357,SES_00105796,2026-05-02 03:05:50.122779,Pro_Monthly,Monthly,79.0,Germany,Paid Social
CNV_003764,USR_006704,SES_00141168,2026-05-02 03:30:51.598418,Starter_Monthly,Monthly,29.0,India,Paid Social
CNV_003085,USR_004498,SES_00114380,2026-05-02 03:32:28.030616,Starter_Annual,Annual,290.0,United Kingdom,Organic Search
CNV_003422,USR_009290,SES_00127571,2026-05-02 03:56:30.000544,Pro_Monthly,Monthly,79.0,Canada,Organic Search
CNV_003345,USR_002488,SES_00124543,2026-05-02 04:11:28.797196,Starter_Monthly,Monthly,29.0,Germany,Paid Social
CNV_003461,USR_029215,SES_00128863,2026-05-02 04:12:03.287075,Starter_Annual,Annual,290.0,United States,Organic Search
CNV_001486,USR_013785,SES_00056217,2026-05-02 04:40:12.768397,Enterprise,Custom,1999.0,United Kingdom,Organic Search
CNV_003093,USR_012030,SES_00114675,2026-05-02 05:09:13.589449,Pro_Monthly,Monthly,79.0,United States,Paid Social
CNV_001035,USR_011714,SES_00038907,2026-05-02 06:58:13.725610,Starter_Monthly,Monthly,29.0,United States,Paid Social
CNV_003810,USR_021176,SES_00142656,2026-05-02 07:00:34.997116,Starter_Monthly,Monthly,29.0,United States,Email Campaign
CNV_002990,USR_023739,SES_00110416,2026-05-02 07:58:30.519193,Starter_Monthly,Monthly,29.0,United States,Organic Search
CNV_003565,USR_022135,SES_00132858,2026-05-02 09:14:55.151455,Starter_Monthly,Monthly,29.0,United States,Paid Social
CNV_003641,USR_007976,SES_00135607,2026-05-02 10:27:42.440675,Pro_Monthly,Monthly,79.0,India,Direct
CNV_003657,USR_022276,SES_00136469,2026-05-02 10:34:37.242799,Pro_Monthly,Monthly,79.0,France,Product Hunt
CNV_003555,USR_033742,SES_00132540,2026-05-02 11:58:43.851578,Starter_Monthly,Monthly,29.0,India,Paid Social
CNV_002426,USR_032321,SES_00089258,2026-05-02 12:06:16.591498,Starter_Monthly,Monthly,29.0,Germany,Paid Social
CNV_003225,USR_004394,SES_00119970,2026-05-02 12:24:53.219315,Starter_Monthly,Monthly,29.0,India,Product Hunt
CNV_003065,USR_032227,SES_00113261,2026-05-02 15:18:50.603548,Starter_Annual,Annual,290.0,United States,Product Hunt
CNV_003541,USR_017272,SES_00132099,2026-05-02 15:27:21.192568,Starter_Monthly,Monthly,29.0,Canada,Paid Social
CNV_003467,USR_008057,SES_00129157,2026-05-02 15:34:28.261988,Starter_Annual,Annual,290.0,United States,Organic Search
CNV_002646,USR_000768,SES_00098014,2026-05-02 17:01:44.982111,Starter_Monthly,Monthly,29.0,Germany,Organic Search
CNV_003107,USR_028863,SES_00115207,2026-05-02 17:55:34.951534,Pro_Monthly,Monthly,79.0,United Kingdom,Organic Search
CNV_003011,USR_014523,SES_00111104,2026-05-02 18:14:27.082488,Pro_Monthly,Monthly,79.0,United States,Product Hunt
CNV_003509,USR_014651,SES_00130747,2026-05-02 18:26:14.635130,Pro_Monthly,Monthly,79.0,United States,Referral
CNV_003780,USR_011665,SES_00141740,2026-05-02 18:57:48.078787,Pro_Monthly,Monthly,79.0,India,Paid Social
CNV_003746,USR_013267,SES_00140427,2026-05-02 19:12:20.405911,Starter_Monthly,Monthly,29.0,United States,Organic Search
CNV_001764,USR_024780,SES_00065394,2026-05-02 19:55:09.960069,Starter_Monthly,Monthly,29.0,United States,Paid Social
CNV_003777,USR_030206,SES_00141664,2026-05-02 20:15:57.445547,Pro_Monthly,Monthly,79.0,United States,Referral
CNV_003198,USR_032492,SES_00118963,2026-05-02 20:17:29.513393,Starter_Annual,Annual,290.0,United Kingdom,Direct
CNV_003499,USR_015235,SES_00130333,2026-05-02 20:50:18.768197,Starter_Monthly,Monthly,29.0,India,Paid Social
CNV_003609,USR_017771,SES_00134448,2026-05-02 22:20:19.895948,Enterprise,Custom,1999.0,United Kingdom,Organic Search
CNV_002601,USR_025608,SES_00096112,2026-05-02 22:26:00.333101,Starter_Monthly,Monthly,29.0,Australia,Product Hunt
CNV_000582,USR_027087,SES_00021706,2026-05-03 00:09:03.921260,Starter_Monthly,Monthly,29.0,Canada,Organic Search
CNV_003371,USR_012505,SES_00125438,2026-05-03 00:15:53.004025,Starter_Annual,Annual,290.0,United Kingdom,Direct
CNV_002955,USR_011869,SES_00109113,2026-05-03 02:26:04.866330,Pro_Annual,Annual,790.0,India,Email Campaign
CNV_002958,USR_028122,SES_00109236,2026-05-03 03:39:13.132643,Pro_Annual,Annual,790.0,United States,Paid Social
CNV_003257,USR_029081,SES_00121195,2026-05-03 03:39:45.934297,Starter_Monthly,Monthly,29.0,United Kingdom,Organic Search
CNV_002697,USR_026095,SES_00100202,2026-05-03 04:13:41.403192,Starter_Monthly,Monthly,29.0,India,Direct
CNV_003582,USR_018572,SES_00133412,2026-05-03 04:23:11.124816,Starter_Monthly,Monthly,29.0,Germany,Referral
CNV_003181,USR_024887,SES_00118244,2026-05-03 04:34:33.017592,Starter_Monthly,Monthly,29.0,Germany,Paid Social
CNV_002372,USR_002910,SES_00087279,2026-05-03 04:43:16.370556,Enterprise,Custom,1999.0,Germany,Paid Social
CNV_003043,USR_023900,SES_00112355,2026-05-03 04:51:04.822066,Starter_Annual,Annual,290.0,United Kingdom,Organic Search
CNV_002886,USR_012098,SES_00106792,2026-05-03 06:06:49.291158,Starter_Monthly,Monthly,29.0,United States,Direct
CNV_002524,USR_001056,SES_00092968,2026-05-03 06:49:18.754918,Starter_Monthly,Monthly,29.0,Germany,Paid Social
CNV_002943,USR_004273,SES_00108548,2026-05-03 06:52:59.042394,Starter_Monthly,Monthly,29.0,United Kingdom,Direct
CNV_003146,USR_030137,SES_00116820,2026-05-03 07:08:33.237131,Starter_Annual,Annual,290.0,France,Direct
CNV_003464,USR_023989,SES_00128998,2026-05-03 07:41:12.284674,Starter_Monthly,Monthly,29.0,United Kingdom,Direct
CNV_003501,USR_023554,SES_00130379,2026-05-03 07:53:51.496040,Starter_Monthly,Monthly,29.0,United States,Paid Social
CNV_002482,USR_018567,SES_00091253,2026-05-03 10:53:42.817284,Pro_Monthly,Monthly,79.0,India,Direct
CNV_001067,USR_015584,SES_00040066,2026-05-03 11:22:17.123148,Starter_Monthly,Monthly,29.0,Australia,Product Hunt
CNV_003762,USR_017548,SES_00141108,2026-05-03 11:28:13.762227,Enterprise,Custom,1999.0,France,Direct
CNV_003068,USR_022161,SES_00113431,2026-05-03 12:47:51.505818,Pro_Monthly,Monthly,79.0,Australia,Product Hunt
CNV_003701,USR_021977,SES_00138491,2026-05-03 13:10:43.604196,Starter_Monthly,Monthly,29.0,United Kingdom,Paid Social
CNV_001011,USR_024588,SES_00038156,2026-05-03 15:07:48.298802,Starter_Monthly,Monthly,29.0,United States,Email Campaign
CNV_003768,USR_020607,SES_00141340,2026-05-03 15:17:00.217071,Pro_Monthly,Monthly,79.0,Germany,Email Campaign
CNV_001977,USR_013198,SES_00072962,2026-05-03 15:40:06.348770,Starter_Monthly,Monthly,29.0,United States,Referral
CNV_000313,USR_010397,SES_00011426,2026-05-03 16:20:31.784429,Pro_Monthly,Monthly,79.0,United States,Organic Search
CNV_002349,USR_007739,SES_00086416,2026-05-03 17:39:45.120266,Starter_Monthly,Monthly,29.0,France,Referral
CNV_002611,USR_010218,SES_00096480,2026-05-03 18:24:15.966749,Starter_Monthly,Monthly,29.0,United States,Paid Social
CNV_002767,USR_030518,SES_00102283,2026-05-03 18:38:33.278099,Pro_Monthly,Monthly,79.0,United States,Direct
CNV_003613,USR_030426,SES_00134576,2026-05-03 19:02:13.945672,Enterprise,Custom,1999.0,United States,Paid Social
CNV_003241,USR_017795,SES_00120444,2026-05-03 19:15:13.944515,Starter_Monthly,Monthly,29.0,United States,Referral
CNV_001970,USR_020754,SES_00072705,2026-05-03 20:25:21.930300,Pro_Monthly,Monthly,79.0,India,Email Campaign
CNV_003450,USR_027941,SES_00128549,2026-05-03 21:51:03.800814,Pro_Monthly,Monthly,79.0,India,Organic Search
CNV_000758,USR_004030,SES_00028425,2026-05-03 22:53:07.289832,Starter_Monthly,Monthly,29.0,Australia,Referral
CNV_003583,USR_009074,SES_00133527,2026-05-03 23:22:40.304495,Starter_Monthly,Monthly,29.0,Canada,Organic Search
CNV_002187,USR_018721,SES_00080746,2026-05-04 00:03:42.618406,Pro_Monthly,Monthly,79.0,United States,Organic Search
CNV_001507,USR_001337,SES_00056920,2026-05-04 01:17:49.256779,Pro_Monthly,Monthly,79.0,Australia,Paid Social
CNV_003551,USR_019373,SES_00132433,2026-05-04 02:20:43.211516,Starter_Monthly,Monthly,29.0,Canada,Organic Search
CNV_003211,USR_026897,SES_00119594,2026-05-04 03:02:27.059066,Pro_Monthly,Monthly,79.0,Germany,Referral
CNV_001695,USR_029661,SES_00063194,2026-05-04 05:49:38.065252,Starter_Monthly,Monthly,29.0,Australia,Direct
CNV_003254,USR_015472,SES_00121098,2026-05-04 05:57:10.344711,Starter_Monthly,Monthly,29.0,Germany,Organic Search
CNV_002917,USR_003225,SES_00107640,2026-05-04 06:36:47.747695,Pro_Monthly,Monthly,79.0,United States,Paid Social
CNV_002341,USR_014254,SES_00086083,2026-05-04 06:39:44.886824,Pro_Monthly,Monthly,79.0,United States,Organic Search
CNV_002204,USR_002975,SES_00081279,2026-05-04 06:47:01.905293,Starter_Annual,Annual,290.0,Canada,Paid Social
CNV_002743,USR_000537,SES_00101488,2026-05-04 07:46:19.962948,Starter_Monthly,Monthly,29.0,France,Direct
CNV_003693,USR_028272,SES_00138027,2026-05-04 08:40:33.187800,Starter_Monthly,Monthly,29.0,Australia,Email Campaign
CNV_003630,USR_000948,SES_00135179,2026-05-04 09:29:37.911502,Pro_Monthly,Monthly,79.0,Canada,Organic Search
CNV_003874,USR_012202,SES_00144881,2026-05-04 09:47:25.614514,Enterprise,Custom,1999.0,United States,Paid Social
CNV_002145,USR_028593,SES_00079080,2026-05-04 10:00:00.373235,Pro_Monthly,Monthly,79.0,Canada,Organic Search
CNV_003410,USR_029321,SES_00127117,2026-05-04 10:02:16.786220,Pro_Annual,Annual,790.0,United States,Organic Search
CNV_002506,USR_009813,SES_00092176,2026-05-04 10:31:21.376212,Pro_Monthly,Monthly,79.0,Germany,Direct
CNV_003494,USR_008344,SES_00130153,2026-05-04 11:33:59.604852,Pro_Annual,Annual,790.0,France,Direct
CNV_000597,USR_004531,SES_00022109,2026-05-04 12:44:00.314745,Starter_Monthly,Monthly,29.0,United States,Organic Search
CNV_002989,USR_027862,SES_00110399,2026-05-04 15:30:37.208002,Starter_Monthly,Monthly,29.0,United Kingdom,Organic Search
CNV_003199,USR_001862,SES_00118993,2026-05-04 17:09:37.895865,Starter_Monthly,Monthly,29.0,Germany,Referral
CNV_003465,USR_003670,SES_00129127,2026-05-04 17:17:11.854104,Starter_Annual,Annual,290.0,France,Direct
CNV_002813,USR_002024,SES_00103930,2026-05-04 17:52:11.613741,Starter_Monthly,Monthly,29.0,United States,Referral
CNV_003589,USR_032554,SES_00133808,2026-05-04 18:31:36.778226,Starter_Monthly,Monthly,29.0,France,Paid Social
CNV_002272,USR_010411,SES_00083627,2026-05-04 19:00:58.551666,Starter_Monthly,Monthly,29.0,United States,Organic Search
CNV_003449,USR_008023,SES_00128529,2026-05-04 19:11:47.273455,Pro_Monthly,Monthly,79.0,France,Organic Search
CNV_003769,USR_028150,SES_00141384,2026-05-04 19:16:03.180854,Pro_Monthly,Monthly,79.0,United States,Paid Social
CNV_002941,USR_005110,SES_00108506,2026-05-04 19:18:39.081318,Pro_Annual,Annual,790.0,Germany,Direct
CNV_003331,USR_034783,SES_00124122,2026-05-04 20:09:54.593812,Starter_Monthly,Monthly,29.0,United Kingdom,Product Hunt
CNV_002748,USR_004222,SES_00101667,2026-05-04 20:53:16.204335,Starter_Monthly,Monthly,29.0,United States,Paid Social
CNV_002938,USR_024916,SES_00108418,2026-05-04 21:00:03.779581,Pro_Monthly,Monthly,79.0,Canada,Referral
CNV_002512,USR_014077,SES_00092470,2026-05-04 21:37:44.396279,Pro_Annual,Annual,790.0,Germany,Organic Search
CNV_002236,USR_000310,SES_00082293,2026-05-04 22:49:26.693893,Pro_Monthly,Monthly,79.0,United States,Product Hunt
CNV_002067,USR_003110,SES_00075821,2026-05-04 23:18:29.411540,Starter_Monthly,Monthly,29.0,United Kingdom,Direct
CNV_002520,USR_031522,SES_00092801,2026-05-04 23:24:08.647210,Starter_Monthly,Monthly,29.0,United States,Paid Social
CNV_003126,USR_027036,SES_00115946,2026-05-05 00:43:22.134738,Pro_Monthly,Monthly,79.0,United States,Paid Social
CNV_003522,USR_007442,SES_00131273,2026-05-05 01:51:22.756986,Starter_Monthly,Monthly,29.0,United States,Paid Social
CNV_003734,USR_025665,SES_00139803,2026-05-05 02:45:18.240749,Enterprise,Custom,1999.0,United Kingdom,Product Hunt
CNV_003797,USR_014326,SES_00142267,2026-05-05 03:08:34.922629,Pro_Monthly,Monthly,79.0,United Kingdom,Organic Search
CNV_003813,USR_031421,SES_00142768,2026-05-05 03:17:56.657731,Pro_Annual,Annual,790.0,United States,Referral
CNV_003645,USR_003072,SES_00135843,2026-05-05 03:20:51.495081,Starter_Monthly,Monthly,29.0,United States,Direct
CNV_003216,USR_015906,SES_00119742,2026-05-05 03:25:02.043350,Pro_Monthly,Monthly,79.0,United States,Organic Search
CNV_003634,USR_006746,SES_00135301,2026-05-05 05:07:00.431251,Starter_Monthly,Monthly,29.0,United States,Direct
CNV_003903,USR_003623,SES_00146030,2026-05-05 05:32:33.163517,Enterprise,Custom,1999.0,United Kingdom,Email Campaign
CNV_002496,USR_001003,SES_00091753,2026-05-05 06:01:07.580823,Pro_Monthly,Monthly,79.0,Canada,Organic Search
CNV_001637,USR_033286,SES_00061274,2026-05-05 07:26:29.786260,Starter_Monthly,Monthly,29.0,United States,Paid Social
CNV_002389,USR_004703,SES_00087844,2026-05-05 09:08:59.228614,Starter_Monthly,Monthly,29.0,United States,Paid Social
CNV_002657,USR_033031,SES_00098445,2026-05-05 09:22:33.446796,Pro_Monthly,Monthly,79.0,United States,Product Hunt
CNV_001560,USR_034527,SES_00058804,2026-05-05 10:03:13.544891,Pro_Monthly,Monthly,79.0,United States,Email Campaign
CNV_001770,USR_020122,SES_00065655,2026-05-05 11:24:27.045852,Starter_Monthly,Monthly,29.0,United Kingdom,Paid Social
CNV_000736,USR_015098,SES_00027326,2026-05-05 11:41:28.492837,Pro_Monthly,Monthly,79.0,United States,Email Campaign
CNV_002828,USR_002904,SES_00104526,2026-05-05 11:49:09.425438,Pro_Monthly,Monthly,79.0,France,Organic Search
CNV_002062,USR_021647,SES_00075617,2026-05-05 14:51:11.352538,Pro_Monthly,Monthly,79.0,Germany,Organic Search
CNV_003305,USR_026621,SES_00122909,2026-05-05 15:15:13.418151,Pro_Monthly,Monthly,79.0,United States,Paid Social
CNV_002306,USR_007874,SES_00085055,2026-05-05 19:02:21.939399,Pro_Annual,Annual,790.0,United Kingdom,Product Hunt
CNV_003576,USR_004891,SES_00133307,2026-05-05 19:49:43.999098,Starter_Annual,Annual,290.0,United States,Referral
CNV_002684,USR_030063,SES_00099509,2026-05-05 21:11:48.811804,Pro_Monthly,Monthly,79.0,United States,Paid Social
CNV_002427,USR_011291,SES_00089267,2026-05-05 21:48:37.373327,Starter_Monthly,Monthly,29.0,United States,Paid Social
CNV_001920,USR_012538,SES_00071018,2026-05-05 21:55:40.830877,Pro_Monthly,Monthly,79.0,Germany,Referral
CNV_002580,USR_027839,SES_00095410,2026-05-05 22:14:30.815170,Enterprise,Custom,1999.0,Canada,Direct
CNV_002682,USR_014312,SES_00099430,2026-05-05 22:35:32.189424,Starter_Monthly,Monthly,29.0,United States,Product Hunt
CNV_003539,USR_007696,SES_00132040,2026-05-05 22:48:14.389520,Pro_Monthly,Monthly,79.0,United States,Email Campaign
CNV_003219,USR_016482,SES_00119810,2026-05-05 23:00:32.891748,Starter_Monthly,Monthly,29.0,Canada,Direct
CNV_003864,USR_029732,SES_00144601,2026-05-05 23:07:43.143611,Starter_Monthly,Monthly,29.0,United States,Paid Social
CNV_003766,USR_026980,SES_00141216,2026-05-05 23:31:56.709942,Pro_Monthly,Monthly,79.0,United States,Referral
CNV_003938,USR_030654,SES_00147102,2026-05-06 02:03:58.126692,Pro_Annual,Annual,790.0,United Kingdom,Organic Search
CNV_003032,USR_003224,SES_00111961,2026-05-06 02:57:43.579961,Pro_Annual,Annual,790.0,United States,Paid Social
CNV_003698,USR_002247,SES_00138412,2026-05-06 04:12:33.291915,Starter_Annual,Annual,290.0,United Kingdom,Direct
CNV_003390,USR_004987,SES_00126358,2026-05-06 06:01:52.834652,Starter_Annual,Annual,290.0,United States,Paid Social
CNV_003703,USR_003105,SES_00138595,2026-05-06 06:47:31.197856,Starter_Monthly,Monthly,29.0,United Kingdom,Paid Social
CNV_000675,USR_006374,SES_00025135,2026-05-06 07:02:59.759506,Starter_Monthly,Monthly,29.0,Germany,Organic Search
CNV_003262,USR_026425,SES_00121451,2026-05-06 07:21:03.550880,Starter_Monthly,Monthly,29.0,Germany,Product Hunt
CNV_001812,USR_005496,SES_00067313,2026-05-06 08:56:17.459459,Starter_Monthly,Monthly,29.0,United States,Organic Search
CNV_003879,USR_004838,SES_00145122,2026-05-06 09:50:55.257076,Pro_Annual,Annual,790.0,Germany,Organic Search
CNV_003057,USR_031349,SES_00112902,2026-05-06 11:42:52.680742,Starter_Annual,Annual,290.0,Australia,Direct
CNV_003818,USR_032549,SES_00142912,2026-05-06 11:51:03.572216,Starter_Monthly,Monthly,29.0,United Kingdom,Referral
CNV_001614,USR_012006,SES_00060485,2026-05-06 12:15:40.613879,Pro_Monthly,Monthly,79.0,Australia,Direct
CNV_003722,USR_029272,SES_00139392,2026-05-06 12:19:24.415959,Starter_Monthly,Monthly,29.0,United States,Organic Search
CNV_003666,USR_004453,SES_00136913,2026-05-06 12:27:29.363317,Pro_Annual,Annual,790.0,United States,Paid Social
CNV_003238,USR_029039,SES_00120363,2026-05-06 12:38:54.365326,Starter_Annual,Annual,290.0,Canada,Organic Search
CNV_003607,USR_030178,SES_00134387,2026-05-06 13:52:08.082088,Starter_Monthly,Monthly,29.0,United States,Referral
CNV_003110,USR_001754,SES_00115284,2026-05-06 14:00:34.093184,Starter_Annual,Annual,290.0,United States,Paid Social
CNV_001794,USR_019138,SES_00066683,2026-05-06 14:19:35.221622,Starter_Monthly,Monthly,29.0,United States,Email Campaign
CNV_003519,USR_014169,SES_00131172,2026-05-06 14:20:34.898276,Starter_Monthly,Monthly,29.0,Germany,Paid Social
CNV_002826,USR_023869,SES_00104496,2026-05-06 15:22:31.095082,Pro_Monthly,Monthly,79.0,United States,Paid Social
CNV_003020,USR_003469,SES_00111370,2026-05-06 15:48:45.356921,Pro_Monthly,Monthly,79.0,United States,Referral
CNV_003754,USR_005671,SES_00140756,2026-05-06 16:00:39.045195,Starter_Monthly,Monthly,29.0,Canada,Paid Social
CNV_003792,USR_029897,SES_00142128,2026-05-06 16:52:33.337222,Starter_Annual,Annual,290.0,United Kingdom,Organic Search
CNV_002117,USR_024623,SES_00077883,2026-05-06 18:26:19.984681,Pro_Monthly,Monthly,79.0,United States,Organic Search
CNV_003694,USR_029242,SES_00138073,2026-05-06 19:29:41.551665,Pro_Monthly,Monthly,79.0,Germany,Organic Search
CNV_003359,USR_002057,SES_00124975,2026-05-06 19:30:09.694345,Starter_Monthly,Monthly,29.0,Germany,Referral
CNV_001016,USR_014238,SES_00038277,2026-05-06 19:51:49.222997,Pro_Annual,Annual,790.0,Australia,Organic Search
CNV_001464,USR_014745,SES_00055513,2026-05-06 20:28:44.840745,Pro_Monthly,Monthly,79.0,United Kingdom,Organic Search
CNV_003882,USR_017497,SES_00145248,2026-05-06 20:45:41.636033,Starter_Monthly,Monthly,29.0,Germany,Organic Search
CNV_003115,USR_028331,SES_00115356,2026-05-06 22:10:53.119043,Pro_Monthly,Monthly,79.0,United States,Paid Social
CNV_002283,USR_018665,SES_00084136,2026-05-06 22:24:36.825221,Starter_Monthly,Monthly,29.0,United States,Referral
CNV_002347,USR_030624,SES_00086339,2026-05-06 22:38:59.376012,Starter_Monthly,Monthly,29.0,United States,Email Campaign
CNV_003505,USR_008714,SES_00130565,2026-05-06 22:47:49.242951,Starter_Monthly,Monthly,29.0,United States,Paid Social
CNV_002968,USR_016212,SES_00109570,2026-05-06 23:07:49.397799,Starter_Monthly,Monthly,29.0,United States,Paid Social
CNV_003912,USR_009500,SES_00146292,2026-05-07 01:20:19.548356,Pro_Annual,Annual,790.0,United Kingdom,Organic Search
CNV_002564,USR_025821,SES_00094653,2026-05-07 02:24:56.783572,Starter_Annual,Annual,290.0,United States,Paid Social
CNV_002357,USR_011156,SES_00086720,2026-05-07 02:44:24.529350,Pro_Monthly,Monthly,79.0,Australia,Organic Search
CNV_003947,USR_017413,SES_00147369,2026-05-07 02:57:48.121021,Starter_Monthly,Monthly,29.0,India,Paid Social
CNV_003186,USR_015665,SES_00118529,2026-05-07 03:32:36.402224,Starter_Monthly,Monthly,29.0,Canada,Paid Social
CNV_003164,USR_022305,SES_00117363,2026-05-07 04:26:12.138570,Pro_Annual,Annual,790.0,Canada,Paid Social
CNV_003638,USR_008830,SES_00135443,2026-05-07 04:55:54.685034,Starter_Monthly,Monthly,29.0,Germany,Direct
CNV_002214,USR_010569,SES_00081584,2026-05-07 05:53:29.781725,Pro_Monthly,Monthly,79.0,India,Referral
CNV_003549,USR_008307,SES_00132417,2026-05-07 06:18:02.172694,Starter_Annual,Annual,290.0,United States,Paid Social
CNV_003395,USR_013323,SES_00126544,2026-05-07 06:53:48.922925,Pro_Monthly,Monthly,79.0,United States,Direct
CNV_002430,USR_013482,SES_00089317,2026-05-07 06:59:20.122058,Starter_Annual,Annual,290.0,United States,Referral
CNV_003788,USR_023429,SES_00141978,2026-05-07 08:32:31.796376,Pro_Annual,Annual,790.0,United States,Organic Search
CNV_003221,USR_017149,SES_00119879,2026-05-07 09:56:29.234249,Starter_Monthly,Monthly,29.0,Canada,Organic Search
CNV_002371,USR_012504,SES_00087259,2026-05-07 10:53:14.683182,Pro_Annual,Annual,790.0,Germany,Organic Search
CNV_002278,USR_034522,SES_00084017,2026-05-07 11:59:48.214370,Pro_Monthly,Monthly,79.0,United States,Organic Search
CNV_002981,USR_009682,SES_00110119,2026-05-07 13:40:37.919477,Starter_Monthly,Monthly,29.0,United Kingdom,Referral
CNV_001765,USR_026817,SES_00065408,2026-05-07 14:11:31.967730,Pro_Monthly,Monthly,79.0,India,Organic Search
CNV_003770,USR_026418,SES_00141461,2026-05-07 15:18:38.759969,Starter_Annual,Annual,290.0,United States,Email Campaign
CNV_003852,USR_017359,SES_00144190,2026-05-07 16:25:42.954741,Pro_Monthly,Monthly,79.0,France,Paid Social
CNV_002265,USR_031304,SES_00083433,2026-05-07 16:50:10.253307,Pro_Monthly,Monthly,79.0,United States,Paid Social
CNV_002270,USR_010399,SES_00083599,2026-05-07 17:05:47.778833,Starter_Monthly,Monthly,29.0,Canada,Organic Search
CNV_002727,USR_000827,SES_00101017,2026-05-07 17:41:06.634302,Pro_Monthly,Monthly,79.0,United States,Direct
CNV_002021,USR_003286,SES_00074194,2026-05-07 18:04:36.247401,Starter_Monthly,Monthly,29.0,United Kingdom,Organic Search
CNV_002960,USR_007373,SES_00109301,2026-05-07 20:09:57.844035,Starter_Annual,Annual,290.0,Germany,Organic Search
CNV_002785,USR_027288,SES_00102959,2026-05-07 21:10:20.886202,Starter_Monthly,Monthly,29.0,Germany,Paid Social
CNV_002822,USR_014131,SES_00104299,2026-05-07 21:43:53.289695,Starter_Monthly,Monthly,29.0,United Kingdom,Referral
CNV_002811,USR_010243,SES_00103871,2026-05-07 21:46:57.556506,Pro_Monthly,Monthly,79.0,United Kingdom,Paid Social
CNV_003192,USR_005213,SES_00118814,2026-05-07 21:56:24.614962,Starter_Monthly,Monthly,29.0,United States,Referral
CNV_003974,USR_004632,SES_00148675,2026-05-07 22:13:07.355222,Starter_Monthly,Monthly,29.0,United States,Direct
CNV_003363,USR_013562,SES_00125163,2026-05-07 22:42:48.761061,Starter_Monthly,Monthly,29.0,United States,Organic Search
CNV_003299,USR_032280,SES_00122641,2026-05-07 23:26:28.800460,Pro_Monthly,Monthly,79.0,United Kingdom,Paid Social
CNV_003197,USR_025326,SES_00118952,2026-05-07 23:28:17.582438,Starter_Monthly,Monthly,29.0,India,Organic Search
CNV_001979,USR_025196,SES_00072998,2026-05-08 00:28:01.683085,Pro_Annual,Annual,790.0,United States,Paid Social
CNV_003887,USR_025594,SES_00145449,2026-05-08 00:38:37.894468,Pro_Monthly,Monthly,79.0,India,Paid Social
CNV_002135,USR_004784,SES_00078726,2026-05-08 01:31:02.846781,Pro_Annual,Annual,790.0,Australia,Paid Social
CNV_002461,USR_024935,SES_00090556,2026-05-08 03:34:15.802826,Pro_Monthly,Monthly,79.0,Canada,Direct
CNV_001957,USR_014847,SES_00072185,2026-05-08 03:40:39.572946,Pro_Monthly,Monthly,79.0,United States,Paid Social
CNV_003988,USR_032815,SES_00149109,2026-05-08 03:50:35.484123,Starter_Monthly,Monthly,29.0,United States,Paid Social
CNV_002773,USR_016795,SES_00102524,2026-05-08 04:12:27.525441,Starter_Monthly,Monthly,29.0,Australia,Referral
CNV_002310,USR_002385,SES_00085149,2026-05-08 04:28:33.940399,Starter_Monthly,Monthly,29.0,United States,Paid Social
CNV_001784,USR_032174,SES_00066224,2026-05-08 05:05:58.714864,Starter_Monthly,Monthly,29.0,Germany,Paid Social
CNV_001706,USR_019801,SES_00063473,2026-05-08 06:04:19.230964,Pro_Annual,Annual,790.0,India,Referral
CNV_003320,USR_008995,SES_00123670,2026-05-08 06:48:37.943896,Pro_Annual,Annual,790.0,United Kingdom,Paid Social
CNV_003941,USR_032292,SES_00147197,2026-05-08 07:17:25.939194,Starter_Monthly,Monthly,29.0,United States,Referral
CNV_003637,USR_011387,SES_00135417,2026-05-08 07:20:28.689101,Starter_Annual,Annual,290.0,Australia,Referral
CNV_003430,USR_031721,SES_00127848,2026-05-08 08:15:27.303329,Pro_Monthly,Monthly,79.0,Australia,Paid Social
CNV_003896,USR_025189,SES_00145793,2026-05-08 08:24:46.800081,Starter_Monthly,Monthly,29.0,United Kingdom,Email Campaign
CNV_003152,USR_002173,SES_00116999,2026-05-08 08:50:27.157037,Starter_Monthly,Monthly,29.0,United States,Organic Search
CNV_003683,USR_022798,SES_00137624,2026-05-08 09:36:10.494844,Starter_Monthly,Monthly,29.0,United States,Paid Social
CNV_001310,USR_003976,SES_00049231,2026-05-08 09:41:59.919192,Starter_Annual,Annual,290.0,United States,Direct
CNV_001361,USR_023082,SES_00051403,2026-05-08 09:54:31.266744,Pro_Annual,Annual,790.0,India,Referral
CNV_003796,USR_019159,SES_00142231,2026-05-08 11:30:46.651769,Pro_Monthly,Monthly,79.0,United Kingdom,Referral
CNV_003174,USR_027944,SES_00117897,2026-05-08 14:31:59.129845,Starter_Annual,Annual,290.0,United States,Referral
CNV_002543,USR_014672,SES_00093577,2026-05-08 14:48:09.240102,Pro_Monthly,Monthly,79.0,Germany,Direct
CNV_003579,USR_005395,SES_00133348,2026-05-08 17:35:01.619578,Starter_Monthly,Monthly,29.0,United States,Paid Social
CNV_002984,USR_025112,SES_00110239,2026-05-08 17:39:03.516160,Pro_Monthly,Monthly,79.0,Germany,Organic Search
CNV_003187,USR_034248,SES_00118548,2026-05-08 18:01:49.730132,Pro_Monthly,Monthly,79.0,Canada,Paid Social
CNV_001728,USR_012073,SES_00064167,2026-05-08 18:45:40.695639,Pro_Annual,Annual,790.0,India,Organic Search
CNV_002945,USR_015102,SES_00108667,2026-05-08 19:19:07.973110,Pro_Monthly,Monthly,79.0,United States,Organic Search
CNV_003304,USR_003451,SES_00122845,2026-05-08 21:19:24.923339,Starter_Annual,Annual,290.0,United States,Email Campaign
CNV_003760,USR_034361,SES_00141012,2026-05-08 22:46:46.097575,Pro_Annual,Annual,790.0,United States,Direct
CNV_001630,USR_005212,SES_00061068,2026-05-09 00:33:11.896431,Pro_Annual,Annual,790.0,United Kingdom,Direct
CNV_003272,USR_001591,SES_00121873,2026-05-09 00:57:18.848496,Pro_Annual,Annual,790.0,Germany,Email Campaign
CNV_001346,USR_024265,SES_00050682,2026-05-09 01:08:37.400004,Starter_Annual,Annual,290.0,France,Direct
CNV_003908,USR_026475,SES_00146245,2026-05-09 01:26:46.797634,Pro_Monthly,Monthly,79.0,United Kingdom,Direct
CNV_002680,USR_008681,SES_00099406,2026-05-09 01:35:59.248028,Starter_Monthly,Monthly,29.0,United States,Organic Search
CNV_003310,USR_013317,SES_00123148,2026-05-09 02:52:10.246370,Starter_Monthly,Monthly,29.0,United States,Organic Search
CNV_003856,USR_013578,SES_00144407,2026-05-09 03:50:43.200711,Pro_Monthly,Monthly,79.0,France,Direct
CNV_003849,USR_001436,SES_00144068,2026-05-09 07:13:46.774668,Starter_Monthly,Monthly,29.0,United States,Direct
CNV_003834,USR_020147,SES_00143431,2026-05-09 08:41:25.335161,Starter_Monthly,Monthly,29.0,Canada,Email Campaign
CNV_003650,USR_021839,SES_00136087,2026-05-09 09:39:11.541043,Starter_Monthly,Monthly,29.0,Germany,Direct
CNV_003675,USR_001915,SES_00137367,2026-05-09 12:03:32.074795,Pro_Monthly,Monthly,79.0,Germany,Referral
CNV_003980,USR_020500,SES_00148856,2026-05-09 14:28:15.882397,Pro_Monthly,Monthly,79.0,United States,Referral
CNV_003958,USR_009608,SES_00147835,2026-05-09 14:38:47.289746,Enterprise,Custom,1999.0,Canada,Direct
CNV_003744,USR_025897,SES_00140264,2026-05-09 14:41:35.592381,Pro_Monthly,Monthly,79.0,United States,Paid Social
CNV_002559,USR_028687,SES_00094347,2026-05-09 14:48:24.038663,Starter_Monthly,Monthly,29.0,United States,Direct
CNV_002078,USR_009758,SES_00076465,2026-05-09 14:49:16.050621,Starter_Monthly,Monthly,29.0,United States,Product Hunt
CNV_003355,USR_009311,SES_00124879,2026-05-09 15:55:04.651457,Enterprise,Custom,1999.0,United States,Paid Social
CNV_002961,USR_018320,SES_00109325,2026-05-09 17:44:49.842812,Starter_Monthly,Monthly,29.0,United States,Product Hunt
CNV_003771,USR_025654,SES_00141502,2026-05-09 18:02:26.505430,Pro_Monthly,Monthly,79.0,Germany,Direct
CNV_003922,USR_014344,SES_00146611,2026-05-09 18:10:05.425123,Pro_Monthly,Monthly,79.0,United States,Paid Social
CNV_001421,USR_030649,SES_00053841,2026-05-09 18:24:01.368502,Starter_Annual,Annual,290.0,Canada,Referral
CNV_003946,USR_033519,SES_00147333,2026-05-09 18:58:08.586394,Pro_Monthly,Monthly,79.0,Germany,Product Hunt
CNV_003869,USR_011617,SES_00144744,2026-05-09 20:38:34.538531,Starter_Monthly,Monthly,29.0,United States,Direct
CNV_003656,USR_014696,SES_00136448,2026-05-09 21:58:32.549741,Pro_Monthly,Monthly,79.0,Australia,Product Hunt
CNV_003104,USR_026292,SES_00115093,2026-05-09 23:17:09.749443,Starter_Annual,Annual,290.0,India,Paid Social
CNV_001455,USR_000950,SES_00055152,2026-05-09 23:58:56.386551,Pro_Monthly,Monthly,79.0,United States,Direct
CNV_003037,USR_015602,SES_00112173,2026-05-10 00:37:58.541874,Pro_Monthly,Monthly,79.0,Australia,Paid Social
CNV_002209,USR_015912,SES_00081340,2026-05-10 01:11:26.536337,Starter_Monthly,Monthly,29.0,Germany,Paid Social
CNV_002403,USR_004509,SES_00088372,2026-05-10 05:10:59.602839,Starter_Monthly,Monthly,29.0,United Kingdom,Organic Search
CNV_003411,USR_017034,SES_00127145,2026-05-10 05:18:25.995732,Pro_Monthly,Monthly,79.0,United States,Organic Search
CNV_003878,USR_011373,SES_00145108,2026-05-10 06:01:36.665424,Enterprise,Custom,1999.0,Germany,Paid Social
CNV_003997,USR_032753,SES_00149548,2026-05-10 07:08:07.344149,Enterprise,Custom,1999.0,Australia,Organic Search
CNV_003028,USR_002393,SES_00111769,2026-05-10 07:11:51.596300,Starter_Monthly,Monthly,29.0,Canada,Direct
CNV_003311,USR_030172,SES_00123181,2026-05-10 07:43:08.964554,Starter_Monthly,Monthly,29.0,United States,Paid Social
CNV_001768,USR_006682,SES_00065586,2026-05-10 08:42:25.088715,Starter_Monthly,Monthly,29.0,United States,Organic Search
CNV_003087,USR_031344,SES_00114457,2026-05-10 09:36:59.023476,Pro_Monthly,Monthly,79.0,United Kingdom,Paid Social
CNV_000732,USR_019536,SES_00027207,2026-05-10 11:06:45.291670,Starter_Monthly,Monthly,29.0,Canada,Organic Search
CNV_002838,USR_000599,SES_00104879,2026-05-10 11:45:33.900536,Starter_Annual,Annual,290.0,United States,Referral
CNV_003790,USR_028700,SES_00142016,2026-05-10 12:52:49.953148,Starter_Monthly,Monthly,29.0,United States,Organic Search
CNV_004030,USR_018131,SES_00150640,2026-05-10 12:59:20.119892,Starter_Monthly,Monthly,29.0,United Kingdom,Paid Social
CNV_003066,USR_026593,SES_00113308,2026-05-10 13:12:58.433115,Starter_Monthly,Monthly,29.0,United States,Product Hunt
CNV_004040,USR_000332,SES_00150881,2026-05-10 14:35:09.161203,Pro_Monthly,Monthly,79.0,United Kingdom,Organic Search
CNV_002460,USR_009807,SES_00090513,2026-05-10 14:41:03.025183,Starter_Monthly,Monthly,29.0,India,Organic Search
CNV_002994,USR_018846,SES_00110529,2026-05-10 15:01:02.060070,Pro_Monthly,Monthly,79.0,India,Direct
CNV_004028,USR_007201,SES_00150599,2026-05-10 16:24:28.691620,Starter_Monthly,Monthly,29.0,Germany,Organic Search
CNV_003047,USR_017624,SES_00112479,2026-05-10 16:52:52.787498,Enterprise,Custom,1999.0,United Kingdom,Referral
CNV_001386,USR_009113,SES_00052573,2026-05-10 17:07:55.470258,Starter_Monthly,Monthly,29.0,Germany,Direct
CNV_003756,USR_010061,SES_00140911,2026-05-10 17:19:38.796579,Starter_Monthly,Monthly,29.0,United States,Paid Social
CNV_003742,USR_006811,SES_00140178,2026-05-10 19:14:45.407729,Pro_Monthly,Monthly,79.0,France,Direct
CNV_003775,USR_018923,SES_00141615,2026-05-10 19:14:48.832418,Pro_Monthly,Monthly,79.0,United States,Email Campaign
CNV_004052,USR_000981,SES_00151377,2026-05-10 19:53:52.784708,Pro_Annual,Annual,790.0,United States,Organic Search
CNV_004022,USR_000131,SES_00150444,2026-05-10 20:50:29.260818,Starter_Monthly,Monthly,29.0,United States,Email Campaign
CNV_003880,USR_032059,SES_00145170,2026-05-10 21:25:02.851483,Pro_Monthly,Monthly,79.0,United Kingdom,Direct
CNV_003034,USR_006713,SES_00112058,2026-05-10 22:59:53.859429,Pro_Annual,Annual,790.0,United States,Paid Social
CNV_003429,USR_014599,SES_00127836,2026-05-10 23:22:09.199703,Pro_Monthly,Monthly,79.0,Canada,Direct
CNV_001548,USR_032824,SES_00058307,2026-05-10 23:27:56.199888,Starter_Annual,Annual,290.0,United Kingdom,Paid Social
CNV_002959,USR_018606,SES_00109271,2026-05-10 23:46:37.273200,Enterprise,Custom,1999.0,Canada,Paid Social
CNV_002195,USR_009161,SES_00080975,2026-05-11 00:36:11.982345,Starter_Monthly,Monthly,29.0,United Kingdom,Paid Social
CNV_002088,USR_021638,SES_00076751,2026-05-11 01:01:32.127811,Pro_Annual,Annual,790.0,United Kingdom,Direct
CNV_001019,USR_008413,SES_00038377,2026-05-11 02:54:38.529533,Starter_Monthly,Monthly,29.0,United Kingdom,Organic Search
CNV_002783,USR_005402,SES_00102840,2026-05-11 02:58:02.675822,Pro_Annual,Annual,790.0,United States,Product Hunt
CNV_004050,USR_005988,SES_00151286,2026-05-11 04:58:14.746350,Starter_Monthly,Monthly,29.0,United States,Organic Search
CNV_003611,USR_011073,SES_00134534,2026-05-11 06:46:33.556755,Starter_Annual,Annual,290.0,United Kingdom,Referral
CNV_002483,USR_028299,SES_00091267,2026-05-11 07:16:45.786524,Starter_Monthly,Monthly,29.0,Germany,Referral
CNV_003603,USR_019656,SES_00134210,2026-05-11 08:03:43.264354,Starter_Monthly,Monthly,29.0,Germany,Organic Search
CNV_003260,USR_025064,SES_00121339,2026-05-11 08:43:57.965181,Pro_Monthly,Monthly,79.0,India,Paid Social
CNV_004013,USR_006353,SES_00150111,2026-05-11 09:01:17.771667,Pro_Monthly,Monthly,79.0,Australia,Referral
CNV_004081,USR_019722,SES_00152470,2026-05-11 09:01:24.727267,Starter_Monthly,Monthly,29.0,United Kingdom,Paid Social
CNV_000399,USR_024811,SES_00014898,2026-05-11 09:51:50.181485,Pro_Monthly,Monthly,79.0,Australia,Organic Search
CNV_003858,USR_009707,SES_00144451,2026-05-11 10:44:43.049396,Pro_Monthly,Monthly,79.0,Germany,Direct
CNV_004064,USR_023625,SES_00151920,2026-05-11 11:40:07.387871,Pro_Monthly,Monthly,79.0,Canada,Paid Social
CNV_003160,USR_004514,SES_00117220,2026-05-11 13:25:42.756898,Starter_Annual,Annual,290.0,India,Direct
CNV_002876,USR_000180,SES_00106400,2026-05-11 13:37:15.039113,Pro_Monthly,Monthly,79.0,United States,Paid Social
CNV_003687,USR_008013,SES_00137846,2026-05-11 14:03:24.147577,Enterprise,Custom,1999.0,United Kingdom,Direct
CNV_003245,USR_030084,SES_00120662,2026-05-11 14:19:09.908300,Pro_Annual,Annual,790.0,Australia,Paid Social
CNV_003145,USR_017979,SES_00116767,2026-05-11 15:50:52.657947,Starter_Monthly,Monthly,29.0,Australia,Organic Search
CNV_003812,USR_013280,SES_00142705,2026-05-11 15:55:14.743676,Starter_Monthly,Monthly,29.0,Germany,Organic Search
CNV_003697,USR_007987,SES_00138368,2026-05-11 16:22:36.529961,Pro_Monthly,Monthly,79.0,Germany,Paid Social
CNV_001931,USR_029467,SES_00071365,2026-05-11 16:27:04.988343,Starter_Monthly,Monthly,29.0,United States,Referral
CNV_003752,USR_014689,SES_00140740,2026-05-11 16:39:32.445840,Starter_Monthly,Monthly,29.0,United States,Paid Social
CNV_001987,USR_012210,SES_00073184,2026-05-11 16:48:26.321757,Starter_Monthly,Monthly,29.0,Canada,Organic Search
CNV_002756,USR_015880,SES_00101908,2026-05-11 17:33:27.626995,Pro_Monthly,Monthly,79.0,United States,Paid Social
CNV_002429,USR_018759,SES_00089310,2026-05-11 17:37:50.761684,Starter_Monthly,Monthly,29.0,United States,Direct
CNV_002035,USR_001589,SES_00074581,2026-05-11 18:32:24.257364,Pro_Monthly,Monthly,79.0,United States,Referral
CNV_003491,USR_009910,SES_00130033,2026-05-11 19:11:13.753514,Starter_Monthly,Monthly,29.0,Australia,Paid Social
CNV_003496,USR_031498,SES_00130190,2026-05-11 20:02:05.431296,Starter_Monthly,Monthly,29.0,Germany,Email Campaign
CNV_001914,USR_033728,SES_00070768,2026-05-11 20:05:29.788199,Pro_Monthly,Monthly,79.0,United States,Referral
CNV_004099,USR_010981,SES_00153166,2026-05-11 20:13:05.161867,Pro_Annual,Annual,790.0,United Kingdom,Direct
CNV_003612,USR_025621,SES_00134547,2026-05-11 21:44:51.382916,Pro_Monthly,Monthly,79.0,India,Organic Search
CNV_001057,USR_007579,SES_00039623,2026-05-11 22:20:25.087652,Starter_Monthly,Monthly,29.0,United States,Referral
CNV_002324,USR_002776,SES_00085559,2026-05-12 00:03:17.048127,Pro_Monthly,Monthly,79.0,United States,Direct
CNV_003389,USR_010264,SES_00126290,2026-05-12 01:35:25.703994,Pro_Monthly,Monthly,79.0,Germany,Organic Search
CNV_004074,USR_011143,SES_00152260,2026-05-12 02:10:08.506183,Pro_Monthly,Monthly,79.0,United States,Product Hunt
CNV_001578,USR_025096,SES_00059198,2026-05-12 02:30:59.532415,Starter_Monthly,Monthly,29.0,United Kingdom,Referral
CNV_003163,USR_002502,SES_00117331,2026-05-12 02:38:29.391999,Starter_Monthly,Monthly,29.0,United States,Paid Social
CNV_002592,USR_023093,SES_00095769,2026-05-12 03:36:55.922225,Starter_Monthly,Monthly,29.0,United States,Organic Search
CNV_003144,USR_025260,SES_00116701,2026-05-12 04:25:29.733427,Pro_Monthly,Monthly,79.0,United States,Direct
CNV_002045,USR_000053,SES_00074965,2026-05-12 04:54:09.369198,Pro_Annual,Annual,790.0,United States,Organic Search
CNV_003563,USR_005624,SES_00132831,2026-05-12 05:15:37.797453,Pro_Annual,Annual,790.0,Canada,Direct
CNV_001598,USR_021752,SES_00059897,2026-05-12 06:27:00.511669,Starter_Monthly,Monthly,29.0,Canada,Paid Social
CNV_000691,USR_016346,SES_00025686,2026-05-12 06:46:09.875807,Pro_Monthly,Monthly,79.0,United States,Product Hunt
CNV_004090,USR_025745,SES_00152893,2026-05-12 07:11:08.160578,Starter_Monthly,Monthly,29.0,United States,Referral
CNV_003542,USR_016976,SES_00132112,2026-05-12 08:24:27.590735,Starter_Annual,Annual,290.0,Germany,Paid Social
CNV_002638,USR_032926,SES_00097722,2026-05-12 09:06:53.449700,Starter_Monthly,Monthly,29.0,United States,Organic Search
CNV_003861,USR_008783,SES_00144492,2026-05-12 09:20:12.756767,Starter_Monthly,Monthly,29.0,India,Organic Search
CNV_003765,USR_005708,SES_00141189,2026-05-12 09:44:32.692871,Starter_Monthly,Monthly,29.0,Canada,Organic Search
CNV_003137,USR_022946,SES_00116325,2026-05-12 10:13:13.400318,Starter_Monthly,Monthly,29.0,United States,Product Hunt
CNV_002931,USR_016592,SES_00108214,2026-05-12 12:32:52.797369,Starter_Monthly,Monthly,29.0,United States,Paid Social
CNV_003383,USR_013509,SES_00125837,2026-05-12 13:22:07.413240,Pro_Monthly,Monthly,79.0,United Kingdom,Email Campaign
CNV_002857,USR_017719,SES_00105664,2026-05-12 15:54:43.061380,Pro_Annual,Annual,790.0,United States,Email Campaign
CNV_003309,USR_007017,SES_00123090,2026-05-12 16:20:13.440623,Pro_Monthly,Monthly,79.0,United Kingdom,Email Campaign
CNV_003342,USR_005191,SES_00124430,2026-05-12 17:02:03.134186,Pro_Monthly,Monthly,79.0,Australia,Paid Social
CNV_003508,USR_031964,SES_00130705,2026-05-12 17:22:24.357897,Starter_Monthly,Monthly,29.0,United States,Product Hunt
CNV_003907,USR_029114,SES_00146226,2026-05-12 17:35:48.064864,Pro_Monthly,Monthly,79.0,United Kingdom,Direct
CNV_003165,USR_015040,SES_00117399,2026-05-12 17:54:09.756115,Starter_Monthly,Monthly,29.0,United States,Direct
CNV_001068,USR_003164,SES_00040096,2026-05-12 18:00:36.911769,Starter_Monthly,Monthly,29.0,United States,Organic Search
CNV_003776,USR_008009,SES_00141647,2026-05-12 18:23:39.349615,Pro_Monthly,Monthly,79.0,United States,Product Hunt
CNV_002224,USR_024855,SES_00081893,2026-05-12 18:24:29.472984,Pro_Monthly,Monthly,79.0,United States,Organic Search
CNV_003264,USR_012199,SES_00121559,2026-05-12 18:27:01.053442,Pro_Monthly,Monthly,79.0,Canada,Direct
CNV_002956,USR_010067,SES_00109157,2026-05-12 18:36:09.446979,Starter_Monthly,Monthly,29.0,United States,Paid Social
CNV_003725,USR_030123,SES_00139556,2026-05-12 19:47:25.427884,Enterprise,Custom,1999.0,Germany,Organic Search
CNV_000872,USR_011598,SES_00033398,2026-05-12 20:17:04.364347,Starter_Monthly,Monthly,29.0,United Kingdom,Direct
CNV_003954,USR_008542,SES_00147686,2026-05-12 20:34:08.467127,Starter_Monthly,Monthly,29.0,United States,Direct
CNV_003514,USR_028084,SES_00130912,2026-05-12 22:44:27.921124,Starter_Monthly,Monthly,29.0,United States,Organic Search
CNV_002845,USR_012036,SES_00105225,2026-05-12 23:00:56.047291,Starter_Monthly,Monthly,29.0,Germany,Email Campaign
CNV_004014,USR_016723,SES_00150158,2026-05-13 03:03:19.682496,Starter_Annual,Annual,290.0,France,Organic Search
CNV_002715,USR_001911,SES_00100706,2026-05-13 05:35:46.181304,Pro_Annual,Annual,790.0,United Kingdom,Referral
CNV_003654,USR_020100,SES_00136293,2026-05-13 06:00:20.433323,Pro_Monthly,Monthly,79.0,India,Organic Search
CNV_003178,USR_010330,SES_00118098,2026-05-13 06:11:03.129968,Pro_Monthly,Monthly,79.0,United States,Organic Search
CNV_004129,USR_006801,SES_00154459,2026-05-13 06:36:17.484578,Pro_Monthly,Monthly,79.0,France,Direct
CNV_002807,USR_030094,SES_00103699,2026-05-13 06:44:28.459381,Starter_Monthly,Monthly,29.0,United States,Paid Social
CNV_001838,USR_000853,SES_00068101,2026-05-13 06:44:51.836064,Starter_Monthly,Monthly,29.0,United States,Product Hunt
CNV_002644,USR_028296,SES_00097926,2026-05-13 07:07:44.192365,Starter_Monthly,Monthly,29.0,United Kingdom,Organic Search
CNV_002631,USR_023330,SES_00097289,2026-05-13 07:52:04.281774,Starter_Monthly,Monthly,29.0,United States,Paid Social
CNV_001221,USR_034593,SES_00045714,2026-05-13 08:09:51.945281,Pro_Monthly,Monthly,79.0,India,Product Hunt
CNV_003003,USR_034637,SES_00110854,2026-05-13 08:53:10.665190,Pro_Monthly,Monthly,79.0,United States,Paid Social
CNV_003515,USR_010950,SES_00130926,2026-05-13 08:57:26.845928,Starter_Monthly,Monthly,29.0,United Kingdom,Direct
CNV_003251,USR_031936,SES_00120931,2026-05-13 09:06:52.664022,Starter_Monthly,Monthly,29.0,United States,Paid Social
CNV_003235,USR_011328,SES_00120327,2026-05-13 09:10:58.476157,Starter_Monthly,Monthly,29.0,Canada,Organic Search
CNV_002337,USR_031092,SES_00085925,2026-05-13 09:49:19.203096,Pro_Monthly,Monthly,79.0,United States,Organic Search
CNV_004045,USR_005366,SES_00151100,2026-05-13 11:42:10.556312,Pro_Monthly,Monthly,79.0,United Kingdom,Organic Search
CNV_003710,USR_000961,SES_00138884,2026-05-13 12:46:00.038016,Pro_Monthly,Monthly,79.0,United Kingdom,Organic Search
CNV_003932,USR_007184,SES_00146876,2026-05-13 12:48:11.493945,Starter_Monthly,Monthly,29.0,Canada,Organic Search
CNV_003966,USR_003915,SES_00148301,2026-05-13 13:18:46.790624,Pro_Monthly,Monthly,79.0,Germany,Organic Search
CNV_002039,USR_016917,SES_00074705,2026-05-13 13:27:24.610416,Pro_Monthly,Monthly,79.0,France,Paid Social
CNV_004048,USR_026474,SES_00151201,2026-05-13 13:31:37.279483,Starter_Monthly,Monthly,29.0,Germany,Organic Search
CNV_003103,USR_013569,SES_00115057,2026-05-13 13:52:27.902445,Starter_Monthly,Monthly,29.0,Germany,Organic Search
CNV_003727,USR_032216,SES_00139665,2026-05-13 13:59:51.563167,Pro_Monthly,Monthly,79.0,Germany,Organic Search
CNV_003556,USR_003727,SES_00132592,2026-05-13 16:54:54.923417,Starter_Annual,Annual,290.0,United States,Referral
CNV_003789,USR_028098,SES_00141988,2026-05-13 17:51:02.232187,Starter_Annual,Annual,290.0,Australia,Referral
CNV_003469,USR_017692,SES_00129203,2026-05-13 18:02:29.202184,Starter_Monthly,Monthly,29.0,United States,Organic Search
CNV_003123,USR_034688,SES_00115802,2026-05-13 18:34:54.646865,Starter_Annual,Annual,290.0,United States,Product Hunt
CNV_003400,USR_015658,SES_00126753,2026-05-13 19:07:56.019143,Starter_Monthly,Monthly,29.0,United States,Paid Social
CNV_003414,USR_018166,SES_00127241,2026-05-13 19:52:30.201670,Starter_Monthly,Monthly,29.0,France,Direct
CNV_002948,USR_034111,SES_00108756,2026-05-13 20:12:19.104634,Pro_Monthly,Monthly,79.0,Germany,Email Campaign
CNV_003552,USR_000736,SES_00132454,2026-05-13 20:20:01.467834,Starter_Monthly,Monthly,29.0,United States,Organic Search
CNV_003838,USR_005098,SES_00143611,2026-05-13 21:25:14.542717,Pro_Monthly,Monthly,79.0,United States,Referral
CNV_002428,USR_031976,SES_00089300,2026-05-13 22:09:43.387054,Starter_Annual,Annual,290.0,United Kingdom,Direct
CNV_002400,USR_009814,SES_00088289,2026-05-13 22:55:35.597431,Starter_Monthly,Monthly,29.0,Canada,Paid Social
CNV_003346,USR_033937,SES_00124579,2026-05-13 23:36:18.889722,Pro_Monthly,Monthly,79.0,United States,Paid Social
CNV_004156,USR_027210,SES_00155472,2026-05-14 00:52:06.757619,Pro_Annual,Annual,790.0,United States,Paid Social
CNV_003667,USR_020039,SES_00136950,2026-05-14 00:54:19.565957,Starter_Annual,Annual,290.0,Germany,Direct
CNV_003919,USR_003202,SES_00146455,2026-05-14 00:54:28.213153,Pro_Monthly,Monthly,79.0,Germany,Organic Search
CNV_001141,USR_022168,SES_00042846,2026-05-14 01:07:59.752212,Starter_Annual,Annual,290.0,United States,Paid Social
CNV_004139,USR_010690,SES_00154839,2026-05-14 02:03:57.094014,Starter_Annual,Annual,290.0,United Kingdom,Direct
CNV_004102,USR_003204,SES_00153265,2026-05-14 02:19:07.851650,Starter_Annual,Annual,290.0,United Kingdom,Paid Social
CNV_003597,USR_020714,SES_00133994,2026-05-14 02:30:03.168122,Pro_Annual,Annual,790.0,Australia,Direct
CNV_002997,USR_013869,SES_00110625,2026-05-14 03:36:25.488176,Pro_Monthly,Monthly,79.0,United States,Organic Search
CNV_002094,USR_018871,SES_00076987,2026-05-14 04:00:39.040017,Pro_Annual,Annual,790.0,Australia,Organic Search
CNV_003033,USR_017748,SES_00112011,2026-05-14 05:04:47.195504,Pro_Monthly,Monthly,79.0,United States,Organic Search
CNV_002048,USR_006310,SES_00075092,2026-05-14 05:33:09.143864,Starter_Monthly,Monthly,29.0,United Kingdom,Organic Search
CNV_003512,USR_004961,SES_00130888,2026-05-14 06:35:11.957742,Pro_Monthly,Monthly,79.0,Germany,Organic Search
CNV_003939,USR_022519,SES_00147122,2026-05-14 08:49:08.221194,Starter_Annual,Annual,290.0,United States,Referral
CNV_002095,USR_000207,SES_00077061,2026-05-14 08:56:37.923539,Enterprise,Custom,1999.0,United States,Email Campaign
CNV_002534,USR_008984,SES_00093278,2026-05-14 10:00:02.171779,Pro_Monthly,Monthly,79.0,United States,Paid Social
CNV_003070,USR_034432,SES_00113476,2026-05-14 12:15:09.031247,Starter_Annual,Annual,290.0,United Kingdom,Paid Social
CNV_003705,USR_031801,SES_00138660,2026-05-14 13:48:10.958787,Starter_Monthly,Monthly,29.0,Canada,Product Hunt
CNV_004131,USR_001375,SES_00154521,2026-05-14 19:24:33.765075,Starter_Monthly,Monthly,29.0,India,Direct
CNV_003086,USR_012856,SES_00114447,2026-05-14 19:26:50.153394,Pro_Monthly,Monthly,79.0,France,Referral
CNV_003811,USR_025590,SES_00142665,2026-05-14 20:43:18.124965,Starter_Monthly,Monthly,29.0,United States,Organic Search
CNV_002823,USR_026046,SES_00104442,2026-05-14 20:56:41.348000,Starter_Monthly,Monthly,29.0,United Kingdom,Organic Search
CNV_003560,USR_033984,SES_00132681,2026-05-14 22:31:51.156080,Starter_Monthly,Monthly,29.0,United States,Organic Search
CNV_003547,USR_032738,SES_00132277,2026-05-15 01:32:36.642812,Starter_Monthly,Monthly,29.0,United States,Referral
CNV_003728,USR_032958,SES_00139682,2026-05-15 01:36:50.933739,Pro_Annual,Annual,790.0,United States,Paid Social
CNV_001519,USR_014027,SES_00057490,2026-05-15 02:31:36.480042,Starter_Monthly,Monthly,29.0,United States,Email Campaign
CNV_003096,USR_015294,SES_00114774,2026-05-15 03:09:49.170447,Starter_Monthly,Monthly,29.0,United States,Paid Social
CNV_003778,USR_025616,SES_00141704,2026-05-15 03:40:45.935354,Starter_Monthly,Monthly,29.0,United States,Organic Search
CNV_002563,USR_029934,SES_00094607,2026-05-15 04:03:31.769692,Starter_Monthly,Monthly,29.0,United Kingdom,Email Campaign
CNV_004168,USR_025617,SES_00156065,2026-05-15 04:14:41.379754,Pro_Annual,Annual,790.0,Canada,Organic Search
CNV_002924,USR_012582,SES_00107952,2026-05-15 04:30:36.456480,Starter_Monthly,Monthly,29.0,India,Organic Search
CNV_003570,USR_015431,SES_00133019,2026-05-15 04:48:20.823154,Pro_Monthly,Monthly,79.0,Canada,Paid Social
CNV_002809,USR_014347,SES_00103750,2026-05-15 05:09:10.051940,Pro_Monthly,Monthly,79.0,United States,Paid Social
CNV_003971,USR_016008,SES_00148507,2026-05-15 05:52:45.596251,Pro_Monthly,Monthly,79.0,United States,Direct
CNV_003393,USR_019646,SES_00126489,2026-05-15 06:22:48.204494,Starter_Monthly,Monthly,29.0,United Kingdom,Organic Search
CNV_004024,USR_010704,SES_00150495,2026-05-15 06:38:26.016589,Starter_Monthly,Monthly,29.0,India,Product Hunt
CNV_001734,USR_015074,SES_00064380,2026-05-15 06:54:05.718462,Pro_Monthly,Monthly,79.0,United States,Organic Search
CNV_003936,USR_002783,SES_00147032,2026-05-15 08:05:49.132991,Pro_Monthly,Monthly,79.0,United Kingdom,Product Hunt
CNV_003025,USR_022652,SES_00111719,2026-05-15 08:38:07.928594,Starter_Monthly,Monthly,29.0,United Kingdom,Paid Social
CNV_001603,USR_015427,SES_00060115,2026-05-15 08:53:18.269858,Pro_Monthly,Monthly,79.0,United States,Organic Search
CNV_003511,USR_007094,SES_00130825,2026-05-15 09:25:09.428383,Starter_Annual,Annual,290.0,United Kingdom,Referral
CNV_003933,USR_020077,SES_00146896,2026-05-15 09:37:42.191790,Starter_Monthly,Monthly,29.0,United States,Organic Search
CNV_003706,USR_007530,SES_00138675,2026-05-15 09:39:11.975578,Pro_Monthly,Monthly,79.0,India,Email Campaign
CNV_002705,USR_030889,SES_00100345,2026-05-15 10:53:47.850175,Starter_Monthly,Monthly,29.0,United States,Paid Social
CNV_002944,USR_020697,SES_00108612,2026-05-15 11:07:34.195913,Pro_Monthly,Monthly,79.0,United Kingdom,Product Hunt
CNV_002799,USR_011482,SES_00103455,2026-05-15 11:08:24.105904,Starter_Monthly,Monthly,29.0,Canada,Paid Social
CNV_001705,USR_002415,SES_00063466,2026-05-15 12:33:54.661382,Starter_Monthly,Monthly,29.0,United States,Direct
CNV_000769,USR_024063,SES_00028900,2026-05-15 13:05:47.774247,Starter_Annual,Annual,290.0,United States,Paid Social
CNV_003741,USR_022884,SES_00140121,2026-05-15 13:49:07.302460,Enterprise,Custom,1999.0,Germany,Paid Social
CNV_003934,USR_002882,SES_00146919,2026-05-15 14:20:31.855004,Enterprise,Custom,1999.0,United States,Paid Social
CNV_003827,USR_005458,SES_00143215,2026-05-15 14:39:38.930675,Pro_Monthly,Monthly,79.0,United States,Email Campaign
CNV_003396,USR_019017,SES_00126572,2026-05-15 14:43:44.156368,Starter_Monthly,Monthly,29.0,France,Paid Social
CNV_004029,USR_017707,SES_00150606,2026-05-15 15:12:58.763485,Pro_Monthly,Monthly,79.0,United Kingdom,Organic Search
CNV_003909,USR_024486,SES_00146258,2026-05-15 16:04:23.839590,Pro_Monthly,Monthly,79.0,United Kingdom,Paid Social
CNV_003573,USR_017799,SES_00133150,2026-05-15 18:08:14.913777,Starter_Annual,Annual,290.0,Canada,Referral
CNV_002128,USR_005803,SES_00078454,2026-05-15 19:16:16.931730,Pro_Monthly,Monthly,79.0,India,Organic Search
CNV_003767,USR_033847,SES_00141260,2026-05-15 22:44:48.037908,Pro_Annual,Annual,790.0,Australia,Organic Search
CNV_003203,USR_004167,SES_00119193,2026-05-15 23:25:30.925341,Pro_Monthly,Monthly,79.0,United States,Organic Search
CNV_003668,USR_030304,SES_00137006,2026-05-16 00:36:38.103953,Starter_Monthly,Monthly,29.0,United Kingdom,Direct
CNV_003413,USR_026853,SES_00127227,2026-05-16 00:47:16.787314,Pro_Monthly,Monthly,79.0,Germany,Organic Search
CNV_004010,USR_013406,SES_00150028,2026-05-16 00:59:03.856571,Starter_Monthly,Monthly,29.0,United States,Organic Search
CNV_002703,USR_023691,SES_00100328,2026-05-16 01:31:03.242533,Starter_Monthly,Monthly,29.0,Australia,Paid Social
CNV_004062,USR_019427,SES_00151830,2026-05-16 01:50:30.743495,Pro_Monthly,Monthly,79.0,United Kingdom,Referral
CNV_001448,USR_002866,SES_00054919,2026-05-16 02:17:32.147218,Pro_Monthly,Monthly,79.0,United States,Organic Search
CNV_003795,USR_002023,SES_00142219,2026-05-16 03:07:18.880832,Starter_Monthly,Monthly,29.0,United Kingdom,Paid Social
CNV_003224,USR_012340,SES_00119966,2026-05-16 03:34:34.639260,Pro_Monthly,Monthly,79.0,Canada,Direct
CNV_004012,USR_031947,SES_00150099,2026-05-16 03:43:29.088303,Starter_Annual,Annual,290.0,Canada,Product Hunt
CNV_004112,USR_033097,SES_00153815,2026-05-16 04:06:35.322006,Starter_Monthly,Monthly,29.0,United States,Organic Search
CNV_003674,USR_009458,SES_00137317,2026-05-16 04:18:35.006589,Pro_Monthly,Monthly,79.0,United States,Product Hunt
CNV_001427,USR_008478,SES_00054000,2026-05-16 05:04:47.511441,Starter_Annual,Annual,290.0,France,Referral
CNV_003561,USR_033851,SES_00132712,2026-05-16 05:31:37.403194,Starter_Annual,Annual,290.0,Canada,Email Campaign
CNV_003035,USR_033003,SES_00112101,2026-05-16 05:32:51.826507,Starter_Monthly,Monthly,29.0,United Kingdom,Paid Social
CNV_002769,USR_025683,SES_00102401,2026-05-16 05:57:48.718741,Starter_Annual,Annual,290.0,United States,Paid Social
CNV_003420,USR_012873,SES_00127517,2026-05-16 06:14:17.910063,Starter_Monthly,Monthly,29.0,France,Organic Search
CNV_003898,USR_028301,SES_00145856,2026-05-16 07:49:06.137004,Starter_Monthly,Monthly,29.0,United States,Direct
CNV_001111,USR_033746,SES_00041644,2026-05-16 08:05:40.988467,Starter_Monthly,Monthly,29.0,Germany,Paid Social
CNV_003621,USR_022844,SES_00134907,2026-05-16 08:13:14.981347,Starter_Monthly,Monthly,29.0,United States,Organic Search
CNV_001222,USR_002564,SES_00045781,2026-05-16 09:22:35.894985,Starter_Monthly,Monthly,29.0,Germany,Paid Social
CNV_004173,USR_012717,SES_00156370,2026-05-16 09:44:45.389355,Pro_Monthly,Monthly,79.0,Germany,Direct
CNV_001053,USR_024368,SES_00039557,2026-05-16 09:47:22.601587,Starter_Monthly,Monthly,29.0,United Kingdom,Product Hunt
CNV_003333,USR_028978,SES_00124203,2026-05-16 10:15:57.930311,Starter_Monthly,Monthly,29.0,United Kingdom,Organic Search
CNV_004171,USR_015540,SES_00156208,2026-05-16 10:43:20.854568,Starter_Annual,Annual,290.0,Germany,Organic Search
CNV_004075,USR_034128,SES_00152275,2026-05-16 13:06:05.226065,Starter_Annual,Annual,290.0,Canada,Organic Search
CNV_003510,USR_016655,SES_00130802,2026-05-16 14:50:46.296180,Starter_Monthly,Monthly,29.0,India,Organic Search
CNV_003684,USR_001541,SES_00137651,2026-05-16 15:03:51.957127,Pro_Monthly,Monthly,79.0,United States,Organic Search
CNV_001458,USR_012483,SES_00055276,2026-05-16 15:18:25.328832,Starter_Monthly,Monthly,29.0,Canada,Organic Search
CNV_003462,USR_004005,SES_00128910,2026-05-16 15:18:50.597109,Starter_Monthly,Monthly,29.0,Germany,Direct
CNV_004233,USR_008279,SES_00158552,2026-05-16 16:43:33.574986,Pro_Annual,Annual,790.0,United States,Email Campaign
CNV_001625,USR_016186,SES_00060919,2026-05-16 17:37:14.328190,Pro_Annual,Annual,790.0,United States,Direct
CNV_003707,USR_006058,SES_00138683,2026-05-16 20:03:01.737863,Starter_Monthly,Monthly,29.0,United States,Organic Search
CNV_003481,USR_002269,SES_00129732,2026-05-16 20:35:41.347446,Starter_Monthly,Monthly,29.0,United States,Direct
CNV_003950,USR_028328,SES_00147437,2026-05-16 21:46:15.685533,Pro_Monthly,Monthly,79.0,United States,Direct
CNV_003985,USR_033850,SES_00149014,2026-05-16 23:41:19.903689,Starter_Monthly,Monthly,29.0,Germany,Email Campaign
CNV_002905,USR_006435,SES_00107370,2026-05-16 23:49:00.342117,Starter_Monthly,Monthly,29.0,Canada,Product Hunt
CNV_001806,USR_033239,SES_00067119,2026-05-17 00:08:19.006503,Starter_Monthly,Monthly,29.0,United States,Email Campaign
CNV_003855,USR_008207,SES_00144309,2026-05-17 02:07:07.149065,Pro_Annual,Annual,790.0,France,Direct
CNV_004035,USR_033944,SES_00150800,2026-05-17 02:24:27.434072,Pro_Monthly,Monthly,79.0,United Kingdom,Direct
CNV_002507,USR_005705,SES_00092242,2026-05-17 03:48:26.726066,Starter_Monthly,Monthly,29.0,United Kingdom,Email Campaign
CNV_002709,USR_017736,SES_00100471,2026-05-17 04:12:29.379938,Starter_Monthly,Monthly,29.0,Canada,Paid Social
CNV_003992,USR_003588,SES_00149270,2026-05-17 06:04:42.930427,Starter_Monthly,Monthly,29.0,United States,Organic Search
CNV_003478,USR_019570,SES_00129600,2026-05-17 06:19:16.619849,Starter_Monthly,Monthly,29.0,Germany,Referral
CNV_002832,USR_007735,SES_00104700,2026-05-17 07:01:56.402798,Starter_Monthly,Monthly,29.0,United States,Referral
CNV_003571,USR_030971,SES_00133054,2026-05-17 07:04:40.059443,Pro_Monthly,Monthly,79.0,United States,Paid Social
CNV_004000,USR_026202,SES_00149662,2026-05-17 08:19:53.050390,Starter_Monthly,Monthly,29.0,United States,Paid Social
CNV_002561,USR_006046,SES_00094459,2026-05-17 09:00:59.640535,Starter_Monthly,Monthly,29.0,United States,Referral
CNV_001976,USR_019350,SES_00072947,2026-05-17 09:24:03.872744,Pro_Monthly,Monthly,79.0,United Kingdom,Email Campaign
CNV_002142,USR_015031,SES_00078976,2026-05-17 09:42:11.070824,Pro_Monthly,Monthly,79.0,Germany,Organic Search
CNV_000500,USR_027492,SES_00018703,2026-05-17 09:42:21.014583,Starter_Monthly,Monthly,29.0,United States,Paid Social
CNV_004265,USR_011629,SES_00159692,2026-05-17 11:16:47.650448,Starter_Annual,Annual,290.0,Canada,Product Hunt
CNV_002846,USR_011177,SES_00105244,2026-05-17 12:13:56.640536,Starter_Monthly,Monthly,29.0,United States,Paid Social
CNV_003702,USR_017205,SES_00138546,2026-05-17 12:24:34.519152,Pro_Monthly,Monthly,79.0,Australia,Organic Search
CNV_004204,USR_005140,SES_00157463,2026-05-17 12:44:51.409508,Starter_Monthly,Monthly,29.0,United Kingdom,Referral
CNV_002825,USR_015441,SES_00104478,2026-05-17 14:14:15.849552,Pro_Monthly,Monthly,79.0,United States,Organic Search
CNV_001972,USR_006786,SES_00072812,2026-05-17 15:28:15.456862,Pro_Annual,Annual,790.0,Germany,Direct
CNV_003732,USR_024128,SES_00139772,2026-05-17 16:04:30.488723,Starter_Monthly,Monthly,29.0,Germany,Organic Search
CNV_001601,USR_034256,SES_00060009,2026-05-17 16:56:00.198860,Starter_Monthly,Monthly,29.0,Canada,Organic Search
CNV_002788,USR_019974,SES_00103098,2026-05-17 17:18:34.508539,Pro_Annual,Annual,790.0,France,Organic Search
CNV_003062,USR_000595,SES_00113092,2026-05-17 17:25:56.052524,Pro_Monthly,Monthly,79.0,United States,Organic Search
CNV_000642,USR_030617,SES_00023755,2026-05-17 17:38:30.327914,Starter_Monthly,Monthly,29.0,United States,Email Campaign
CNV_003800,USR_022717,SES_00142356,2026-05-17 17:53:25.189328,Starter_Monthly,Monthly,29.0,United States,Paid Social
CNV_003953,USR_008749,SES_00147673,2026-05-17 18:26:04.722918,Starter_Monthly,Monthly,29.0,Canada,Organic Search
CNV_003041,USR_025829,SES_00112312,2026-05-17 18:36:34.854680,Pro_Monthly,Monthly,79.0,United Kingdom,Organic Search
CNV_002255,USR_020444,SES_00082927,2026-05-17 19:10:33.412311,Pro_Monthly,Monthly,79.0,United States,Organic Search
CNV_000865,USR_034072,SES_00033111,2026-05-17 19:16:13.647890,Starter_Monthly,Monthly,29.0,United States,Organic Search
CNV_000913,USR_022776,SES_00035069,2026-05-17 20:33:23.073807,Starter_Monthly,Monthly,29.0,United Kingdom,Organic Search
CNV_004228,USR_003034,SES_00158417,2026-05-17 20:42:24.293455,Pro_Monthly,Monthly,79.0,United States,Product Hunt
CNV_004133,USR_032570,SES_00154591,2026-05-17 23:10:18.520089,Starter_Annual,Annual,290.0,Germany,Direct
CNV_003649,USR_019466,SES_00136041,2026-05-17 23:14:07.031729,Enterprise,Custom,1999.0,France,Paid Social
CNV_004124,USR_016368,SES_00154312,2026-05-17 23:24:36.663380,Starter_Annual,Annual,290.0,Australia,Direct
CNV_003019,USR_033176,SES_00111361,2026-05-18 00:52:33.434593,Pro_Monthly,Monthly,79.0,Germany,Organic Search
CNV_003533,USR_014434,SES_00131755,2026-05-18 01:22:28.649705,Enterprise,Custom,1999.0,United Kingdom,Referral
CNV_004038,USR_007028,SES_00150828,2026-05-18 01:23:09.433988,Starter_Monthly,Monthly,29.0,United States,Paid Social
CNV_003731,USR_007510,SES_00139764,2026-05-18 01:32:55.407651,Starter_Monthly,Monthly,29.0,United States,Paid Social
CNV_003404,USR_002909,SES_00126913,2026-05-18 02:19:42.064647,Starter_Monthly,Monthly,29.0,Canada,Email Campaign
CNV_004130,USR_018476,SES_00154487,2026-05-18 03:27:25.986257,Starter_Monthly,Monthly,29.0,United States,Paid Social
CNV_003048,USR_000252,SES_00112576,2026-05-18 05:06:23.329625,Pro_Monthly,Monthly,79.0,United States,Organic Search
CNV_001077,USR_004156,SES_00040285,2026-05-18 07:03:06.294826,Starter_Annual,Annual,290.0,United States,Organic Search
CNV_002335,USR_011207,SES_00085883,2026-05-18 07:26:33.675776,Pro_Monthly,Monthly,79.0,United States,Direct
CNV_004285,USR_022121,SES_00160470,2026-05-18 08:01:24.283393,Pro_Monthly,Monthly,79.0,Canada,Product Hunt
CNV_003534,USR_015571,SES_00131824,2026-05-18 08:28:54.279999,Starter_Monthly,Monthly,29.0,United States,Direct
CNV_003923,USR_005304,SES_00146653,2026-05-18 09:01:58.754412,Starter_Monthly,Monthly,29.0,United States,Direct
CNV_004240,USR_025956,SES_00158792,2026-05-18 09:43:45.712361,Starter_Monthly,Monthly,29.0,United States,Organic Search
CNV_001159,USR_013769,SES_00043364,2026-05-18 11:57:10.166948,Enterprise,Custom,1999.0,Germany,Direct
CNV_003445,USR_013683,SES_00128412,2026-05-18 12:34:40.172921,Starter_Monthly,Monthly,29.0,Canada,Organic Search
CNV_002790,USR_015340,SES_00103210,2026-05-18 14:20:24.836011,Pro_Monthly,Monthly,79.0,United States,Product Hunt
CNV_003963,USR_021210,SES_00148211,2026-05-18 15:07:01.888099,Starter_Monthly,Monthly,29.0,France,Organic Search
CNV_001592,USR_024191,SES_00059703,2026-05-18 16:52:44.310005,Starter_Monthly,Monthly,29.0,United Kingdom,Direct
CNV_002063,USR_003429,SES_00075635,2026-05-18 17:44:55.486213,Starter_Monthly,Monthly,29.0,India,Organic Search
CNV_004094,USR_015206,SES_00153001,2026-05-18 17:58:58.841695,Starter_Monthly,Monthly,29.0,Germany,Organic Search
CNV_003929,USR_004643,SES_00146806,2026-05-18 18:04:03.033072,Starter_Annual,Annual,290.0,United States,Direct
CNV_003774,USR_011344,SES_00141590,2026-05-18 19:29:59.558743,Starter_Monthly,Monthly,29.0,India,Referral
CNV_003632,USR_016331,SES_00135272,2026-05-18 20:26:46.954760,Starter_Monthly,Monthly,29.0,United States,Organic Search
CNV_004181,USR_016828,SES_00156629,2026-05-18 20:29:04.787088,Pro_Monthly,Monthly,79.0,Australia,Paid Social
CNV_002097,USR_031018,SES_00077145,2026-05-18 21:12:38.942749,Pro_Monthly,Monthly,79.0,Australia,Organic Search
CNV_002893,USR_017793,SES_00106980,2026-05-18 21:29:15.745282,Pro_Monthly,Monthly,79.0,Germany,Organic Search
CNV_003328,USR_010899,SES_00123999,2026-05-18 21:31:57.122496,Starter_Monthly,Monthly,29.0,Germany,Organic Search
CNV_003972,USR_024159,SES_00148549,2026-05-18 21:53:39.636532,Starter_Monthly,Monthly,29.0,United States,Product Hunt
CNV_003207,USR_005294,SES_00119490,2026-05-18 22:44:57.943180,Pro_Monthly,Monthly,79.0,United Kingdom,Organic Search
CNV_004247,USR_002742,SES_00159137,2026-05-18 23:36:29.096197,Starter_Monthly,Monthly,29.0,India,Organic Search
CNV_003739,USR_004909,SES_00140078,2026-05-19 00:02:34.626422,Pro_Monthly,Monthly,79.0,Canada,Organic Search
CNV_004188,USR_011509,SES_00156846,2026-05-19 00:18:18.331541,Starter_Monthly,Monthly,29.0,Germany,Organic Search
CNV_003388,USR_001940,SES_00126153,2026-05-19 00:57:11.004362,Starter_Monthly,Monthly,29.0,United States,Organic Search
CNV_003942,USR_024927,SES_00147237,2026-05-19 02:26:07.129094,Pro_Monthly,Monthly,79.0,United States,Paid Social
CNV_003626,USR_021306,SES_00135065,2026-05-19 02:36:07.367001,Enterprise,Custom,1999.0,Germany,Paid Social
CNV_003269,USR_002209,SES_00121747,2026-05-19 05:56:29.446782,Starter_Annual,Annual,290.0,Canada,Paid Social
CNV_003248,USR_022031,SES_00120722,2026-05-19 06:34:02.331965,Starter_Annual,Annual,290.0,United States,Referral
CNV_002983,USR_019849,SES_00110214,2026-05-19 07:23:17.993429,Starter_Monthly,Monthly,29.0,United States,Direct
CNV_002930,USR_010485,SES_00108181,2026-05-19 09:23:01.937162,Starter_Monthly,Monthly,29.0,United States,Referral
CNV_001847,USR_003370,SES_00068327,2026-05-19 09:56:05.273872,Starter_Monthly,Monthly,29.0,United States,Referral
CNV_002847,USR_030512,SES_00105252,2026-05-19 11:14:04.816760,Pro_Monthly,Monthly,79.0,United Kingdom,Organic Search
CNV_002978,USR_001274,SES_00110012,2026-05-19 11:36:54.777504,Starter_Monthly,Monthly,29.0,Germany,Organic Search
CNV_002888,USR_016534,SES_00106851,2026-05-19 15:44:51.925888,Enterprise,Custom,1999.0,India,Referral
CNV_002842,USR_027232,SES_00105113,2026-05-19 15:45:29.056922,Starter_Monthly,Monthly,29.0,Canada,Email Campaign
CNV_004190,USR_010312,SES_00156924,2026-05-19 15:47:56.036742,Pro_Monthly,Monthly,79.0,Canada,Organic Search
CNV_002614,USR_015745,SES_00096602,2026-05-19 16:39:20.787070,Pro_Annual,Annual,790.0,Germany,Product Hunt
CNV_002623,USR_021498,SES_00096964,2026-05-19 17:25:33.779411,Starter_Monthly,Monthly,29.0,United States,Direct
CNV_002861,USR_009889,SES_00105887,2026-05-19 17:38:57.491555,Starter_Monthly,Monthly,29.0,United States,Paid Social
CNV_003446,USR_006634,SES_00128440,2026-05-19 20:04:51.446258,Pro_Monthly,Monthly,79.0,Germany,Paid Social
CNV_003098,USR_019870,SES_00114841,2026-05-19 21:13:54.145952,Pro_Monthly,Monthly,79.0,France,Paid Social
CNV_004226,USR_005447,SES_00158333,2026-05-19 21:53:55.914292,Starter_Monthly,Monthly,29.0,United Kingdom,Paid Social
CNV_003214,USR_027418,SES_00119677,2026-05-20 00:58:50.837061,Pro_Annual,Annual,790.0,United States,Referral
CNV_003610,USR_001175,SES_00134479,2026-05-20 02:02:01.429341,Pro_Monthly,Monthly,79.0,Germany,Direct
CNV_001713,USR_005735,SES_00063747,2026-05-20 03:00:57.905398,Starter_Monthly,Monthly,29.0,Germany,Product Hunt
CNV_004317,USR_015869,SES_00161691,2026-05-20 03:02:35.793737,Pro_Monthly,Monthly,79.0,Canada,Organic Search
CNV_003498,USR_003566,SES_00130242,2026-05-20 03:35:33.913022,Enterprise,Custom,1999.0,United States,Organic Search
CNV_004055,USR_009267,SES_00151470,2026-05-20 03:35:35.821033,Pro_Monthly,Monthly,79.0,United Kingdom,Paid Social
CNV_003073,USR_025422,SES_00113544,2026-05-20 03:45:18.474472,Starter_Monthly,Monthly,29.0,United States,Referral
CNV_003952,USR_027915,SES_00147597,2026-05-20 04:44:24.413947,Pro_Monthly,Monthly,79.0,United Kingdom,Organic Search
CNV_002469,USR_004138,SES_00090841,2026-05-20 05:10:56.898242,Starter_Monthly,Monthly,29.0,Germany,Direct
CNV_002502,USR_011264,SES_00092042,2026-05-20 05:38:59.617815,Pro_Monthly,Monthly,79.0,United States,Direct
CNV_003574,USR_033182,SES_00133189,2026-05-20 07:30:07.629030,Pro_Monthly,Monthly,79.0,Canada,Organic Search
CNV_004318,USR_011212,SES_00161758,2026-05-20 08:19:50.076764,Starter_Monthly,Monthly,29.0,India,Direct
CNV_002516,USR_016098,SES_00092649,2026-05-20 09:27:45.148367,Starter_Monthly,Monthly,29.0,United Kingdom,Paid Social
CNV_003910,USR_002262,SES_00146271,2026-05-20 09:30:56.697401,Starter_Annual,Annual,290.0,India,Organic Search
CNV_003480,USR_002598,SES_00129700,2026-05-20 09:40:36.686652,Starter_Monthly,Monthly,29.0,United States,Email Campaign
CNV_002745,USR_002416,SES_00101546,2026-05-20 10:30:00.093648,Starter_Monthly,Monthly,29.0,Germany,Email Campaign
CNV_004262,USR_000587,SES_00159592,2026-05-20 10:51:49.269758,Pro_Monthly,Monthly,79.0,United States,Email Campaign
CNV_002296,USR_022930,SES_00084623,2026-05-20 13:04:46.025400,Starter_Monthly,Monthly,29.0,Germany,Direct
CNV_002024,USR_021920,SES_00074250,2026-05-20 13:26:34.529032,Starter_Annual,Annual,290.0,Germany,Organic Search
CNV_004142,USR_005435,SES_00154910,2026-05-20 14:46:00.259019,Pro_Monthly,Monthly,79.0,United States,Product Hunt
CNV_004166,USR_000212,SES_00155893,2026-05-20 15:28:33.509866,Pro_Monthly,Monthly,79.0,United States,Direct
CNV_003456,USR_027690,SES_00128710,2026-05-20 17:32:11.567416,Starter_Monthly,Monthly,29.0,United States,Paid Social
CNV_004140,USR_001287,SES_00154873,2026-05-20 17:49:20.648145,Starter_Monthly,Monthly,29.0,United States,Paid Social
CNV_002897,USR_004147,SES_00107167,2026-05-20 17:49:55.155223,Pro_Annual,Annual,790.0,France,Product Hunt
CNV_004327,USR_016118,SES_00162167,2026-05-20 17:53:04.471360,Starter_Monthly,Monthly,29.0,Germany,Organic Search
CNV_003204,USR_010539,SES_00119255,2026-05-20 18:24:00.203438,Starter_Annual,Annual,290.0,India,Paid Social
CNV_003294,USR_030580,SES_00122440,2026-05-20 18:39:13.805992,Pro_Monthly,Monthly,79.0,United States,Email Campaign
CNV_002627,USR_019518,SES_00097126,2026-05-20 18:43:57.486549,Pro_Annual,Annual,790.0,Australia,Organic Search
CNV_003517,USR_009278,SES_00131042,2026-05-20 19:17:14.739621,Starter_Monthly,Monthly,29.0,United States,Organic Search
CNV_004256,USR_027350,SES_00159435,2026-05-20 20:50:03.458209,Starter_Monthly,Monthly,29.0,United States,Email Campaign
CNV_003554,USR_003936,SES_00132501,2026-05-20 22:04:04.251064,Starter_Monthly,Monthly,29.0,United States,Referral
CNV_002710,USR_007632,SES_00100500,2026-05-20 22:45:34.909681,Pro_Monthly,Monthly,79.0,United Kingdom,Paid Social
CNV_002472,USR_027582,SES_00090926,2026-05-20 23:01:08.860300,Pro_Monthly,Monthly,79.0,Germany,Organic Search
CNV_003283,USR_018716,SES_00122169,2026-05-20 23:03:37.052666,Pro_Monthly,Monthly,79.0,Canada,Organic Search
CNV_003553,USR_020551,SES_00132485,2026-05-20 23:07:17.536820,Starter_Monthly,Monthly,29.0,United States,Product Hunt
CNV_003314,USR_021410,SES_00123300,2026-05-21 00:00:02.030356,Pro_Monthly,Monthly,79.0,United States,Paid Social
CNV_004077,USR_020717,SES_00152340,2026-05-21 01:20:02.142602,Pro_Monthly,Monthly,79.0,United States,Direct
CNV_003092,USR_005413,SES_00114616,2026-05-21 01:35:31.494292,Starter_Monthly,Monthly,29.0,United States,Paid Social
CNV_003594,USR_005965,SES_00133936,2026-05-21 02:02:16.324054,Pro_Monthly,Monthly,79.0,Germany,Organic Search
CNV_004213,USR_033289,SES_00157791,2026-05-21 02:30:06.312236,Starter_Annual,Annual,290.0,United Kingdom,Paid Social
CNV_003079,USR_017332,SES_00113929,2026-05-21 03:09:42.286066,Pro_Monthly,Monthly,79.0,India,Organic Search
CNV_002722,USR_025221,SES_00100886,2026-05-21 03:14:09.147733,Pro_Monthly,Monthly,79.0,United States,Paid Social
CNV_004263,USR_008774,SES_00159616,2026-05-21 05:26:14.065148,Starter_Monthly,Monthly,29.0,United States,Product Hunt
CNV_001563,USR_030967,SES_00058937,2026-05-21 05:48:56.664092,Starter_Monthly,Monthly,29.0,India,Direct
CNV_004154,USR_025806,SES_00155407,2026-05-21 05:51:12.664887,Pro_Monthly,Monthly,79.0,Canada,Referral
CNV_004301,USR_026148,SES_00160942,2026-05-21 06:55:55.453203,Starter_Monthly,Monthly,29.0,United Kingdom,Organic Search
CNV_004009,USR_010852,SES_00149990,2026-05-21 07:19:31.096778,Starter_Monthly,Monthly,29.0,United States,Organic Search
CNV_004359,USR_029440,SES_00163620,2026-05-21 08:27:03.870833,Pro_Monthly,Monthly,79.0,United Kingdom,Paid Social
CNV_004354,USR_014155,SES_00163398,2026-05-21 09:37:58.005038,Starter_Annual,Annual,290.0,United Kingdom,Direct
CNV_004346,USR_015655,SES_00163050,2026-05-21 09:43:18.608259,Starter_Monthly,Monthly,29.0,Canada,Referral
CNV_002017,USR_016216,SES_00074038,2026-05-21 09:50:12.956861,Starter_Monthly,Monthly,29.0,India,Organic Search
CNV_002379,USR_009622,SES_00087488,2026-05-21 10:10:22.713542,Starter_Monthly,Monthly,29.0,United Kingdom,Organic Search
CNV_003690,USR_015025,SES_00137920,2026-05-21 10:15:13.712201,Starter_Monthly,Monthly,29.0,United States,Product Hunt
CNV_001562,USR_027387,SES_00058925,2026-05-21 10:26:53.046051,Pro_Monthly,Monthly,79.0,Canada,Direct
CNV_002383,USR_016713,SES_00087570,2026-05-21 10:55:11.868910,Starter_Monthly,Monthly,29.0,United States,Paid Social
CNV_003147,USR_007585,SES_00116868,2026-05-21 11:54:02.575980,Starter_Monthly,Monthly,29.0,Canada,Organic Search
CNV_004345,USR_015715,SES_00163016,2026-05-21 13:01:00.528609,Pro_Monthly,Monthly,79.0,United States,Organic Search
CNV_003106,USR_000300,SES_00115162,2026-05-21 15:12:17.460336,Starter_Annual,Annual,290.0,United States,Direct
CNV_003876,USR_009919,SES_00145024,2026-05-21 15:46:52.395205,Starter_Monthly,Monthly,29.0,Australia,Organic Search
CNV_002522,USR_021610,SES_00092910,2026-05-21 17:15:55.730172,Starter_Monthly,Monthly,29.0,India,Direct
CNV_003842,USR_012683,SES_00143841,2026-05-21 20:09:23.567120,Pro_Annual,Annual,790.0,United States,Organic Search
CNV_002599,USR_017919,SES_00096041,2026-05-21 20:37:08.751933,Pro_Monthly,Monthly,79.0,Germany,Paid Social
CNV_002148,USR_029021,SES_00079166,2026-05-21 21:06:21.145190,Pro_Monthly,Monthly,79.0,Germany,Organic Search
CNV_003052,USR_015011,SES_00112684,2026-05-21 21:15:23.563947,Starter_Annual,Annual,290.0,United Kingdom,Direct
CNV_002282,USR_021833,SES_00084093,2026-05-21 21:19:48.221090,Pro_Annual,Annual,790.0,United Kingdom,Referral
CNV_003386,USR_009761,SES_00126033,2026-05-21 21:32:28.432871,Starter_Monthly,Monthly,29.0,United States,Product Hunt
CNV_000593,USR_004176,SES_00022029,2026-05-21 23:00:17.168915,Starter_Annual,Annual,290.0,Canada,Paid Social
CNV_003709,USR_011750,SES_00138847,2026-05-21 23:04:13.974835,Starter_Monthly,Monthly,29.0,Australia,Email Campaign
CNV_003261,USR_030336,SES_00121371,2026-05-21 23:23:28.071629,Pro_Monthly,Monthly,79.0,United States,Direct
CNV_001147,USR_014097,SES_00043022,2026-05-22 00:35:36.257452,Pro_Annual,Annual,790.0,Canada,Paid Social
CNV_004313,USR_017495,SES_00161596,2026-05-22 01:09:53.260746,Pro_Annual,Annual,790.0,Canada,Product Hunt
CNV_002768,USR_004302,SES_00102298,2026-05-22 01:29:52.779314,Starter_Monthly,Monthly,29.0,United States,Product Hunt
CNV_004378,USR_023901,SES_00164441,2026-05-22 02:23:58.972792,Pro_Monthly,Monthly,79.0,India,Paid Social
CNV_003133,USR_031450,SES_00116195,2026-05-22 03:14:47.869599,Pro_Monthly,Monthly,79.0,United States,Direct
CNV_004224,USR_021395,SES_00158291,2026-05-22 03:24:49.816407,Starter_Monthly,Monthly,29.0,United States,Organic Search
CNV_003387,USR_000215,SES_00126077,2026-05-22 03:39:26.081611,Pro_Monthly,Monthly,79.0,United States,Paid Social
CNV_004076,USR_010437,SES_00152321,2026-05-22 09:01:06.705394,Starter_Monthly,Monthly,29.0,United States,Paid Social
CNV_004289,USR_017079,SES_00160673,2026-05-22 11:44:42.415601,Pro_Annual,Annual,790.0,Canada,Email Campaign
CNV_003466,USR_021343,SES_00129144,2026-05-22 12:03:57.864391,Starter_Monthly,Monthly,29.0,United States,Paid Social
CNV_004278,USR_021858,SES_00160160,2026-05-22 12:14:16.684948,Starter_Monthly,Monthly,29.0,United States,Paid Social
CNV_004268,USR_018496,SES_00159767,2026-05-22 12:38:23.041711,Pro_Monthly,Monthly,79.0,United States,Organic Search
CNV_003803,USR_016546,SES_00142415,2026-05-22 12:43:21.264848,Pro_Monthly,Monthly,79.0,France,Organic Search
CNV_000357,USR_015142,SES_00013153,2026-05-22 12:58:46.689771,Starter_Monthly,Monthly,29.0,United States,Referral
CNV_002653,USR_010825,SES_00098319,2026-05-22 15:09:33.111948,Pro_Monthly,Monthly,79.0,United States,Direct
CNV_002212,USR_017057,SES_00081480,2026-05-22 15:57:13.986790,Starter_Monthly,Monthly,29.0,France,Direct
CNV_002200,USR_002760,SES_00081160,2026-05-22 17:17:43.431306,Pro_Monthly,Monthly,79.0,United States,Paid Social
CNV_003458,USR_023195,SES_00128765,2026-05-22 17:25:42.436362,Starter_Monthly,Monthly,29.0,United States,Organic Search
CNV_003452,USR_024006,SES_00128571,2026-05-22 17:58:10.111920,Enterprise,Custom,1999.0,United States,Paid Social
CNV_003711,USR_034160,SES_00138908,2026-05-22 18:42:04.119678,Pro_Monthly,Monthly,79.0,United States,Paid Social
CNV_004086,USR_017431,SES_00152720,2026-05-22 18:52:15.968884,Pro_Monthly,Monthly,79.0,Canada,Organic Search
CNV_002434,USR_000801,SES_00089561,2026-05-22 19:37:30.243538,Starter_Monthly,Monthly,29.0,United States,Product Hunt
CNV_004283,USR_029305,SES_00160409,2026-05-22 20:13:01.308049,Starter_Monthly,Monthly,29.0,United States,Organic Search
CNV_004352,USR_012142,SES_00163313,2026-05-22 20:15:19.818285,Starter_Monthly,Monthly,29.0,United States,Organic Search
CNV_003527,USR_022358,SES_00131567,2026-05-22 20:26:19.312956,Starter_Annual,Annual,290.0,United States,Organic Search
CNV_003419,USR_026751,SES_00127491,2026-05-22 20:37:51.993588,Pro_Annual,Annual,790.0,United Kingdom,Organic Search
CNV_002976,USR_030960,SES_00109888,2026-05-22 20:59:32.809087,Starter_Monthly,Monthly,29.0,United Kingdom,Paid Social
CNV_004255,USR_030655,SES_00159408,2026-05-22 22:00:02.998427,Pro_Monthly,Monthly,79.0,United Kingdom,Direct
CNV_003281,USR_034328,SES_00122134,2026-05-22 22:29:03.675727,Starter_Monthly,Monthly,29.0,United States,Organic Search
CNV_004282,USR_031672,SES_00160329,2026-05-23 00:52:37.148262,Starter_Annual,Annual,290.0,United Kingdom,Direct
CNV_003485,USR_034574,SES_00129877,2026-05-23 02:24:29.306623,Starter_Annual,Annual,290.0,United Kingdom,Referral
CNV_004005,USR_008693,SES_00149770,2026-05-23 04:45:58.361640,Starter_Monthly,Monthly,29.0,India,Organic Search
CNV_004020,USR_026034,SES_00150348,2026-05-23 07:00:44.479520,Starter_Monthly,Monthly,29.0,United States,Paid Social
CNV_004294,USR_021519,SES_00160758,2026-05-23 08:00:18.290752,Starter_Monthly,Monthly,29.0,United Kingdom,Organic Search
CNV_003615,USR_023051,SES_00134618,2026-05-23 08:15:55.031571,Pro_Monthly,Monthly,79.0,United States,Product Hunt
CNV_002793,USR_032939,SES_00103282,2026-05-23 10:54:11.809168,Starter_Monthly,Monthly,29.0,United States,Paid Social
CNV_003548,USR_011144,SES_00132317,2026-05-23 11:35:52.922797,Starter_Monthly,Monthly,29.0,Germany,Paid Social
CNV_003804,USR_004187,SES_00142439,2026-05-23 12:56:54.537340,Pro_Monthly,Monthly,79.0,France,Direct
CNV_003733,USR_010484,SES_00139778,2026-05-23 13:20:08.510094,Starter_Monthly,Monthly,29.0,United States,Product Hunt
CNV_003312,USR_004917,SES_00123250,2026-05-23 15:43:48.842129,Starter_Annual,Annual,290.0,India,Referral
CNV_003663,USR_005137,SES_00136838,2026-05-23 16:04:26.977059,Pro_Monthly,Monthly,79.0,United Kingdom,Organic Search
CNV_003983,USR_007790,SES_00148962,2026-05-23 17:46:41.624771,Starter_Monthly,Monthly,29.0,United States,Referral
CNV_002866,USR_021079,SES_00106108,2026-05-23 21:52:01.653731,Enterprise,Custom,1999.0,United States,Product Hunt
CNV_003721,USR_023557,SES_00139354,2026-05-23 21:59:58.001390,Pro_Monthly,Monthly,79.0,United Kingdom,Organic Search
CNV_003121,USR_006471,SES_00115711,2026-05-23 22:17:02.983931,Pro_Monthly,Monthly,79.0,United Kingdom,Paid Social
CNV_003824,USR_015751,SES_00143119,2026-05-24 00:58:55.034871,Starter_Monthly,Monthly,29.0,Canada,Paid Social
CNV_004011,USR_015101,SES_00150071,2026-05-24 01:51:49.758478,Starter_Annual,Annual,290.0,United Kingdom,Organic Search
CNV_004047,USR_019262,SES_00151180,2026-05-24 02:13:49.914378,Starter_Monthly,Monthly,29.0,United States,Email Campaign
CNV_004395,USR_024822,SES_00164910,2026-05-24 03:14:43.428637,Pro_Monthly,Monthly,79.0,Germany,Organic Search
CNV_003053,USR_027393,SES_00112731,2026-05-24 05:08:09.019492,Starter_Annual,Annual,290.0,United Kingdom,Direct
CNV_003906,USR_014912,SES_00146201,2026-05-24 06:42:49.168491,Pro_Monthly,Monthly,79.0,United States,Email Campaign
CNV_004332,USR_031996,SES_00162399,2026-05-24 07:39:43.767331,Pro_Annual,Annual,790.0,France,Paid Social
CNV_004072,USR_014273,SES_00152129,2026-05-24 08:41:47.013577,Starter_Monthly,Monthly,29.0,United States,Paid Social
CNV_001496,USR_019255,SES_00056510,2026-05-24 08:48:33.797914,Starter_Annual,Annual,290.0,United States,Referral
CNV_003794,USR_008866,SES_00142201,2026-05-24 10:00:03.153848,Pro_Monthly,Monthly,79.0,Canada,Paid Social
CNV_003726,USR_023840,SES_00139606,2026-05-24 10:56:22.298044,Pro_Monthly,Monthly,79.0,United States,Referral
CNV_004261,USR_001507,SES_00159566,2026-05-24 11:04:46.340309,Pro_Annual,Annual,790.0,United States,Paid Social
CNV_003474,USR_026902,SES_00129439,2026-05-24 11:54:49.093268,Enterprise,Custom,1999.0,Canada,Referral
CNV_003367,USR_003989,SES_00125321,2026-05-24 12:00:02.727503,Pro_Monthly,Monthly,79.0,Australia,Referral
CNV_003724,USR_023939,SES_00139485,2026-05-24 12:50:22.151764,Starter_Annual,Annual,290.0,Australia,Product Hunt
CNV_004288,USR_027702,SES_00160601,2026-05-24 14:21:16.415402,Pro_Annual,Annual,790.0,Canada,Direct
CNV_004457,USR_008224,SES_00167349,2026-05-24 14:40:08.199350,Pro_Monthly,Monthly,79.0,United States,Direct
CNV_003482,USR_022314,SES_00129796,2026-05-24 14:42:35.923354,Starter_Annual,Annual,290.0,Australia,Direct
CNV_003629,USR_008454,SES_00135167,2026-05-24 14:51:29.965046,Pro_Annual,Annual,790.0,United States,Organic Search
CNV_003361,USR_026254,SES_00125052,2026-05-24 15:49:09.629768,Pro_Monthly,Monthly,79.0,United Kingdom,Paid Social
CNV_003297,USR_017570,SES_00122548,2026-05-24 16:18:35.426204,Starter_Monthly,Monthly,29.0,Canada,Organic Search
CNV_003246,USR_028526,SES_00120682,2026-05-24 17:08:18.200178,Starter_Monthly,Monthly,29.0,Germany,Paid Social
CNV_003049,USR_017208,SES_00112599,2026-05-24 18:30:52.742410,Starter_Monthly,Monthly,29.0,India,Paid Social
CNV_004197,USR_020514,SES_00157151,2026-05-24 19:35:23.505189,Starter_Monthly,Monthly,29.0,United States,Direct
CNV_003660,USR_022874,SES_00136600,2026-05-24 19:56:05.961647,Pro_Annual,Annual,790.0,United States,Paid Social
CNV_002414,USR_015352,SES_00088863,2026-05-24 19:57:30.797957,Starter_Monthly,Monthly,29.0,United States,Email Campaign
CNV_003472,USR_001219,SES_00129380,2026-05-24 20:15:09.613987,Starter_Monthly,Monthly,29.0,Australia,Referral
CNV_004376,USR_007306,SES_00164374,2026-05-24 20:16:56.488406,Starter_Monthly,Monthly,29.0,United States,Email Campaign
CNV_003695,USR_019293,SES_00138106,2026-05-24 20:28:49.339610,Starter_Annual,Annual,290.0,France,Paid Social
CNV_001981,USR_028927,SES_00073049,2026-05-24 20:37:04.841185,Pro_Monthly,Monthly,79.0,United States,Referral
CNV_001339,USR_022312,SES_00050399,2026-05-24 21:49:24.729272,Enterprise,Custom,1999.0,United States,Direct
CNV_003010,USR_001460,SES_00111074,2026-05-24 22:04:13.409327,Starter_Monthly,Monthly,29.0,United Kingdom,Direct
CNV_003442,USR_017076,SES_00128346,2026-05-24 22:12:49.085355,Pro_Monthly,Monthly,79.0,United Kingdom,Direct
CNV_003881,USR_002122,SES_00145206,2026-05-24 22:18:55.877623,Pro_Annual,Annual,790.0,Australia,Organic Search
CNV_004194,USR_002479,SES_00157048,2026-05-24 22:31:50.143953,Pro_Monthly,Monthly,79.0,United States,Organic Search
CNV_002786,USR_003398,SES_00102983,2026-05-24 22:41:39.336119,Pro_Monthly,Monthly,79.0,United States,Referral
CNV_002004,USR_026227,SES_00073643,2026-05-25 00:43:38.914294,Starter_Monthly,Monthly,29.0,United States,Direct
CNV_003868,USR_024506,SES_00144734,2026-05-25 01:29:29.479433,Starter_Monthly,Monthly,29.0,Canada,Product Hunt
CNV_003886,USR_028741,SES_00145403,2026-05-25 02:03:54.867221,Pro_Monthly,Monthly,79.0,United States,Email Campaign
CNV_004236,USR_006219,SES_00158703,2026-05-25 02:38:55.226577,Starter_Monthly,Monthly,29.0,Canada,Organic Search
CNV_004217,USR_032238,SES_00158084,2026-05-25 02:56:51.163377,Starter_Monthly,Monthly,29.0,Australia,Organic Search
CNV_001791,USR_017090,SES_00066511,2026-05-25 03:48:17.339472,Pro_Monthly,Monthly,79.0,United Kingdom,Email Campaign
CNV_003845,USR_023584,SES_00143972,2026-05-25 03:58:04.045254,Starter_Monthly,Monthly,29.0,Australia,Referral
CNV_002436,USR_001456,SES_00089628,2026-05-25 04:23:47.450576,Pro_Annual,Annual,790.0,Canada,Organic Search
CNV_004466,USR_009371,SES_00167664,2026-05-25 04:35:40.409579,Starter_Monthly,Monthly,29.0,United Kingdom,Referral
CNV_003468,USR_029847,SES_00129169,2026-05-25 04:41:04.597590,Starter_Annual,Annual,290.0,United States,Product Hunt
CNV_004323,USR_004636,SES_00162055,2026-05-25 04:42:47.464697,Starter_Monthly,Monthly,29.0,United States,Paid Social
CNV_002495,USR_026389,SES_00091712,2026-05-25 05:10:17.036996,Pro_Monthly,Monthly,79.0,United Kingdom,Product Hunt
CNV_001792,USR_010066,SES_00066564,2026-05-25 07:27:06.456313,Starter_Monthly,Monthly,29.0,United States,Paid Social
CNV_003083,USR_004672,SES_00114293,2026-05-25 07:44:31.666552,Starter_Monthly,Monthly,29.0,United Kingdom,Organic Search
CNV_004320,USR_009553,SES_00161830,2026-05-25 07:45:17.832172,Pro_Monthly,Monthly,79.0,United States,Email Campaign
CNV_002147,USR_022803,SES_00079150,2026-05-25 07:49:48.036093,Starter_Annual,Annual,290.0,Canada,Organic Search
CNV_004365,USR_000943,SES_00163823,2026-05-25 08:18:24.366568,Starter_Monthly,Monthly,29.0,United States,Direct
CNV_003077,USR_026221,SES_00113739,2026-05-25 10:24:34.792423,Pro_Monthly,Monthly,79.0,Canada,Organic Search
CNV_003808,USR_034474,SES_00142554,2026-05-25 10:28:22.608477,Pro_Monthly,Monthly,79.0,United States,Direct
CNV_004209,USR_032314,SES_00157647,2026-05-25 10:46:06.077062,Starter_Monthly,Monthly,29.0,United States,Organic Search
CNV_001967,USR_028796,SES_00072554,2026-05-25 10:50:19.507787,Pro_Monthly,Monthly,79.0,United Kingdom,Paid Social
CNV_002273,USR_033166,SES_00083683,2026-05-25 11:24:34.967461,Starter_Monthly,Monthly,29.0,Germany,Organic Search
CNV_003436,USR_005428,SES_00128062,2026-05-25 11:30:53.201731,Pro_Monthly,Monthly,79.0,United Kingdom,Organic Search
CNV_004486,USR_004664,SES_00168270,2026-05-25 11:55:03.381347,Starter_Monthly,Monthly,29.0,India,Paid Social
CNV_002711,USR_016115,SES_00100522,2026-05-25 13:30:02.628108,Starter_Monthly,Monthly,29.0,France,Organic Search
CNV_003584,USR_017196,SES_00133630,2026-05-25 14:51:27.835553,Starter_Monthly,Monthly,29.0,Germany,Email Campaign
CNV_002873,USR_007944,SES_00106327,2026-05-25 15:17:43.418967,Pro_Annual,Annual,790.0,United States,Organic Search
CNV_004174,USR_034221,SES_00156384,2026-05-25 15:44:22.878638,Pro_Monthly,Monthly,79.0,United Kingdom,Organic Search
CNV_002927,USR_003102,SES_00108032,2026-05-25 15:51:49.414384,Pro_Monthly,Monthly,79.0,France,Organic Search
CNV_001980,USR_025780,SES_00073033,2026-05-25 16:03:25.043842,Starter_Monthly,Monthly,29.0,Germany,Direct
CNV_004330,USR_029682,SES_00162289,2026-05-25 16:42:07.823213,Starter_Annual,Annual,290.0,United States,Referral
CNV_001802,USR_012586,SES_00066994,2026-05-25 20:35:15.622104,Starter_Monthly,Monthly,29.0,United States,Direct
CNV_003532,USR_033293,SES_00131724,2026-05-26 02:38:14.258591,Starter_Monthly,Monthly,29.0,Canada,Paid Social
CNV_004136,USR_011754,SES_00154618,2026-05-26 04:27:13.971651,Starter_Annual,Annual,290.0,Canada,Product Hunt
CNV_003188,USR_012831,SES_00118607,2026-05-26 05:18:03.161777,Pro_Monthly,Monthly,79.0,United States,Organic Search
CNV_003477,USR_018845,SES_00129542,2026-05-26 05:25:27.863528,Starter_Annual,Annual,290.0,United Kingdom,Email Campaign
CNV_002588,USR_031806,SES_00095693,2026-05-26 07:11:38.029486,Starter_Annual,Annual,290.0,United Kingdom,Organic Search
CNV_001856,USR_027762,SES_00068719,2026-05-26 07:28:16.172960,Starter_Monthly,Monthly,29.0,United States,Product Hunt
CNV_004450,USR_028941,SES_00167083,2026-05-26 07:32:21.594023,Starter_Monthly,Monthly,29.0,United States,Paid Social
CNV_004521,USR_011564,SES_00169729,2026-05-26 09:42:50.979597,Starter_Annual,Annual,290.0,United States,Direct
CNV_004182,USR_003170,SES_00156670,2026-05-26 09:55:29.991658,Starter_Monthly,Monthly,29.0,United States,Paid Social
CNV_004037,USR_023045,SES_00150818,2026-05-26 10:48:44.235198,Pro_Monthly,Monthly,79.0,Canada,Organic Search
CNV_004025,USR_014232,SES_00150527,2026-05-26 10:49:51.157678,Starter_Monthly,Monthly,29.0,United States,Paid Social
CNV_002307,USR_015766,SES_00085073,2026-05-26 11:39:13.438840,Pro_Monthly,Monthly,79.0,Germany,Referral
CNV_003354,USR_028488,SES_00124857,2026-05-26 12:20:01.610901,Starter_Annual,Annual,290.0,United Kingdom,Paid Social
CNV_004507,USR_000573,SES_00169072,2026-05-26 13:17:27.882964,Starter_Annual,Annual,290.0,Canada,Paid Social
CNV_004324,USR_016532,SES_00162066,2026-05-26 13:32:38.990145,Starter_Monthly,Monthly,29.0,France,Referral
CNV_003718,USR_013918,SES_00139157,2026-05-26 13:34:25.830267,Pro_Monthly,Monthly,79.0,United States,Referral
CNV_004216,USR_015008,SES_00157988,2026-05-26 14:16:44.560367,Pro_Annual,Annual,790.0,Canada,Paid Social
CNV_001580,USR_017711,SES_00059261,2026-05-26 15:04:05.846757,Starter_Monthly,Monthly,29.0,France,Organic Search
CNV_001404,USR_029459,SES_00053215,2026-05-26 15:35:58.588501,Starter_Monthly,Monthly,29.0,United States,Referral
CNV_004267,USR_011272,SES_00159732,2026-05-26 15:51:21.009898,Starter_Monthly,Monthly,29.0,Canada,Organic Search
CNV_004195,USR_019103,SES_00157102,2026-05-26 15:51:51.770491,Starter_Monthly,Monthly,29.0,United States,Direct
CNV_004423,USR_002869,SES_00166078,2026-05-26 15:56:55.704723,Starter_Monthly,Monthly,29.0,United Kingdom,Organic Search
CNV_002882,USR_014676,SES_00106611,2026-05-26 16:21:48.537604,Pro_Monthly,Monthly,79.0,United States,Direct
CNV_004409,USR_032881,SES_00165634,2026-05-26 17:09:32.349037,Pro_Monthly,Monthly,79.0,India,Direct
CNV_004373,USR_034440,SES_00164264,2026-05-26 19:21:48.945633,Starter_Annual,Annual,290.0,United States,Direct
CNV_004487,USR_005002,SES_00168279,2026-05-26 20:01:41.910918,Starter_Monthly,Monthly,29.0,Germany,Referral
CNV_002639,USR_027749,SES_00097765,2026-05-26 20:13:05.228337,Starter_Monthly,Monthly,29.0,India,Paid Social
CNV_004434,USR_009831,SES_00166496,2026-05-26 20:19:01.719711,Starter_Annual,Annual,290.0,United States,Paid Social
CNV_001430,USR_016636,SES_00054165,2026-05-26 21:21:20.357888,Starter_Monthly,Monthly,29.0,United States,Organic Search
CNV_001933,USR_012382,SES_00071441,2026-05-26 21:46:02.765397,Starter_Monthly,Monthly,29.0,United States,Paid Social
CNV_004429,USR_021580,SES_00166280,2026-05-26 22:14:01.010488,Pro_Monthly,Monthly,79.0,United States,Paid Social
CNV_004031,USR_024120,SES_00150674,2026-05-26 22:25:11.525167,Starter_Monthly,Monthly,29.0,United States,Organic Search
CNV_004440,USR_004790,SES_00166760,2026-05-26 22:51:02.140222,Starter_Monthly,Monthly,29.0,Australia,Organic Search
CNV_003757,USR_026972,SES_00140933,2026-05-26 22:56:58.669524,Starter_Monthly,Monthly,29.0,United States,Paid Social
CNV_003783,USR_002647,SES_00141873,2026-05-26 23:50:32.682239,Pro_Monthly,Monthly,79.0,Germany,Email Campaign
CNV_002229,USR_030826,SES_00082046,2026-05-27 01:36:35.142846,Starter_Annual,Annual,290.0,India,Organic Search
CNV_002963,USR_006680,SES_00109343,2026-05-27 02:29:36.354335,Pro_Monthly,Monthly,79.0,United States,Product Hunt
CNV_004060,USR_012685,SES_00151783,2026-05-27 02:46:36.847654,Starter_Monthly,Monthly,29.0,Australia,Organic Search
CNV_004162,USR_013356,SES_00155754,2026-05-27 02:52:25.562896,Pro_Monthly,Monthly,79.0,United States,Organic Search
CNV_004305,USR_022969,SES_00161165,2026-05-27 04:07:23.029376,Starter_Monthly,Monthly,29.0,United Kingdom,Direct
CNV_004447,USR_022266,SES_00167015,2026-05-27 05:27:04.614428,Starter_Monthly,Monthly,29.0,Australia,Paid Social
CNV_004229,USR_019214,SES_00158443,2026-05-27 06:10:04.245268,Starter_Annual,Annual,290.0,Canada,Organic Search
CNV_003593,USR_003988,SES_00133924,2026-05-27 06:25:08.190721,Starter_Monthly,Monthly,29.0,France,Paid Social
CNV_003249,USR_028734,SES_00120866,2026-05-27 07:09:10.837386,Pro_Monthly,Monthly,79.0,United Kingdom,Referral
CNV_004281,USR_012708,SES_00160279,2026-05-27 08:16:50.234204,Pro_Annual,Annual,790.0,Australia,Direct
CNV_003986,USR_032007,SES_00149034,2026-05-27 11:05:09.904896,Pro_Monthly,Monthly,79.0,Germany,Product Hunt
CNV_004339,USR_002623,SES_00162708,2026-05-27 11:18:29.723999,Pro_Monthly,Monthly,79.0,United States,Organic Search
CNV_002694,USR_009767,SES_00100147,2026-05-27 12:49:30.049735,Starter_Monthly,Monthly,29.0,United Kingdom,Product Hunt
CNV_004402,USR_020883,SES_00165311,2026-05-27 14:52:26.216499,Pro_Monthly,Monthly,79.0,France,Paid Social
CNV_004196,USR_018869,SES_00157132,2026-05-27 16:01:16.693999,Starter_Monthly,Monthly,29.0,United States,Organic Search
CNV_003735,USR_007051,SES_00139831,2026-05-27 17:05:03.740052,Pro_Monthly,Monthly,79.0,United States,Referral
CNV_004326,USR_031052,SES_00162097,2026-05-27 17:51:00.791643,Pro_Monthly,Monthly,79.0,Canada,Referral
CNV_004406,USR_026112,SES_00165404,2026-05-27 20:04:56.534182,Pro_Monthly,Monthly,79.0,United States,Direct
CNV_003308,USR_016263,SES_00123070,2026-05-27 20:46:48.630958,Starter_Monthly,Monthly,29.0,Canada,Referral
CNV_003793,USR_026190,SES_00142169,2026-05-27 21:23:47.044345,Starter_Monthly,Monthly,29.0,United Kingdom,Product Hunt
CNV_003347,USR_031600,SES_00124622,2026-05-27 21:36:44.999658,Starter_Monthly,Monthly,29.0,Australia,Paid Social
CNV_002216,USR_004611,SES_00081679,2026-05-27 21:43:04.873493,Starter_Monthly,Monthly,29.0,Germany,Organic Search
CNV_002342,USR_021585,SES_00086114,2026-05-27 21:54:27.514784,Starter_Monthly,Monthly,29.0,Germany,Paid Social
CNV_004421,USR_014979,SES_00166045,2026-05-27 23:52:37.999049,Pro_Monthly,Monthly,79.0,India,Product Hunt
CNV_002338,USR_028930,SES_00086005,2026-05-27 23:55:53.003233,Pro_Monthly,Monthly,79.0,United Kingdom,Organic Search
CNV_004558,USR_033963,SES_00170920,2026-05-28 01:26:51.312413,Starter_Annual,Annual,290.0,United States,Paid Social
CNV_002858,USR_013688,SES_00105743,2026-05-28 03:17:34.985376,Starter_Monthly,Monthly,29.0,United States,Organic Search
CNV_003120,USR_034721,SES_00115684,2026-05-28 04:43:44.458390,Starter_Monthly,Monthly,29.0,United States,Organic Search
CNV_003191,USR_001227,SES_00118804,2026-05-28 06:04:06.740350,Pro_Monthly,Monthly,79.0,Australia,Email Campaign
CNV_002577,USR_004732,SES_00095319,2026-05-28 06:51:04.098356,Pro_Monthly,Monthly,79.0,France,Referral
CNV_002890,USR_020801,SES_00106897,2026-05-28 07:29:22.221734,Pro_Monthly,Monthly,79.0,France,Paid Social
CNV_003415,USR_024789,SES_00127318,2026-05-28 07:35:59.761827,Pro_Annual,Annual,790.0,Canada,Email Campaign
CNV_004214,USR_034098,SES_00157873,2026-05-28 07:55:09.925701,Pro_Annual,Annual,790.0,India,Product Hunt
CNV_004084,USR_014095,SES_00152539,2026-05-28 09:11:57.625166,Starter_Annual,Annual,290.0,United States,Referral
CNV_004445,USR_031554,SES_00166885,2026-05-28 09:29:58.052721,Pro_Monthly,Monthly,79.0,Canada,Direct
CNV_004291,USR_010653,SES_00160706,2026-05-28 09:31:02.300859,Starter_Monthly,Monthly,29.0,United States,Direct
CNV_001994,USR_031864,SES_00073415,2026-05-28 11:18:13.148610,Starter_Annual,Annual,290.0,United States,Paid Social
CNV_004311,USR_030648,SES_00161498,2026-05-28 11:49:48.638322,Starter_Monthly,Monthly,29.0,India,Organic Search
CNV_003635,USR_011613,SES_00135330,2026-05-28 11:59:26.089096,Starter_Annual,Annual,290.0,United States,Organic Search
CNV_003863,USR_016104,SES_00144537,2026-05-28 12:07:07.641664,Starter_Monthly,Monthly,29.0,Germany,Organic Search
CNV_004044,USR_006140,SES_00151040,2026-05-28 14:04:10.646805,Pro_Monthly,Monthly,79.0,Canada,Direct
CNV_004357,USR_006018,SES_00163493,2026-05-28 14:24:22.381920,Pro_Monthly,Monthly,79.0,Germany,Organic Search
CNV_000737,USR_015057,SES_00027338,2026-05-28 14:27:02.153183,Enterprise,Custom,1999.0,Germany,Organic Search
CNV_004191,USR_017842,SES_00156992,2026-05-28 19:07:19.878775,Pro_Monthly,Monthly,79.0,Germany,Organic Search
CNV_004391,USR_028333,SES_00164795,2026-05-28 20:23:06.367271,Pro_Monthly,Monthly,79.0,Germany,Direct
CNV_004470,USR_013288,SES_00167786,2026-05-28 20:27:11.478465,Starter_Monthly,Monthly,29.0,United States,Referral
CNV_004393,USR_032287,SES_00164822,2026-05-28 20:29:28.286292,Pro_Monthly,Monthly,79.0,United Kingdom,Referral
CNV_004379,USR_034515,SES_00164461,2026-05-28 22:16:29.574843,Starter_Monthly,Monthly,29.0,United Kingdom,Paid Social
CNV_004225,USR_009542,SES_00158301,2026-05-29 00:12:04.396013,Starter_Monthly,Monthly,29.0,Germany,Referral
CNV_004396,USR_001681,SES_00164918,2026-05-29 00:20:35.871754,Starter_Monthly,Monthly,29.0,Canada,Paid Social
CNV_003786,USR_026842,SES_00141965,2026-05-29 00:36:52.233861,Pro_Monthly,Monthly,79.0,United States,Direct
CNV_004586,USR_027132,SES_00171986,2026-05-29 01:03:06.449125,Starter_Monthly,Monthly,29.0,Germany,Organic Search
CNV_003237,USR_030485,SES_00120356,2026-05-29 01:23:48.152261,Starter_Monthly,Monthly,29.0,Australia,Organic Search
CNV_004513,USR_012039,SES_00169329,2026-05-29 02:15:57.651915,Starter_Monthly,Monthly,29.0,United States,Product Hunt
CNV_004353,USR_029936,SES_00163367,2026-05-29 02:53:57.434863,Pro_Monthly,Monthly,79.0,India,Paid Social
CNV_003736,USR_018988,SES_00139838,2026-05-29 02:58:32.258633,Pro_Monthly,Monthly,79.0,United States,Direct
CNV_002660,USR_032706,SES_00098561,2026-05-29 03:11:36.543469,Pro_Monthly,Monthly,79.0,United Kingdom,Referral
CNV_004389,USR_018726,SES_00164768,2026-05-29 03:15:38.995478,Starter_Annual,Annual,290.0,United States,Direct
CNV_004561,USR_002810,SES_00171069,2026-05-29 03:29:52.052879,Pro_Annual,Annual,790.0,United States,Referral
CNV_003888,USR_004342,SES_00145487,2026-05-29 04:00:52.284340,Starter_Monthly,Monthly,29.0,United Kingdom,Organic Search
CNV_004298,USR_002994,SES_00160855,2026-05-29 04:04:55.891341,Pro_Monthly,Monthly,79.0,United States,Referral
CNV_004498,USR_027450,SES_00168764,2026-05-29 04:19:59.037241,Pro_Annual,Annual,790.0,United States,Paid Social
CNV_003503,USR_027452,SES_00130466,2026-05-29 05:09:12.868410,Starter_Monthly,Monthly,29.0,Canada,Paid Social
CNV_004496,USR_012418,SES_00168642,2026-05-29 05:42:33.318528,Pro_Annual,Annual,790.0,United Kingdom,Organic Search
CNV_003290,USR_032437,SES_00122349,2026-05-29 05:48:03.263291,Starter_Monthly,Monthly,29.0,India,Organic Search
CNV_002815,USR_032797,SES_00103996,2026-05-29 05:48:59.104481,Starter_Monthly,Monthly,29.0,Germany,Email Campaign
CNV_004328,USR_033172,SES_00162207,2026-05-29 06:19:34.780981,Starter_Monthly,Monthly,29.0,United States,Referral
CNV_004449,USR_002021,SES_00167046,2026-05-29 06:57:46.914791,Starter_Annual,Annual,290.0,United States,Paid Social
CNV_004027,USR_029069,SES_00150566,2026-05-29 08:12:11.155443,Pro_Monthly,Monthly,79.0,Australia,Paid Social
CNV_004525,USR_010847,SES_00169779,2026-05-29 09:17:53.096596,Starter_Annual,Annual,290.0,United States,Product Hunt
CNV_004152,USR_023305,SES_00155361,2026-05-29 11:07:35.256253,Starter_Annual,Annual,290.0,United States,Organic Search
CNV_003976,USR_018674,SES_00148748,2026-05-29 11:34:32.466203,Pro_Monthly,Monthly,79.0,Australia,Organic Search
CNV_004581,USR_006116,SES_00171797,2026-05-29 12:43:28.200087,Pro_Monthly,Monthly,79.0,United States,Direct
CNV_004497,USR_032052,SES_00168702,2026-05-29 13:03:02.457350,Starter_Monthly,Monthly,29.0,United States,Direct
CNV_002962,USR_005330,SES_00109333,2026-05-29 13:43:22.172081,Pro_Annual,Annual,790.0,United States,Organic Search
CNV_003244,USR_004637,SES_00120649,2026-05-29 14:32:51.199593,Starter_Annual,Annual,290.0,United States,Direct
CNV_003045,USR_033760,SES_00112433,2026-05-29 14:54:35.128075,Pro_Annual,Annual,790.0,India,Organic Search
CNV_003994,USR_007309,SES_00149451,2026-05-29 15:27:15.441389,Starter_Annual,Annual,290.0,United States,Paid Social
CNV_004559,USR_026318,SES_00170936,2026-05-29 16:22:58.479279,Pro_Monthly,Monthly,79.0,United Kingdom,Referral
CNV_003444,USR_016673,SES_00128389,2026-05-29 16:27:17.680548,Pro_Monthly,Monthly,79.0,United States,Paid Social
CNV_003651,USR_000299,SES_00136130,2026-05-29 16:28:58.893943,Starter_Monthly,Monthly,29.0,United States,Paid Social
CNV_003417,USR_014189,SES_00127344,2026-05-29 16:52:01.582043,Starter_Monthly,Monthly,29.0,Canada,Organic Search
CNV_003220,USR_024236,SES_00119871,2026-05-29 16:55:49.315509,Pro_Monthly,Monthly,79.0,United States,Paid Social
CNV_003129,USR_024668,SES_00116065,2026-05-29 17:24:05.837995,Pro_Annual,Annual,790.0,United States,Paid Social
CNV_004484,USR_006749,SES_00168214,2026-05-29 17:32:47.345601,Starter_Monthly,Monthly,29.0,United States,Email Campaign
CNV_004539,USR_029488,SES_00170233,2026-05-29 17:47:05.864927,Pro_Annual,Annual,790.0,United States,Organic Search
CNV_003672,USR_000872,SES_00137221,2026-05-29 18:53:54.657633,Starter_Monthly,Monthly,29.0,United States,Organic Search
CNV_003809,USR_028041,SES_00142640,2026-05-29 21:07:01.812897,Starter_Monthly,Monthly,29.0,United States,Direct
CNV_003210,USR_011713,SES_00119581,2026-05-29 21:27:43.549596,Pro_Monthly,Monthly,79.0,India,Paid Social
CNV_004066,USR_034698,SES_00151979,2026-05-29 21:36:05.282478,Pro_Monthly,Monthly,79.0,Australia,Paid Social
CNV_004341,USR_010249,SES_00162806,2026-05-29 21:43:39.921912,Pro_Monthly,Monthly,79.0,Canada,Organic Search
CNV_003525,USR_001037,SES_00131489,2026-05-29 22:32:47.741482,Starter_Annual,Annual,290.0,Australia,Organic Search
CNV_004059,USR_011603,SES_00151758,2026-05-29 22:39:28.944189,Starter_Annual,Annual,290.0,United States,Paid Social
CNV_003623,USR_016862,SES_00134983,2026-05-29 22:46:13.821213,Starter_Monthly,Monthly,29.0,United States,Organic Search
CNV_002655,USR_007903,SES_00098371,2026-05-29 23:25:15.175815,Pro_Annual,Annual,790.0,United Kingdom,Direct
CNV_003252,USR_020241,SES_00121006,2026-05-30 00:30:49.110348,Starter_Monthly,Monthly,29.0,Australia,Direct
CNV_003870,USR_007179,SES_00144772,2026-05-30 01:04:14.445969,Pro_Annual,Annual,790.0,United States,Direct
CNV_003580,USR_018946,SES_00133360,2026-05-30 01:09:26.968578,Pro_Monthly,Monthly,79.0,Canada,Organic Search
CNV_002988,USR_013883,SES_00110371,2026-05-30 01:56:40.548775,Starter_Annual,Annual,290.0,United States,Organic Search
CNV_001299,USR_025039,SES_00048725,2026-05-30 02:04:33.578237,Pro_Monthly,Monthly,79.0,France,Organic Search
CNV_002042,USR_031580,SES_00074803,2026-05-30 02:09:38.288925,Starter_Monthly,Monthly,29.0,Germany,Organic Search
CNV_002706,USR_008650,SES_00100384,2026-05-30 02:16:24.071454,Starter_Monthly,Monthly,29.0,Canada,Organic Search
CNV_004630,USR_033230,SES_00173466,2026-05-30 03:37:59.935363,Pro_Monthly,Monthly,79.0,United States,Referral
CNV_002549,USR_013905,SES_00093921,2026-05-30 04:19:39.636228,Starter_Monthly,Monthly,29.0,United States,Paid Social
CNV_003639,USR_006079,SES_00135473,2026-05-30 04:38:58.085761,Pro_Monthly,Monthly,79.0,France,Direct
CNV_004237,USR_031819,SES_00158727,2026-05-30 05:13:24.774090,Pro_Monthly,Monthly,79.0,Canada,Paid Social
CNV_004471,USR_003470,SES_00167823,2026-05-30 05:14:52.643736,Starter_Annual,Annual,290.0,Canada,Organic Search
CNV_002386,USR_026215,SES_00087708,2026-05-30 06:57:29.949518,Pro_Monthly,Monthly,79.0,Canada,Direct
CNV_003782,USR_019558,SES_00141836,2026-05-30 07:21:38.385108,Starter_Annual,Annual,290.0,United States,Paid Social
CNV_003991,USR_003223,SES_00149263,2026-05-30 07:37:20.877859,Starter_Monthly,Monthly,29.0,India,Paid Social
CNV_003955,USR_014013,SES_00147759,2026-05-30 09:11:44.680862,Starter_Monthly,Monthly,29.0,United Kingdom,Referral
CNV_003921,USR_008949,SES_00146537,2026-05-30 09:24:35.159592,Starter_Monthly,Monthly,29.0,United States,Paid Social
CNV_003196,USR_032457,SES_00118941,2026-05-30 09:36:23.509265,Starter_Annual,Annual,290.0,United Kingdom,Paid Social
CNV_004033,USR_030917,SES_00150742,2026-05-30 10:19:01.996031,Starter_Monthly,Monthly,29.0,France,Referral
CNV_003627,USR_032774,SES_00135104,2026-05-30 10:32:45.309888,Starter_Monthly,Monthly,29.0,United States,Direct
CNV_000757,USR_034036,SES_00028346,2026-05-30 12:09:52.892047,Starter_Monthly,Monthly,29.0,United States,Organic Search
CNV_004039,USR_003572,SES_00150875,2026-05-30 14:48:40.556777,Pro_Monthly,Monthly,79.0,United States,Referral
CNV_003719,USR_005104,SES_00139193,2026-05-30 15:43:46.622875,Enterprise,Custom,1999.0,Germany,Direct
CNV_004439,USR_002575,SES_00166734,2026-05-30 15:49:54.095020,Starter_Monthly,Monthly,29.0,United States,Organic Search
CNV_004164,USR_032987,SES_00155845,2026-05-30 16:35:20.492736,Starter_Monthly,Monthly,29.0,United States,Paid Social
CNV_003960,USR_001201,SES_00147989,2026-05-30 17:49:55.706880,Starter_Monthly,Monthly,29.0,United States,Organic Search
CNV_004623,USR_019639,SES_00173202,2026-05-30 17:50:49.008765,Starter_Monthly,Monthly,29.0,United States,Product Hunt
CNV_003516,USR_003892,SES_00130977,2026-05-30 17:54:26.133047,Starter_Monthly,Monthly,29.0,United Kingdom,Email Campaign
CNV_003495,USR_006881,SES_00130177,2026-05-30 18:41:55.413900,Starter_Annual,Annual,290.0,United States,Organic Search
CNV_003177,USR_016367,SES_00118081,2026-05-30 18:48:44.923128,Starter_Monthly,Monthly,29.0,India,Referral
CNV_003614,USR_022827,SES_00134593,2026-05-30 18:52:05.604361,Starter_Annual,Annual,290.0,United States,Organic Search
CNV_004595,USR_015664,SES_00172320,2026-05-30 19:22:31.209774,Starter_Annual,Annual,290.0,United Kingdom,Email Campaign
CNV_002999,USR_031040,SES_00110728,2026-05-30 20:05:42.580994,Pro_Annual,Annual,790.0,Germany,Direct
CNV_003284,USR_001402,SES_00122198,2026-05-30 22:21:44.041282,Pro_Monthly,Monthly,79.0,United States,Direct
CNV_002998,USR_024113,SES_00110706,2026-05-30 23:00:19.172020,Starter_Monthly,Monthly,29.0,United Kingdom,Product Hunt
CNV_004485,USR_012120,SES_00168264,2026-05-30 23:31:02.983416,Starter_Monthly,Monthly,29.0,United States,Direct
CNV_003969,USR_011021,SES_00148412,2026-05-31 03:00:33.285049,Starter_Monthly,Monthly,29.0,United States,Email Campaign
CNV_004163,USR_024684,SES_00155791,2026-05-31 03:51:15.533591,Starter_Monthly,Monthly,29.0,United States,Email Campaign
CNV_002766,USR_022555,SES_00102242,2026-05-31 05:20:38.677859,Pro_Annual,Annual,790.0,United States,Referral
CNV_003397,USR_027290,SES_00126632,2026-05-31 06:02:37.466477,Pro_Monthly,Monthly,79.0,India,Direct
CNV_004299,USR_021027,SES_00160873,2026-05-31 06:37:42.961890,Pro_Monthly,Monthly,79.0,United States,Product Hunt
CNV_003669,USR_015771,SES_00137030,2026-05-31 06:48:48.136069,Pro_Annual,Annual,790.0,United States,Paid Social
CNV_002251,USR_015328,SES_00082837,2026-05-31 08:08:54.502379,Pro_Annual,Annual,790.0,United States,Organic Search
CNV_003673,USR_002867,SES_00137239,2026-05-31 08:58:33.948480,Starter_Monthly,Monthly,29.0,Germany,Paid Social
CNV_003292,USR_023391,SES_00122413,2026-05-31 09:59:48.014317,Starter_Annual,Annual,290.0,Germany,Product Hunt
CNV_002406,USR_018439,SES_00088531,2026-05-31 10:07:20.092447,Pro_Monthly,Monthly,79.0,France,Paid Social
CNV_003652,USR_002433,SES_00136184,2026-05-31 10:12:15.759206,Pro_Annual,Annual,790.0,United States,Paid Social
CNV_004647,USR_025565,SES_00174044,2026-05-31 10:47:44.349940,Starter_Monthly,Monthly,29.0,United States,Paid Social
CNV_004144,USR_017845,SES_00154974,2026-05-31 11:01:02.269332,Starter_Monthly,Monthly,29.0,Australia,Email Campaign
CNV_003155,USR_022583,SES_00117076,2026-05-31 11:01:22.389677,Pro_Monthly,Monthly,79.0,Germany,Email Campaign
CNV_004137,USR_006001,SES_00154708,2026-05-31 11:09:05.955530,Starter_Monthly,Monthly,29.0,United States,Paid Social
CNV_002914,USR_014807,SES_00107584,2026-05-31 11:43:02.459028,Starter_Monthly,Monthly,29.0,United Kingdom,Organic Search
CNV_003815,USR_030762,SES_00142859,2026-05-31 12:34:23.151830,Pro_Monthly,Monthly,79.0,Germany,Paid Social
CNV_002841,USR_020155,SES_00104999,2026-05-31 13:19:16.961422,Enterprise,Custom,1999.0,Canada,Paid Social
CNV_004207,USR_029447,SES_00157575,2026-05-31 13:22:10.691750,Starter_Monthly,Monthly,29.0,United States,Paid Social
CNV_004183,USR_021062,SES_00156692,2026-05-31 13:38:22.711091,Starter_Monthly,Monthly,29.0,United States,Organic Search
CNV_003332,USR_015127,SES_00124165,2026-05-31 13:54:07.571562,Starter_Monthly,Monthly,29.0,Germany,Product Hunt
CNV_003437,USR_016399,SES_00128152,2026-05-31 16:08:18.826965,Pro_Annual,Annual,790.0,India,Paid Social
CNV_003890,USR_005689,SES_00145535,2026-05-31 16:23:28.649905,Starter_Monthly,Monthly,29.0,United States,Product Hunt
CNV_003661,USR_023147,SES_00136659,2026-05-31 18:52:36.085574,Starter_Monthly,Monthly,29.0,United Kingdom,Direct
CNV_003699,USR_031555,SES_00138423,2026-05-31 20:18:24.319841,Starter_Annual,Annual,290.0,Germany,Paid Social
CNV_002726,USR_003299,SES_00100985,2026-05-31 21:37:24.759145,Starter_Monthly,Monthly,29.0,United States,Email Campaign
CNV_004280,USR_010985,SES_00160244,2026-06-01 03:23:02.209786,Starter_Monthly,Monthly,29.0,United Kingdom,Organic Search
CNV_003723,USR_025163,SES_00139422,2026-06-01 04:05:37.775917,Starter_Monthly,Monthly,29.0,Canada,Organic Search
CNV_003945,USR_031575,SES_00147316,2026-06-01 06:38:46.167412,Starter_Monthly,Monthly,29.0,United States,Direct
CNV_003715,USR_018083,SES_00139101,2026-06-01 06:43:27.743614,Starter_Monthly,Monthly,29.0,United States,Direct
CNV_004002,USR_012562,SES_00149699,2026-06-01 10:21:28.511322,Starter_Annual,Annual,290.0,Australia,Referral
CNV_002410,USR_030668,SES_00088731,2026-06-01 10:27:26.086915,Starter_Annual,Annual,290.0,Germany,Direct
CNV_003274,USR_016882,SES_00121912,2026-06-01 10:51:38.476963,Starter_Monthly,Monthly,29.0,United States,Referral
CNV_004460,USR_030275,SES_00167481,2026-06-01 13:39:52.650505,Pro_Monthly,Monthly,79.0,United Kingdom,Referral
CNV_004473,USR_021153,SES_00167893,2026-06-01 14:09:25.478404,Pro_Monthly,Monthly,79.0,India,Direct
CNV_003619,USR_026992,SES_00134858,2026-06-01 14:15:50.569894,Starter_Monthly,Monthly,29.0,United Kingdom,Organic Search
CNV_003591,USR_004776,SES_00133849,2026-06-01 16:31:07.883104,Starter_Monthly,Monthly,29.0,United States,Organic Search
CNV_003831,USR_004427,SES_00143317,2026-06-01 16:54:47.774123,Pro_Monthly,Monthly,79.0,United States,Referral
CNV_003416,USR_027939,SES_00127332,2026-06-01 18:56:42.225304,Enterprise,Custom,1999.0,United States,Direct
CNV_003183,USR_027190,SES_00118425,2026-06-01 20:17:49.273848,Starter_Monthly,Monthly,29.0,United States,Paid Social
CNV_004674,USR_010233,SES_00175098,2026-06-01 20:19:06.912543,Starter_Monthly,Monthly,29.0,Australia,Email Campaign
CNV_004350,USR_009838,SES_00163220,2026-06-01 22:42:26.919232,Starter_Monthly,Monthly,29.0,India,Organic Search
CNV_003965,USR_020823,SES_00148275,2026-06-01 23:04:13.851198,Starter_Monthly,Monthly,29.0,Canada,Product Hunt
CNV_004494,USR_028324,SES_00168574,2026-06-02 00:02:23.749301,Pro_Monthly,Monthly,79.0,United States,Product Hunt
CNV_002965,USR_017579,SES_00109409,2026-06-02 00:35:47.921629,Starter_Monthly,Monthly,29.0,Germany,Referral
CNV_003470,USR_031761,SES_00129258,2026-06-02 00:52:18.702291,Pro_Monthly,Monthly,79.0,United States,Direct
CNV_003434,USR_033200,SES_00128021,2026-06-02 02:09:48.623516,Starter_Monthly,Monthly,29.0,United States,Referral
CNV_003885,USR_027182,SES_00145371,2026-06-02 02:17:17.297880,Starter_Monthly,Monthly,29.0,United States,Organic Search
CNV_002459,USR_008429,SES_00090499,2026-06-02 02:53:38.622419,Starter_Monthly,Monthly,29.0,United States,Email Campaign
CNV_004149,USR_024452,SES_00155261,2026-06-02 02:54:27.995847,Starter_Monthly,Monthly,29.0,Germany,Direct
CNV_004705,USR_008106,SES_00176321,2026-06-02 02:58:21.905211,Pro_Monthly,Monthly,79.0,Australia,Referral
CNV_003352,USR_014662,SES_00124796,2026-06-02 02:58:27.076909,Starter_Monthly,Monthly,29.0,United States,Organic Search
CNV_004043,USR_020521,SES_00151026,2026-06-02 03:38:37.564152,Starter_Monthly,Monthly,29.0,Australia,Organic Search
CNV_004408,USR_018237,SES_00165600,2026-06-02 04:50:38.712287,Starter_Annual,Annual,290.0,France,Organic Search
CNV_004545,USR_014388,SES_00170408,2026-06-02 05:45:28.492611,Pro_Annual,Annual,790.0,United States,Organic Search
CNV_004596,USR_018895,SES_00172437,2026-06-02 06:07:54.974707,Pro_Monthly,Monthly,79.0,United Kingdom,Organic Search
CNV_002692,USR_009283,SES_00100024,2026-06-02 06:21:49.453149,Starter_Monthly,Monthly,29.0,United States,Organic Search
CNV_004491,USR_026045,SES_00168406,2026-06-02 06:27:46.044911,Pro_Monthly,Monthly,79.0,United States,Paid Social
CNV_003428,USR_009976,SES_00127811,2026-06-02 06:37:59.194008,Starter_Monthly,Monthly,29.0,India,Direct
CNV_002439,USR_012173,SES_00089764,2026-06-02 06:46:13.438939,Pro_Annual,Annual,790.0,United States,Organic Search
CNV_004189,USR_022839,SES_00156874,2026-06-02 06:56:00.043806,Starter_Monthly,Monthly,29.0,United States,Referral
CNV_004733,USR_011916,SES_00177428,2026-06-02 07:33:04.758417,Pro_Monthly,Monthly,79.0,United States,Paid Social
CNV_004562,USR_025226,SES_00171089,2026-06-02 07:56:33.421194,Enterprise,Custom,1999.0,Canada,Email Campaign
CNV_003139,USR_017154,SES_00116381,2026-06-02 08:07:14.670204,Starter_Monthly,Monthly,29.0,Germany,Paid Social
CNV_003829,USR_021328,SES_00143274,2026-06-02 09:40:21.847120,Pro_Annual,Annual,790.0,United States,Direct
CNV_003432,USR_030819,SES_00127932,2026-06-02 09:43:29.137843,Pro_Monthly,Monthly,79.0,United States,Direct
CNV_004109,USR_014222,SES_00153701,2026-06-02 09:49:27.943208,Starter_Monthly,Monthly,29.0,Australia,Paid Social
CNV_003755,USR_033950,SES_00140790,2026-06-02 11:52:04.775828,Pro_Monthly,Monthly,79.0,United States,Organic Search
CNV_002523,USR_008056,SES_00092939,2026-06-02 12:45:02.896323,Starter_Monthly,Monthly,29.0,United States,Paid Social
CNV_003989,USR_032025,SES_00149192,2026-06-02 14:48:13.189318,Starter_Monthly,Monthly,29.0,Australia,Referral
CNV_003875,USR_018527,SES_00144975,2026-06-02 15:09:27.125724,Starter_Monthly,Monthly,29.0,United States,Email Campaign
CNV_004614,USR_009572,SES_00172995,2026-06-02 16:24:25.012000,Starter_Monthly,Monthly,29.0,India,Organic Search
CNV_003820,USR_007369,SES_00143013,2026-06-02 16:34:18.847497,Starter_Annual,Annual,290.0,Canada,Email Campaign
CNV_004601,USR_021644,SES_00172643,2026-06-02 17:36:26.080214,Starter_Monthly,Monthly,29.0,United States,Organic Search
CNV_004034,USR_006016,SES_00150754,2026-06-02 18:09:00.255776,Starter_Monthly,Monthly,29.0,Canada,Paid Social
CNV_003024,USR_021693,SES_00111702,2026-06-02 19:02:44.303478,Starter_Monthly,Monthly,29.0,Australia,Organic Search
CNV_004463,USR_030056,SES_00167600,2026-06-02 19:10:11.534038,Pro_Monthly,Monthly,79.0,France,Direct
CNV_003704,USR_028590,SES_00138642,2026-06-02 19:38:26.699419,Pro_Monthly,Monthly,79.0,United Kingdom,Organic Search
CNV_004613,USR_011954,SES_00172980,2026-06-02 20:04:16.351863,Starter_Monthly,Monthly,29.0,United States,Paid Social
CNV_003200,USR_025690,SES_00119068,2026-06-02 21:00:07.586890,Starter_Annual,Annual,290.0,France,Direct
CNV_003055,USR_007879,SES_00112870,2026-06-02 21:45:26.948931,Pro_Annual,Annual,790.0,Canada,Direct
CNV_000998,USR_014457,SES_00037838,2026-06-02 22:48:47.631573,Starter_Monthly,Monthly,29.0,Germany,Email Campaign
CNV_004493,USR_018402,SES_00168532,2026-06-02 23:31:36.411526,Pro_Monthly,Monthly,79.0,Germany,Organic Search
CNV_004726,USR_021657,SES_00177218,2026-06-03 00:03:52.958412,Starter_Monthly,Monthly,29.0,United States,Organic Search
CNV_001512,USR_001869,SES_00057111,2026-06-03 00:19:30.696630,Pro_Monthly,Monthly,79.0,United States,Paid Social
CNV_004687,USR_003240,SES_00175686,2026-06-03 01:28:20.478863,Starter_Monthly,Monthly,29.0,France,Paid Social
CNV_001741,USR_033029,SES_00064600,2026-06-03 01:35:41.815722,Starter_Monthly,Monthly,29.0,Germany,Organic Search
CNV_004258,USR_022974,SES_00159501,2026-06-03 02:10:51.476923,Starter_Monthly,Monthly,29.0,France,Organic Search
CNV_004270,USR_016605,SES_00159829,2026-06-03 02:28:19.064256,Pro_Monthly,Monthly,79.0,United States,Product Hunt
CNV_003335,USR_018629,SES_00124233,2026-06-03 02:37:57.742320,Starter_Annual,Annual,290.0,United States,Direct
CNV_002248,USR_012369,SES_00082766,2026-06-03 03:08:39.269925,Pro_Monthly,Monthly,79.0,United Kingdom,Product Hunt
CNV_003076,USR_002424,SES_00113685,2026-06-03 05:24:29.742729,Starter_Annual,Annual,290.0,United States,Organic Search
CNV_004049,USR_009076,SES_00151267,2026-06-03 05:40:47.041407,Starter_Monthly,Monthly,29.0,India,Email Campaign
CNV_004478,USR_019768,SES_00168046,2026-06-03 06:13:41.390359,Starter_Monthly,Monthly,29.0,Germany,Paid Social
CNV_004492,USR_012136,SES_00168500,2026-06-03 08:40:10.841251,Pro_Monthly,Monthly,79.0,United States,Direct
CNV_003761,USR_027189,SES_00141043,2026-06-03 09:05:43.195873,Pro_Monthly,Monthly,79.0,United States,Email Campaign
CNV_002171,USR_021625,SES_00080024,2026-06-03 09:43:32.293188,Starter_Monthly,Monthly,29.0,United States,Organic Search
CNV_004314,USR_031167,SES_00161610,2026-06-03 10:42:56.345449,Pro_Annual,Annual,790.0,United Kingdom,Direct
CNV_003233,USR_028622,SES_00120265,2026-06-03 14:07:59.545451,Starter_Monthly,Monthly,29.0,United Kingdom,Paid Social
CNV_004739,USR_005564,SES_00177661,2026-06-03 14:25:37.851161,Pro_Annual,Annual,790.0,Canada,Organic Search
CNV_003338,USR_011113,SES_00124277,2026-06-03 15:02:35.570825,Pro_Monthly,Monthly,79.0,United States,Organic Search
CNV_004315,USR_007394,SES_00161634,2026-06-03 15:56:41.988776,Starter_Annual,Annual,290.0,Canada,Direct
CNV_004067,USR_016518,SES_00152019,2026-06-03 16:18:55.113720,Starter_Monthly,Monthly,29.0,Germany,Product Hunt
CNV_004446,USR_023239,SES_00166904,2026-06-03 16:32:58.284034,Starter_Monthly,Monthly,29.0,India,Paid Social
CNV_003899,USR_014645,SES_00145914,2026-06-03 16:53:14.379226,Pro_Annual,Annual,790.0,India,Direct
CNV_003158,USR_031256,SES_00117163,2026-06-03 17:44:25.008726,Starter_Monthly,Monthly,29.0,United Kingdom,Organic Search
CNV_003860,USR_027165,SES_00144479,2026-06-03 18:28:55.907644,Starter_Monthly,Monthly,29.0,United Kingdom,Paid Social
CNV_004584,USR_034383,SES_00171933,2026-06-03 20:53:45.680332,Pro_Annual,Annual,790.0,United States,Paid Social
CNV_004744,USR_023601,SES_00177808,2026-06-03 21:25:38.939043,Starter_Annual,Annual,290.0,Canada,Product Hunt
CNV_004616,USR_033680,SES_00173071,2026-06-03 21:27:50.331179,Starter_Monthly,Monthly,29.0,India,Organic Search
CNV_004200,USR_024307,SES_00157285,2026-06-03 22:39:46.357212,Starter_Annual,Annual,290.0,Germany,Paid Social
CNV_003443,USR_026888,SES_00128366,2026-06-03 23:14:13.025267,Starter_Monthly,Monthly,29.0,Australia,Paid Social
CNV_001522,USR_029608,SES_00057630,2026-06-04 01:22:34.439057,Starter_Monthly,Monthly,29.0,India,Organic Search
CNV_003996,USR_020130,SES_00149493,2026-06-04 02:03:50.523472,Pro_Annual,Annual,790.0,United Kingdom,Organic Search
CNV_004654,USR_027782,SES_00174414,2026-06-04 02:04:37.500377,Pro_Monthly,Monthly,79.0,Germany,Product Hunt
CNV_004499,USR_025049,SES_00168782,2026-06-04 02:18:42.715577,Starter_Monthly,Monthly,29.0,Germany,Direct
CNV_003403,USR_005264,SES_00126884,2026-06-04 03:26:15.467200,Starter_Monthly,Monthly,29.0,United States,Organic Search
CNV_004078,USR_025635,SES_00152365,2026-06-04 03:36:36.709429,Starter_Monthly,Monthly,29.0,Canada,Referral
CNV_004529,USR_001759,SES_00169877,2026-06-04 04:22:09.635437,Starter_Monthly,Monthly,29.0,United States,Referral
CNV_003550,USR_034096,SES_00132425,2026-06-04 04:47:44.042126,Starter_Monthly,Monthly,29.0,United Kingdom,Email Campaign
CNV_003277,USR_017715,SES_00122036,2026-06-04 04:53:42.934300,Starter_Monthly,Monthly,29.0,United States,Organic Search
CNV_003708,USR_019613,SES_00138772,2026-06-04 05:29:59.203350,Starter_Monthly,Monthly,29.0,United States,Paid Social
CNV_003005,USR_015251,SES_00110891,2026-06-04 05:49:21.473297,Starter_Monthly,Monthly,29.0,United Kingdom,Referral
CNV_004097,USR_030483,SES_00153072,2026-06-04 06:15:28.892684,Starter_Monthly,Monthly,29.0,United States,Direct
CNV_004019,USR_008776,SES_00150322,2026-06-04 08:55:04.287966,Pro_Monthly,Monthly,79.0,United Kingdom,Direct
CNV_004146,USR_033751,SES_00155136,2026-06-04 09:30:05.766372,Starter_Monthly,Monthly,29.0,United States,Direct
CNV_004770,USR_009490,SES_00178726,2026-06-04 09:32:33.314143,Pro_Monthly,Monthly,79.0,India,Product Hunt
CNV_003893,USR_003282,SES_00145680,2026-06-04 10:06:19.501291,Starter_Monthly,Monthly,29.0,Canada,Paid Social
CNV_004716,USR_022118,SES_00176754,2026-06-04 10:45:04.158262,Pro_Annual,Annual,790.0,United States,Email Campaign
CNV_003421,USR_017363,SES_00127529,2026-06-04 10:55:47.920053,Starter_Monthly,Monthly,29.0,United Kingdom,Direct
CNV_003132,USR_031870,SES_00116172,2026-06-04 11:01:56.911472,Pro_Monthly,Monthly,79.0,United Kingdom,Direct
CNV_003915,USR_033938,SES_00146359,2026-06-04 11:16:44.437765,Starter_Annual,Annual,290.0,United Kingdom,Organic Search
CNV_003169,USR_031042,SES_00117687,2026-06-04 11:29:37.605600,Pro_Annual,Annual,790.0,India,Paid Social
CNV_003156,USR_018529,SES_00117108,2026-06-04 12:54:18.358579,Pro_Monthly,Monthly,79.0,Germany,Organic Search
CNV_003624,USR_026448,SES_00135000,2026-06-04 13:24:39.252389,Starter_Monthly,Monthly,29.0,United States,Organic Search
CNV_004347,USR_028149,SES_00163085,2026-06-04 14:38:48.251230,Pro_Annual,Annual,790.0,United States,Referral
CNV_002739,USR_034890,SES_00101365,2026-06-04 16:15:29.041315,Starter_Monthly,Monthly,29.0,United Kingdom,Referral
CNV_004428,USR_005181,SES_00166226,2026-06-04 17:09:16.626007,Starter_Annual,Annual,290.0,United Kingdom,Referral
CNV_003546,USR_021636,SES_00132212,2026-06-04 17:34:17.541755,Pro_Monthly,Monthly,79.0,Canada,Paid Social
CNV_003366,USR_007125,SES_00125277,2026-06-04 17:54:59.439530,Pro_Monthly,Monthly,79.0,United States,Organic Search
CNV_003453,USR_029761,SES_00128599,2026-06-04 20:00:43.954784,Starter_Monthly,Monthly,29.0,Germany,Paid Social
CNV_002322,USR_010865,SES_00085487,2026-06-04 20:08:14.389029,Enterprise,Custom,1999.0,United States,Email Campaign
CNV_004800,USR_002175,SES_00179890,2026-06-04 22:17:02.481912,Starter_Monthly,Monthly,29.0,United States,Direct
CNV_000755,USR_013798,SES_00028264,2026-06-04 23:29:37.630254,Starter_Monthly,Monthly,29.0,France,Product Hunt
CNV_003166,USR_013956,SES_00117610,2026-06-04 23:49:54.968273,Starter_Monthly,Monthly,29.0,United States,Product Hunt
CNV_003806,USR_028001,SES_00142475,2026-06-05 00:45:35.571856,Starter_Annual,Annual,290.0,United States,Paid Social
CNV_004046,USR_011217,SES_00151134,2026-06-05 00:45:59.137712,Pro_Monthly,Monthly,79.0,Canada,Organic Search
CNV_003628,USR_032977,SES_00135113,2026-06-05 02:29:45.950372,Starter_Monthly,Monthly,29.0,United Kingdom,Direct
CNV_002190,USR_006158,SES_00080852,2026-06-05 02:40:11.450035,Starter_Monthly,Monthly,29.0,United Kingdom,Paid Social
CNV_004650,USR_000534,SES_00174223,2026-06-05 02:59:35.221397,Pro_Monthly,Monthly,79.0,India,Product Hunt
CNV_004143,USR_023735,SES_00154945,2026-06-05 04:01:52.283709,Starter_Monthly,Monthly,29.0,Canada,Direct
CNV_004543,USR_014819,SES_00170358,2026-06-05 04:20:36.237019,Starter_Monthly,Monthly,29.0,Canada,Organic Search
CNV_004720,USR_000247,SES_00176973,2026-06-05 07:05:02.193518,Pro_Monthly,Monthly,79.0,Australia,Referral
CNV_002827,USR_016818,SES_00104512,2026-06-05 07:50:15.302415,Starter_Monthly,Monthly,29.0,Canada,Product Hunt
CNV_003643,USR_014356,SES_00135794,2026-06-05 09:06:41.136767,Pro_Monthly,Monthly,79.0,United Kingdom,Direct
CNV_002518,USR_020632,SES_00092708,2026-06-05 09:44:15.014760,Pro_Annual,Annual,790.0,Germany,Organic Search
CNV_004767,USR_019859,SES_00178635,2026-06-05 10:21:00.454695,Starter_Annual,Annual,290.0,United States,Paid Social
CNV_001946,USR_004194,SES_00071797,2026-06-05 10:35:02.467292,Pro_Monthly,Monthly,79.0,United States,Organic Search
CNV_004785,USR_016320,SES_00179194,2026-06-05 11:40:26.471784,Starter_Monthly,Monthly,29.0,United Kingdom,Direct
CNV_004147,USR_032953,SES_00155159,2026-06-05 14:19:37.456941,Starter_Monthly,Monthly,29.0,United States,Paid Social
CNV_003592,USR_026110,SES_00133902,2026-06-05 15:30:37.346275,Starter_Monthly,Monthly,29.0,France,Direct
CNV_004735,USR_004398,SES_00177533,2026-06-05 15:58:09.262417,Pro_Monthly,Monthly,79.0,United States,Organic Search
CNV_004554,USR_000649,SES_00170807,2026-06-05 16:23:59.351641,Pro_Annual,Annual,790.0,Germany,Organic Search
CNV_004342,USR_025345,SES_00162911,2026-06-05 18:32:16.913068,Pro_Annual,Annual,790.0,United States,Organic Search
CNV_004605,USR_034875,SES_00172779,2026-06-05 18:54:14.683902,Starter_Monthly,Monthly,29.0,United Kingdom,Product Hunt
CNV_003805,USR_009494,SES_00142455,2026-06-05 21:13:36.194426,Starter_Monthly,Monthly,29.0,India,Referral
CNV_004244,USR_000133,SES_00159026,2026-06-05 22:02:39.024094,Pro_Monthly,Monthly,79.0,United Kingdom,Product Hunt
CNV_004842,USR_006184,SES_00181377,2026-06-05 22:33:59.013007,Starter_Monthly,Monthly,29.0,Australia,Direct
CNV_003285,USR_021460,SES_00122229,2026-06-05 23:04:51.164494,Pro_Monthly,Monthly,79.0,United States,Paid Social
CNV_004679,USR_025933,SES_00175347,2026-06-06 00:24:46.823687,Pro_Monthly,Monthly,79.0,Canada,Direct
CNV_003967,USR_029225,SES_00148356,2026-06-06 00:26:35.610461,Pro_Monthly,Monthly,79.0,India,Referral
CNV_004316,USR_017638,SES_00161655,2026-06-06 01:22:44.304197,Starter_Monthly,Monthly,29.0,United States,Organic Search
CNV_004702,USR_001515,SES_00176194,2026-06-06 01:53:41.538711,Pro_Monthly,Monthly,79.0,Canada,Paid Social
CNV_003540,USR_014216,SES_00132088,2026-06-06 02:49:50.256740,Starter_Annual,Annual,290.0,Canada,Direct
CNV_003833,USR_024653,SES_00143424,2026-06-06 02:52:07.798146,Starter_Annual,Annual,290.0,United States,Organic Search
CNV_003900,USR_013574,SES_00145938,2026-06-06 03:45:43.142448,Starter_Monthly,Monthly,29.0,Germany,Referral
CNV_004712,USR_027236,SES_00176614,2026-06-06 04:22:57.287777,Starter_Monthly,Monthly,29.0,United Kingdom,Paid Social
CNV_003840,USR_033662,SES_00143774,2026-06-06 04:28:23.085443,Starter_Monthly,Monthly,29.0,Germany,Paid Social
CNV_003973,USR_018469,SES_00148601,2026-06-06 04:40:58.381877,Pro_Monthly,Monthly,79.0,United States,Organic Search
CNV_003928,USR_027362,SES_00146758,2026-06-06 05:29:47.651491,Pro_Monthly,Monthly,79.0,Canada,Paid Social
CNV_004380,USR_004957,SES_00164537,2026-06-06 07:06:21.117052,Pro_Monthly,Monthly,79.0,United States,Referral
CNV_003979,USR_018021,SES_00148833,2026-06-06 08:28:44.333672,Starter_Monthly,Monthly,29.0,United Kingdom,Paid Social
CNV_004648,USR_030563,SES_00174068,2026-06-06 08:43:39.602245,Starter_Annual,Annual,290.0,Germany,Direct
CNV_003040,USR_030569,SES_00112308,2026-06-06 09:00:47.739970,Pro_Monthly,Monthly,79.0,Australia,Organic Search
CNV_002986,USR_029755,SES_00110320,2026-06-06 10:17:22.303572,Pro_Monthly,Monthly,79.0,United States,Organic Search
CNV_004861,USR_012448,SES_00181909,2026-06-06 10:36:01.207952,Starter_Annual,Annual,290.0,Australia,Referral
CNV_004193,USR_011145,SES_00157034,2026-06-06 10:45:33.542568,Pro_Monthly,Monthly,79.0,United States,Direct
CNV_004833,USR_005755,SES_00180949,2026-06-06 11:02:19.947261,Pro_Monthly,Monthly,79.0,Canada,Organic Search
CNV_004619,USR_024182,SES_00173129,2026-06-06 11:04:36.017559,Pro_Monthly,Monthly,79.0,Germany,Organic Search
CNV_004860,USR_034373,SES_00181884,2026-06-06 11:36:20.461417,Starter_Monthly,Monthly,29.0,Canada,Paid Social
CNV_004319,USR_013095,SES_00161816,2026-06-06 11:50:30.177968,Pro_Annual,Annual,790.0,United States,Paid Social
CNV_001195,USR_009609,SES_00044743,2026-06-06 15:23:23.319953,Starter_Annual,Annual,290.0,Australia,Product Hunt
CNV_004750,USR_004478,SES_00177997,2026-06-06 16:30:13.250871,Starter_Monthly,Monthly,29.0,United States,Product Hunt
CNV_004132,USR_030661,SES_00154534,2026-06-06 16:49:55.219756,Pro_Monthly,Monthly,79.0,Germany,Direct
CNV_003914,USR_003894,SES_00146339,2026-06-06 16:52:19.931717,Pro_Monthly,Monthly,79.0,United States,Organic Search
CNV_004684,USR_030541,SES_00175495,2026-06-06 17:18:58.946573,Pro_Monthly,Monthly,79.0,Germany,Organic Search
CNV_003943,USR_006668,SES_00147283,2026-06-06 17:37:29.501411,Starter_Monthly,Monthly,29.0,Germany,Organic Search
CNV_002110,USR_009440,SES_00077610,2026-06-06 18:22:04.796990,Pro_Annual,Annual,790.0,United States,Organic Search
CNV_003646,USR_020637,SES_00135880,2026-06-06 18:29:27.441610,Starter_Monthly,Monthly,29.0,United States,Organic Search
CNV_002136,USR_024604,SES_00078762,2026-06-06 20:04:00.265035,Starter_Monthly,Monthly,29.0,United Kingdom,Organic Search
CNV_003232,USR_016670,SES_00120242,2026-06-06 20:04:30.744350,Pro_Monthly,Monthly,79.0,Germany,Paid Social
CNV_003598,USR_032229,SES_00134009,2026-06-06 20:22:37.001595,Pro_Annual,Annual,790.0,United States,Referral
CNV_004251,USR_004314,SES_00159222,2026-06-06 20:27:56.486168,Starter_Monthly,Monthly,29.0,United States,Organic Search
CNV_004397,USR_002006,SES_00164948,2026-06-06 20:39:36.810588,Starter_Annual,Annual,290.0,United States,Paid Social
CNV_002738,USR_027059,SES_00101314,2026-06-06 21:02:51.815558,Pro_Monthly,Monthly,79.0,France,Paid Social
CNV_004788,USR_032587,SES_00179336,2026-06-06 21:26:56.362609,Starter_Monthly,Monthly,29.0,United States,Organic Search
CNV_003716,USR_016772,SES_00139118,2026-06-06 21:33:39.811007,Pro_Annual,Annual,790.0,Germany,Paid Social
CNV_002900,USR_024775,SES_00107228,2026-06-06 21:35:29.560825,Starter_Monthly,Monthly,29.0,Canada,Referral
CNV_004482,USR_031719,SES_00168169,2026-06-06 22:29:48.971159,Starter_Monthly,Monthly,29.0,United Kingdom,Paid Social
CNV_004356,USR_033750,SES_00163477,2026-06-07 01:50:45.972640,Starter_Monthly,Monthly,29.0,United Kingdom,Organic Search
CNV_003009,USR_029793,SES_00111004,2026-06-07 01:59:42.875000,Pro_Monthly,Monthly,79.0,Germany,Referral
CNV_004808,USR_015136,SES_00180138,2026-06-07 03:02:09.204993,Starter_Monthly,Monthly,29.0,Australia,Organic Search
CNV_004569,USR_003667,SES_00171280,2026-06-07 03:05:20.533649,Starter_Monthly,Monthly,29.0,Canada,Organic Search
CNV_003830,USR_032237,SES_00143298,2026-06-07 03:07:01.671072,Starter_Monthly,Monthly,29.0,India,Email Campaign
CNV_004398,USR_023652,SES_00164978,2026-06-07 04:00:36.242638,Starter_Annual,Annual,290.0,Germany,Paid Social
CNV_004598,USR_021391,SES_00172479,2026-06-07 04:16:59.682968,Starter_Monthly,Monthly,29.0,United States,Referral
CNV_004442,USR_009925,SES_00166822,2026-06-07 05:05:53.112552,Starter_Monthly,Monthly,29.0,United States,Organic Search
CNV_001991,USR_027445,SES_00073285,2026-06-07 06:15:30.552604,Starter_Monthly,Monthly,29.0,United States,Direct
CNV_003720,USR_012512,SES_00139233,2026-06-07 06:16:22.438109,Starter_Monthly,Monthly,29.0,India,Paid Social
CNV_004300,USR_019631,SES_00160931,2026-06-07 06:45:03.409647,Starter_Monthly,Monthly,29.0,Germany,Product Hunt
CNV_001463,USR_017834,SES_00055502,2026-06-07 08:32:18.033220,Pro_Monthly,Monthly,79.0,Canada,Direct
CNV_001727,USR_024234,SES_00064101,2026-06-07 08:52:01.435568,Starter_Monthly,Monthly,29.0,United States,Direct
CNV_004536,USR_011151,SES_00170124,2026-06-07 09:07:58.506893,Pro_Monthly,Monthly,79.0,Canada,Direct
CNV_003999,USR_015195,SES_00149641,2026-06-07 09:34:35.238541,Pro_Monthly,Monthly,79.0,United States,Direct
CNV_003891,USR_009554,SES_00145556,2026-06-07 10:31:28.742319,Starter_Monthly,Monthly,29.0,United States,Direct
CNV_001629,USR_003335,SES_00061042,2026-06-07 12:51:52.340315,Pro_Monthly,Monthly,79.0,Australia,Product Hunt
CNV_003686,USR_020552,SES_00137786,2026-06-07 13:29:24.647435,Starter_Annual,Annual,290.0,United States,Direct
CNV_004276,USR_027033,SES_00160027,2026-06-07 13:46:58.914703,Enterprise,Custom,1999.0,United States,Direct
CNV_004366,USR_018693,SES_00163853,2026-06-07 13:59:08.375376,Starter_Monthly,Monthly,29.0,United States,Paid Social
CNV_003931,USR_024966,SES_00146831,2026-06-07 14:48:36.043961,Starter_Monthly,Monthly,29.0,United States,Paid Social
CNV_002537,USR_025810,SES_00093405,2026-06-07 15:28:09.232458,Pro_Monthly,Monthly,79.0,United States,Email Campaign
CNV_003843,USR_008248,SES_00143865,2026-06-07 16:30:01.787760,Pro_Monthly,Monthly,79.0,United Kingdom,Organic Search
CNV_003750,USR_017061,SES_00140696,2026-06-07 16:42:15.043658,Starter_Monthly,Monthly,29.0,United States,Organic Search
CNV_003745,USR_012123,SES_00140281,2026-06-07 16:43:36.928184,Starter_Monthly,Monthly,29.0,United States,Referral
CNV_004711,USR_017737,SES_00176534,2026-06-07 16:49:05.613180,Starter_Monthly,Monthly,29.0,Germany,Paid Social
CNV_004338,USR_034568,SES_00162689,2026-06-07 16:56:16.078484,Pro_Monthly,Monthly,79.0,United Kingdom,Product Hunt
CNV_003350,USR_017950,SES_00124738,2026-06-07 17:51:08.469203,Pro_Monthly,Monthly,79.0,United States,Paid Social
CNV_003402,USR_022229,SES_00126833,2026-06-07 17:55:25.176161,Starter_Monthly,Monthly,29.0,United States,Paid Social
CNV_004787,USR_014813,SES_00179284,2026-06-07 20:03:35.046564,Pro_Monthly,Monthly,79.0,United States,Paid Social
CNV_002762,USR_031691,SES_00102126,2026-06-07 20:04:44.764015,Pro_Monthly,Monthly,79.0,United States,Organic Search
CNV_004108,USR_017928,SES_00153680,2026-06-07 20:29:25.802283,Pro_Monthly,Monthly,79.0,India,Organic Search
CNV_003781,USR_031763,SES_00141803,2026-06-08 00:03:09.540765,Starter_Annual,Annual,290.0,United Kingdom,Direct
CNV_004008,USR_016749,SES_00149960,2026-06-08 00:04:58.476517,Starter_Monthly,Monthly,29.0,United States,Paid Social
CNV_002519,USR_004898,SES_00092735,2026-06-08 00:32:58.872100,Pro_Monthly,Monthly,79.0,United Kingdom,Organic Search
CNV_002373,USR_006375,SES_00087310,2026-06-08 01:56:39.281467,Enterprise,Custom,1999.0,United Kingdom,Direct
CNV_004632,USR_023223,SES_00173516,2026-06-08 02:56:06.789545,Pro_Monthly,Monthly,79.0,Canada,Organic Search
CNV_004178,USR_001781,SES_00156490,2026-06-08 03:15:37.700888,Pro_Monthly,Monthly,79.0,Germany,Direct
CNV_004504,USR_027104,SES_00168937,2026-06-08 04:39:10.166320,Pro_Monthly,Monthly,79.0,United Kingdom,Email Campaign
CNV_003520,USR_027299,SES_00131199,2026-06-08 04:58:44.970210,Starter_Monthly,Monthly,29.0,United Kingdom,Paid Social
CNV_004892,USR_021298,SES_00183011,2026-06-08 05:51:05.184723,Pro_Monthly,Monthly,79.0,United States,Organic Search
CNV_004550,USR_027580,SES_00170627,2026-06-08 06:32:44.435256,Enterprise,Custom,1999.0,United States,Organic Search
CNV_003185,USR_002098,SES_00118517,2026-06-08 08:07:28.796586,Pro_Monthly,Monthly,79.0,Germany,Paid Social
CNV_003535,USR_011971,SES_00131899,2026-06-08 09:06:45.479649,Starter_Annual,Annual,290.0,France,Organic Search
CNV_003857,USR_025387,SES_00144439,2026-06-08 10:01:05.136633,Pro_Annual,Annual,790.0,United States,Product Hunt
CNV_003785,USR_024492,SES_00141933,2026-06-08 10:29:54.131228,Starter_Monthly,Monthly,29.0,United States,Direct
CNV_003256,USR_012979,SES_00121168,2026-06-08 11:43:51.560019,Starter_Monthly,Monthly,29.0,United States,Direct
CNV_002735,USR_001776,SES_00101207,2026-06-08 12:08:34.523480,Starter_Monthly,Monthly,29.0,United Kingdom,Direct
CNV_004351,USR_011591,SES_00163249,2026-06-08 13:50:04.456340,Pro_Monthly,Monthly,79.0,Canada,Referral
CNV_004603,USR_004530,SES_00172699,2026-06-08 18:41:36.756218,Starter_Monthly,Monthly,29.0,United States,Paid Social
CNV_004170,USR_024447,SES_00156155,2026-06-08 19:24:53.554489,Pro_Annual,Annual,790.0,Australia,Product Hunt
CNV_004085,USR_006833,SES_00152586,2026-06-08 21:38:29.391639,Starter_Monthly,Monthly,29.0,United States,Organic Search
CNV_004241,USR_006278,SES_00158859,2026-06-08 22:35:56.931536,Starter_Monthly,Monthly,29.0,United States,Paid Social
CNV_004862,USR_005748,SES_00181957,2026-06-08 23:25:32.896460,Starter_Monthly,Monthly,29.0,India,Product Hunt
CNV_004796,USR_017498,SES_00179784,2026-06-09 00:00:58.763896,Starter_Monthly,Monthly,29.0,United States,Product Hunt
CNV_004763,USR_012416,SES_00178481,2026-06-09 00:33:28.427946,Pro_Monthly,Monthly,79.0,United Kingdom,Paid Social
CNV_003877,USR_022538,SES_00145080,2026-06-09 00:53:55.315654,Pro_Monthly,Monthly,79.0,United States,Referral
CNV_004582,USR_013829,SES_00171822,2026-06-09 01:25:40.098620,Enterprise,Custom,1999.0,United States,Paid Social
CNV_004004,USR_007629,SES_00149738,2026-06-09 01:30:52.797978,Pro_Monthly,Monthly,79.0,United Kingdom,Paid Social
CNV_004691,USR_030423,SES_00175791,2026-06-09 03:23:00.321110,Starter_Monthly,Monthly,29.0,Germany,Paid Social
CNV_004474,USR_026138,SES_00167976,2026-06-09 04:03:57.861449,Pro_Monthly,Monthly,79.0,Canada,Paid Social
CNV_003837,USR_001506,SES_00143596,2026-06-09 04:11:11.019796,Pro_Annual,Annual,790.0,United States,Referral
CNV_002696,USR_031408,SES_00100187,2026-06-09 04:21:51.264122,Pro_Monthly,Monthly,79.0,United States,Organic Search
CNV_003916,USR_014369,SES_00146370,2026-06-09 05:55:11.322123,Starter_Monthly,Monthly,29.0,Australia,Paid Social
CNV_004916,USR_007628,SES_00183852,2026-06-09 06:10:17.969174,Starter_Annual,Annual,290.0,United States,Direct
CNV_004187,USR_019917,SES_00156840,2026-06-09 06:36:17.176645,Pro_Monthly,Monthly,79.0,United States,Paid Social
CNV_003448,USR_027563,SES_00128485,2026-06-09 06:48:28.543324,Starter_Monthly,Monthly,29.0,United Kingdom,Organic Search
CNV_004119,USR_026740,SES_00154076,2026-06-09 06:52:12.277164,Pro_Monthly,Monthly,79.0,United States,Organic Search
CNV_003749,USR_007989,SES_00140518,2026-06-09 07:03:28.498864,Starter_Annual,Annual,290.0,United States,Organic Search
CNV_004458,USR_032385,SES_00167373,2026-06-09 07:21:35.377107,Starter_Monthly,Monthly,29.0,United States,Organic Search
CNV_003884,USR_033755,SES_00145296,2026-06-09 08:43:39.345077,Starter_Monthly,Monthly,29.0,United Kingdom,Referral
CNV_002971,USR_015677,SES_00109729,2026-06-09 08:46:05.641118,Starter_Monthly,Monthly,29.0,India,Product Hunt
CNV_003784,USR_034392,SES_00141906,2026-06-09 08:53:02.796921,Starter_Monthly,Monthly,29.0,Germany,Paid Social
CNV_004722,USR_007068,SES_00177010,2026-06-09 11:02:42.226846,Starter_Monthly,Monthly,29.0,United States,Email Campaign
CNV_004824,USR_013709,SES_00180702,2026-06-09 14:51:51.438981,Starter_Monthly,Monthly,29.0,India,Paid Social
CNV_002437,USR_009942,SES_00089690,2026-06-09 15:10:55.397026,Starter_Annual,Annual,290.0,Australia,Paid Social
CNV_001966,USR_027247,SES_00072541,2026-06-09 17:08:51.186750,Starter_Monthly,Monthly,29.0,United Kingdom,Direct
CNV_004940,USR_029236,SES_00184887,2026-06-09 17:24:52.164724,Starter_Monthly,Monthly,29.0,Germany,Organic Search
CNV_003001,USR_012637,SES_00110818,2026-06-09 17:52:31.737389,Enterprise,Custom,1999.0,Canada,Direct
CNV_003644,USR_021762,SES_00135810,2026-06-09 18:35:56.218126,Pro_Monthly,Monthly,79.0,United States,Organic Search
CNV_003822,USR_014105,SES_00143077,2026-06-09 18:51:49.276331,Starter_Monthly,Monthly,29.0,United States,Organic Search
CNV_003014,USR_017318,SES_00111230,2026-06-09 19:01:16.209172,Starter_Monthly,Monthly,29.0,India,Paid Social
CNV_004464,USR_033020,SES_00167637,2026-06-09 19:24:52.192658,Pro_Monthly,Monthly,79.0,Canada,Paid Social
CNV_003078,USR_026662,SES_00113789,2026-06-09 21:51:02.234826,Pro_Monthly,Monthly,79.0,Germany,Paid Social
CNV_004870,USR_005160,SES_00182269,2026-06-09 22:13:05.291524,Pro_Monthly,Monthly,79.0,United States,Organic Search
CNV_004645,USR_029120,SES_00173883,2026-06-09 22:29:03.355694,Pro_Monthly,Monthly,79.0,United Kingdom,Product Hunt
CNV_004526,USR_011271,SES_00169827,2026-06-09 22:37:06.413043,Starter_Monthly,Monthly,29.0,United States,Paid Social
CNV_004056,USR_001707,SES_00151478,2026-06-09 23:19:08.127496,Starter_Annual,Annual,290.0,Australia,Product Hunt
CNV_004631,USR_026633,SES_00173478,2026-06-09 23:30:28.702321,Starter_Annual,Annual,290.0,Canada,Referral
CNV_004602,USR_002049,SES_00172665,2026-06-10 00:58:41.609273,Pro_Monthly,Monthly,79.0,United States,Referral
CNV_002867,USR_026860,SES_00106124,2026-06-10 04:22:15.642908,Starter_Monthly,Monthly,29.0,United States,Organic Search
CNV_003529,USR_011397,SES_00131626,2026-06-10 06:35:59.997201,Starter_Annual,Annual,290.0,United States,Referral
CNV_003142,USR_021605,SES_00116613,2026-06-10 07:58:53.487084,Pro_Annual,Annual,790.0,United States,Direct
CNV_003678,USR_009980,SES_00137447,2026-06-10 08:54:47.175131,Pro_Annual,Annual,790.0,India,Organic Search
CNV_003998,USR_011404,SES_00149617,2026-06-10 09:16:08.572505,Pro_Annual,Annual,790.0,Canada,Paid Social
CNV_004215,USR_009106,SES_00157937,2026-06-10 09:38:38.060685,Pro_Monthly,Monthly,79.0,United States,Organic Search
CNV_004695,USR_002708,SES_00175974,2026-06-10 10:05:29.840108,Pro_Annual,Annual,790.0,Canada,Email Campaign
CNV_004138,USR_029849,SES_00154794,2026-06-10 13:52:16.514680,Pro_Monthly,Monthly,79.0,Canada,Organic Search
CNV_003562,USR_004161,SES_00132790,2026-06-10 14:02:51.324786,Starter_Monthly,Monthly,29.0,Germany,Organic Search
CNV_004852,USR_023798,SES_00181693,2026-06-10 14:19:45.479357,Starter_Monthly,Monthly,29.0,Germany,Organic Search
CNV_004453,USR_006445,SES_00167254,2026-06-10 15:00:18.239329,Pro_Monthly,Monthly,79.0,United Kingdom,Direct
CNV_004036,USR_009365,SES_00150813,2026-06-10 16:05:08.504127,Starter_Monthly,Monthly,29.0,United Kingdom,Product Hunt
CNV_004979,USR_019481,SES_00186227,2026-06-10 16:23:45.793160,Starter_Monthly,Monthly,29.0,United States,Email Campaign
CNV_002582,USR_033590,SES_00095481,2026-06-10 16:54:31.957863,Starter_Monthly,Monthly,29.0,United States,Paid Social
CNV_003692,USR_022936,SES_00138011,2026-06-10 18:32:58.211376,Pro_Monthly,Monthly,79.0,United Kingdom,Organic Search
CNV_004661,USR_006821,SES_00174637,2026-06-10 18:37:00.037220,Pro_Monthly,Monthly,79.0,Germany,Direct
CNV_004900,USR_027636,SES_00183358,2026-06-10 18:50:56.069323,Starter_Monthly,Monthly,29.0,Australia,Referral
CNV_003601,USR_001806,SES_00134147,2026-06-10 21:02:23.036912,Starter_Monthly,Monthly,29.0,India,Organic Search
CNV_004490,USR_022082,SES_00168390,2026-06-10 22:56:24.341426,Starter_Monthly,Monthly,29.0,United States,Organic Search
CNV_003118,USR_034826,SES_00115591,2026-06-11 01:33:08.604016,Starter_Monthly,Monthly,29.0,United States,Organic Search
CNV_004801,USR_031409,SES_00179920,2026-06-11 01:49:00.753860,Pro_Monthly,Monthly,79.0,United States,Paid Social
CNV_003105,USR_010090,SES_00115130,2026-06-11 02:20:34.961109,Pro_Monthly,Monthly,79.0,Canada,Direct
CNV_004587,USR_025137,SES_00172052,2026-06-11 07:56:10.663812,Pro_Monthly,Monthly,79.0,United States,Direct
CNV_004567,USR_025519,SES_00171256,2026-06-11 08:32:37.896290,Starter_Monthly,Monthly,29.0,United States,Organic Search
CNV_004809,USR_003293,SES_00180220,2026-06-11 10:08:23.976892,Starter_Monthly,Monthly,29.0,France,Paid Social
CNV_003738,USR_013273,SES_00140053,2026-06-11 10:39:05.848706,Enterprise,Custom,1999.0,Canada,Referral
CNV_002180,USR_034645,SES_00080392,2026-06-11 11:37:11.545166,Starter_Monthly,Monthly,29.0,Australia,Direct
CNV_004310,USR_028524,SES_00161414,2026-06-11 12:35:00.747920,Starter_Annual,Annual,290.0,United States,Organic Search
CNV_004400,USR_032720,SES_00165257,2026-06-11 12:40:38.834024,Pro_Monthly,Monthly,79.0,United States,Paid Social
CNV_004806,USR_025570,SES_00180109,2026-06-11 13:02:41.690493,Pro_Monthly,Monthly,79.0,United States,Organic Search
CNV_004273,USR_022108,SES_00159918,2026-06-11 13:16:41.001283,Starter_Monthly,Monthly,29.0,United Kingdom,Organic Search
CNV_003301,USR_018991,SES_00122708,2026-06-11 15:08:24.512945,Starter_Monthly,Monthly,29.0,Canada,Organic Search
CNV_003329,USR_012536,SES_00124036,2026-06-11 16:01:06.099216,Starter_Monthly,Monthly,29.0,United States,Direct
CNV_004135,USR_026788,SES_00154610,2026-06-11 16:43:48.475669,Starter_Monthly,Monthly,29.0,United Kingdom,Paid Social
CNV_003970,USR_008149,SES_00148485,2026-06-11 18:19:07.973043,Pro_Monthly,Monthly,79.0,France,Organic Search
CNV_003131,USR_000501,SES_00116131,2026-06-11 18:19:53.621477,Starter_Monthly,Monthly,29.0,United States,Direct
CNV_004621,USR_003334,SES_00173157,2026-06-11 18:34:25.464203,Starter_Monthly,Monthly,29.0,Canada,Organic Search
CNV_004786,USR_023831,SES_00179201,2026-06-11 18:44:15.145039,Starter_Monthly,Monthly,29.0,United States,Direct
CNV_003685,USR_001290,SES_00137750,2026-06-11 19:41:32.114681,Pro_Annual,Annual,790.0,United States,Paid Social
CNV_002772,USR_021669,SES_00102508,2026-06-11 20:58:20.032192,Starter_Monthly,Monthly,29.0,Canada,Email Campaign
CNV_004682,USR_010432,SES_00175447,2026-06-11 21:13:34.806686,Starter_Monthly,Monthly,29.0,United States,Paid Social
CNV_003913,USR_020358,SES_00146313,2026-06-12 00:54:40.553572,Starter_Annual,Annual,290.0,India,Paid Social
CNV_004721,USR_004767,SES_00176984,2026-06-12 01:12:54.487022,Starter_Monthly,Monthly,29.0,Australia,Direct
CNV_004839,USR_029383,SES_00181229,2026-06-12 01:38:41.707375,Starter_Annual,Annual,290.0,United States,Organic Search
CNV_004926,USR_031259,SES_00184205,2026-06-12 01:49:48.080321,Starter_Annual,Annual,290.0,United Kingdom,Organic Search
CNV_004658,USR_026342,SES_00174491,2026-06-12 02:10:27.436919,Starter_Monthly,Monthly,29.0,United Kingdom,Organic Search
CNV_004468,USR_029209,SES_00167694,2026-06-12 02:32:21.573265,Starter_Monthly,Monthly,29.0,United States,Paid Social
CNV_003826,USR_002442,SES_00143198,2026-06-12 02:44:59.983421,Pro_Monthly,Monthly,79.0,United States,Organic Search
CNV_003127,USR_004652,SES_00115975,2026-06-12 02:47:21.883852,Starter_Monthly,Monthly,29.0,United States,Organic Search
CNV_003406,USR_002979,SES_00126966,2026-06-12 02:48:07.012957,Starter_Monthly,Monthly,29.0,United States,Direct
CNV_004530,USR_008608,SES_00169887,2026-06-12 03:40:10.570863,Pro_Annual,Annual,790.0,United States,Direct
CNV_004118,USR_029192,SES_00154020,2026-06-12 04:40:19.674211,Pro_Monthly,Monthly,79.0,United States,Paid Social
CNV_004544,USR_028549,SES_00170383,2026-06-12 05:10:07.950969,Enterprise,Custom,1999.0,United Kingdom,Organic Search
CNV_004422,USR_017379,SES_00166059,2026-06-12 06:11:06.131333,Starter_Monthly,Monthly,29.0,United States,Direct
CNV_002916,USR_020727,SES_00107632,2026-06-12 07:24:05.529274,Starter_Monthly,Monthly,29.0,United States,Organic Search
CNV_003089,USR_034277,SES_00114549,2026-06-12 08:12:48.017684,Pro_Monthly,Monthly,79.0,United Kingdom,Organic Search
CNV_004768,USR_027042,SES_00178682,2026-06-12 08:29:52.159918,Starter_Monthly,Monthly,29.0,India,Email Campaign
CNV_002967,USR_001957,SES_00109524,2026-06-12 08:42:09.075117,Pro_Monthly,Monthly,79.0,United Kingdom,Product Hunt
CNV_004134,USR_023048,SES_00154599,2026-06-12 09:25:35.671201,Starter_Annual,Annual,290.0,United States,Organic Search
CNV_004185,USR_029110,SES_00156771,2026-06-12 09:59:39.664266,Starter_Annual,Annual,290.0,United States,Product Hunt
CNV_004964,USR_013502,SES_00185692,2026-06-12 10:40:55.028898,Starter_Monthly,Monthly,29.0,United Kingdom,Paid Social
CNV_003618,USR_011360,SES_00134826,2026-06-12 10:47:40.649234,Enterprise,Custom,1999.0,United States,Paid Social
CNV_004087,USR_021019,SES_00152820,2026-06-12 11:46:29.550362,Pro_Monthly,Monthly,79.0,Canada,Paid Social
CNV_004599,USR_016175,SES_00172526,2026-06-12 13:29:00.517008,Pro_Monthly,Monthly,79.0,United States,Paid Social
CNV_002364,USR_015454,SES_00087011,2026-06-12 13:52:56.981236,Starter_Monthly,Monthly,29.0,Canada,Paid Social
CNV_003819,USR_022105,SES_00142975,2026-06-12 14:12:43.947335,Starter_Monthly,Monthly,29.0,United Kingdom,Paid Social
CNV_003642,USR_007110,SES_00135722,2026-06-12 14:31:37.083649,Starter_Monthly,Monthly,29.0,France,Paid Social
CNV_004976,USR_013859,SES_00186119,2026-06-12 16:47:37.253635,Pro_Monthly,Monthly,79.0,United States,Organic Search
CNV_004889,USR_023722,SES_00182891,2026-06-12 18:10:48.018548,Starter_Annual,Annual,290.0,United Kingdom,Organic Search
CNV_004303,USR_013649,SES_00161059,2026-06-12 19:39:52.330748,Pro_Annual,Annual,790.0,United States,Paid Social
CNV_004921,USR_030553,SES_00184015,2026-06-12 20:53:17.283150,Pro_Monthly,Monthly,79.0,United States,Email Campaign
CNV_004452,USR_003093,SES_00167199,2026-06-12 21:06:46.295357,Starter_Monthly,Monthly,29.0,United States,Organic Search
CNV_004665,USR_019504,SES_00174755,2026-06-12 21:21:14.154977,Pro_Monthly,Monthly,79.0,United States,Referral
CNV_003558,USR_026397,SES_00132633,2026-06-12 21:32:47.124344,Pro_Annual,Annual,790.0,United States,Email Campaign
CNV_004858,USR_001423,SES_00181810,2026-06-12 22:33:02.735819,Starter_Monthly,Monthly,29.0,Canada,Direct
CNV_003398,USR_033159,SES_00126644,2026-06-12 23:14:20.081823,Starter_Monthly,Monthly,29.0,United States,Organic Search
CNV_003740,USR_018676,SES_00140116,2026-06-12 23:25:39.438821,Pro_Annual,Annual,790.0,United Kingdom,Direct
CNV_000980,USR_016757,SES_00037194,2026-06-13 00:14:07.536452,Pro_Monthly,Monthly,79.0,United Kingdom,Direct
CNV_003751,USR_024736,SES_00140703,2026-06-13 01:52:07.951890,Starter_Monthly,Monthly,29.0,United Kingdom,Organic Search
CNV_002753,USR_016961,SES_00101878,2026-06-13 02:52:31.861392,Starter_Monthly,Monthly,29.0,United States,Paid Social
CNV_002281,USR_029867,SES_00084082,2026-06-13 02:53:45.012185,Starter_Annual,Annual,290.0,United States,Product Hunt
CNV_002557,USR_014005,SES_00094286,2026-06-13 03:08:29.102026,Starter_Monthly,Monthly,29.0,United States,Referral
CNV_002708,USR_004346,SES_00100452,2026-06-13 03:59:37.786401,Starter_Monthly,Monthly,29.0,Australia,Referral
CNV_004573,USR_024461,SES_00171483,2026-06-13 05:16:11.926955,Starter_Monthly,Monthly,29.0,United States,Email Campaign
CNV_004546,USR_008163,SES_00170436,2026-06-13 05:20:14.552571,Starter_Monthly,Monthly,29.0,Australia,Paid Social
CNV_004838,USR_005704,SES_00181215,2026-06-13 05:41:56.497221,Starter_Monthly,Monthly,29.0,Germany,Product Hunt
CNV_003497,USR_002660,SES_00130228,2026-06-13 06:35:42.923009,Enterprise,Custom,1999.0,France,Paid Social
CNV_003927,USR_027354,SES_00146717,2026-06-13 07:28:28.513688,Pro_Monthly,Monthly,79.0,United Kingdom,Organic Search
CNV_004221,USR_030134,SES_00158180,2026-06-13 08:33:57.993056,Pro_Annual,Annual,790.0,United States,Organic Search
CNV_004566,USR_020870,SES_00171252,2026-06-13 09:36:57.787032,Starter_Monthly,Monthly,29.0,Australia,Direct
CNV_004522,USR_034263,SES_00169750,2026-06-13 09:38:35.465482,Starter_Monthly,Monthly,29.0,Australia,Direct
CNV_003825,USR_007381,SES_00143166,2026-06-13 10:28:33.540338,Pro_Monthly,Monthly,79.0,France,Direct
CNV_002939,USR_033076,SES_00108449,2026-06-13 11:53:43.206645,Starter_Monthly,Monthly,29.0,Germany,Product Hunt
CNV_004604,USR_007562,SES_00172743,2026-06-13 13:01:12.467912,Starter_Monthly,Monthly,29.0,Australia,Organic Search
CNV_003862,USR_018241,SES_00144509,2026-06-13 14:14:15.136544,Starter_Monthly,Monthly,29.0,United States,Paid Social
CNV_004847,USR_010669,SES_00181567,2026-06-13 14:17:38.372321,Starter_Monthly,Monthly,29.0,Australia,Organic Search
CNV_003902,USR_003057,SES_00145999,2026-06-13 14:18:05.868533,Starter_Monthly,Monthly,29.0,United Kingdom,Organic Search
CNV_004909,USR_000026,SES_00183621,2026-06-13 14:23:08.831265,Starter_Monthly,Monthly,29.0,United States,Paid Social
CNV_004908,USR_015117,SES_00183593,2026-06-13 16:31:55.337967,Starter_Annual,Annual,290.0,United States,Product Hunt
CNV_004279,USR_000494,SES_00160204,2026-06-13 17:32:07.756242,Starter_Monthly,Monthly,29.0,United States,Direct
CNV_004548,USR_003005,SES_00170546,2026-06-13 19:11:46.756533,Starter_Annual,Annual,290.0,India,Paid Social
CNV_004606,USR_007800,SES_00172797,2026-06-13 19:53:16.077817,Starter_Monthly,Monthly,29.0,Canada,Referral
CNV_003228,USR_026368,SES_00120059,2026-06-13 20:21:39.800679,Starter_Monthly,Monthly,29.0,United Kingdom,Referral
CNV_004673,USR_014943,SES_00175067,2026-06-13 20:59:24.723509,Starter_Monthly,Monthly,29.0,United States,Direct
CNV_004578,USR_023373,SES_00171733,2026-06-13 21:03:48.560083,Pro_Monthly,Monthly,79.0,United States,Organic Search
CNV_004107,USR_008752,SES_00153587,2026-06-13 21:54:45.391663,Pro_Annual,Annual,790.0,United States,Organic Search
CNV_002779,USR_017791,SES_00102738,2026-06-13 22:06:36.361043,Starter_Monthly,Monthly,29.0,France,Organic Search
CNV_003324,USR_023971,SES_00123865,2026-06-14 00:45:33.692164,Starter_Annual,Annual,290.0,United Kingdom,Direct
CNV_004488,USR_024366,SES_00168311,2026-06-14 01:20:55.033174,Starter_Monthly,Monthly,29.0,Australia,Paid Social
CNV_003729,USR_025364,SES_00139719,2026-06-14 01:32:56.863566,Pro_Monthly,Monthly,79.0,United Kingdom,Direct
CNV_001997,USR_032768,SES_00073467,2026-06-14 01:45:07.008565,Starter_Monthly,Monthly,29.0,United States,Organic Search
CNV_005054,USR_000887,SES_00188908,2026-06-14 03:03:00.625379,Starter_Monthly,Monthly,29.0,Canada,Organic Search
CNV_003787,USR_015400,SES_00141976,2026-06-14 04:43:12.995998,Pro_Monthly,Monthly,79.0,United Kingdom,Paid Social
CNV_004837,USR_025498,SES_00181086,2026-06-14 05:18:45.895924,Starter_Monthly,Monthly,29.0,United States,Paid Social
CNV_003263,USR_023092,SES_00121475,2026-06-14 05:43:51.475622,Pro_Annual,Annual,790.0,Australia,Email Campaign
CNV_004106,USR_002358,SES_00153513,2026-06-14 06:08:08.931249,Starter_Monthly,Monthly,29.0,Australia,Direct
CNV_003779,USR_009269,SES_00141733,2026-06-14 06:30:11.868191,Pro_Monthly,Monthly,79.0,France,Paid Social
CNV_003568,USR_024561,SES_00132973,2026-06-14 06:49:46.941307,Starter_Annual,Annual,290.0,Canada,Paid Social
CNV_004114,USR_021444,SES_00153897,2026-06-14 07:58:05.158460,Starter_Monthly,Monthly,29.0,United Kingdom,Organic Search
CNV_004336,USR_028898,SES_00162623,2026-06-14 08:30:05.478163,Pro_Monthly,Monthly,79.0,Canada,Direct
CNV_003817,USR_032255,SES_00142900,2026-06-14 08:55:17.046550,Pro_Monthly,Monthly,79.0,United States,Paid Social
CNV_004759,USR_026101,SES_00178356,2026-06-14 09:45:28.634646,Starter_Monthly,Monthly,29.0,United States,Email Campaign
CNV_004275,USR_031830,SES_00159985,2026-06-14 10:29:47.802535,Pro_Annual,Annual,790.0,Canada,Organic Search
CNV_004783,USR_026284,SES_00179142,2026-06-14 11:01:31.146750,Pro_Monthly,Monthly,79.0,United States,Email Campaign
CNV_004063,USR_006265,SES_00151880,2026-06-14 13:32:12.596469,Starter_Monthly,Monthly,29.0,Germany,Paid Social
CNV_005021,USR_003183,SES_00187756,2026-06-14 13:38:15.755117,Starter_Annual,Annual,290.0,United Kingdom,Direct
CNV_002610,USR_025500,SES_00096454,2026-06-14 14:16:55.977693,Pro_Monthly,Monthly,79.0,United States,Product Hunt
CNV_004459,USR_031233,SES_00167436,2026-06-14 15:02:47.736123,Starter_Monthly,Monthly,29.0,United States,Email Campaign
CNV_004793,USR_009467,SES_00179595,2026-06-14 16:12:23.572132,Pro_Monthly,Monthly,79.0,United States,Organic Search
CNV_004042,USR_017067,SES_00150947,2026-06-14 20:10:12.525413,Pro_Monthly,Monthly,79.0,Australia,Email Campaign
CNV_005068,USR_034304,SES_00189416,2026-06-14 20:37:28.537123,Starter_Monthly,Monthly,29.0,United Kingdom,Referral
CNV_005024,USR_016017,SES_00187820,2026-06-14 20:40:29.828941,Starter_Annual,Annual,290.0,Australia,Referral
CNV_003753,USR_002064,SES_00140750,2026-06-14 21:24:30.751992,Starter_Annual,Annual,290.0,Germany,Referral
CNV_004880,USR_032485,SES_00182619,2026-06-14 21:32:28.720929,Pro_Monthly,Monthly,79.0,United States,Direct
CNV_004417,USR_028784,SES_00165878,2026-06-14 22:18:32.213357,Starter_Monthly,Monthly,29.0,India,Organic Search
CNV_003940,USR_003930,SES_00147143,2026-06-14 22:26:31.186905,Starter_Monthly,Monthly,29.0,Germany,Paid Social
CNV_004771,USR_010512,SES_00178762,2026-06-14 22:50:53.405339,Starter_Monthly,Monthly,29.0,United Kingdom,Email Campaign
CNV_004071,USR_003363,SES_00152115,2026-06-14 23:31:42.627918,Pro_Monthly,Monthly,79.0,India,Paid Social
CNV_004277,USR_019998,SES_00160084,2026-06-15 00:51:15.853756,Starter_Monthly,Monthly,29.0,Canada,Paid Social
CNV_004552,USR_015075,SES_00170695,2026-06-15 01:44:03.258905,Starter_Monthly,Monthly,29.0,Germany,Organic Search
CNV_004553,USR_000320,SES_00170727,2026-06-15 02:48:36.314959,Starter_Monthly,Monthly,29.0,Canada,Paid Social
CNV_002923,USR_010959,SES_00107946,2026-06-15 03:02:12.608466,Starter_Monthly,Monthly,29.0,Canada,Product Hunt
CNV_002302,USR_024866,SES_00084879,2026-06-15 03:56:17.257725,Pro_Monthly,Monthly,79.0,United States,Organic Search
CNV_002747,USR_027153,SES_00101658,2026-06-15 04:18:29.001182,Starter_Monthly,Monthly,29.0,Australia,Organic Search
CNV_004834,USR_022968,SES_00181002,2026-06-15 05:47:51.132319,Starter_Monthly,Monthly,29.0,United States,Organic Search
CNV_003205,USR_026562,SES_00119306,2026-06-15 06:08:58.803567,Starter_Monthly,Monthly,29.0,United Kingdom,Organic Search
CNV_004519,USR_029343,SES_00169687,2026-06-15 06:30:30.492936,Starter_Monthly,Monthly,29.0,United States,Paid Social
CNV_004080,USR_024854,SES_00152424,2026-06-15 06:57:09.685869,Starter_Monthly,Monthly,29.0,United States,Organic Search
CNV_003524,USR_007907,SES_00131384,2026-06-15 07:25:06.031398,Pro_Monthly,Monthly,79.0,United States,Organic Search
CNV_004234,USR_028326,SES_00158666,2026-06-15 07:59:39.771478,Pro_Monthly,Monthly,79.0,United States,Product Hunt
CNV_001873,USR_001897,SES_00069315,2026-06-15 09:27:23.861102,Starter_Monthly,Monthly,29.0,United Kingdom,Direct
CNV_005100,USR_018284,SES_00190795,2026-06-15 09:53:23.480998,Pro_Annual,Annual,790.0,Germany,Paid Social
CNV_002741,USR_011574,SES_00101417,2026-06-15 10:11:14.352423,Pro_Annual,Annual,790.0,Germany,Referral
CNV_004804,USR_024292,SES_00180040,2026-06-15 10:41:09.377537,Starter_Monthly,Monthly,29.0,India,Organic Search
CNV_004736,USR_011187,SES_00177560,2026-06-15 11:53:12.363222,Starter_Monthly,Monthly,29.0,United Kingdom,Paid Social
CNV_004150,USR_031621,SES_00155289,2026-06-15 15:24:07.796630,Starter_Monthly,Monthly,29.0,Germany,Direct
CNV_005101,USR_026591,SES_00190861,2026-06-15 15:28:19.180603,Starter_Monthly,Monthly,29.0,United States,Direct
CNV_004956,USR_033724,SES_00185393,2026-06-15 15:28:20.109659,Starter_Monthly,Monthly,29.0,United States,Paid Social
CNV_004259,USR_031777,SES_00159530,2026-06-15 17:18:57.958661,Starter_Annual,Annual,290.0,Canada,Paid Social
CNV_004678,USR_001179,SES_00175321,2026-06-15 18:41:02.594175,Starter_Monthly,Monthly,29.0,United States,Direct
CNV_004295,USR_006477,SES_00160782,2026-06-15 19:06:02.856553,Starter_Monthly,Monthly,29.0,Australia,Organic Search
CNV_004990,USR_000937,SES_00186650,2026-06-15 22:40:59.617148,Pro_Monthly,Monthly,79.0,United States,Organic Search
CNV_004128,USR_030701,SES_00154455,2026-06-15 23:43:19.826372,Pro_Monthly,Monthly,79.0,United States,Referral
CNV_005033,USR_016797,SES_00188093,2026-06-16 00:37:33.104895,Enterprise,Custom,1999.0,United States,Referral
CNV_004437,USR_033134,SES_00166600,2026-06-16 00:46:38.576931,Starter_Monthly,Monthly,29.0,India,Organic Search
CNV_004686,USR_020315,SES_00175644,2026-06-16 02:15:12.633801,Starter_Annual,Annual,290.0,United States,Paid Social
CNV_003381,USR_016354,SES_00125785,2026-06-16 03:29:10.612269,Pro_Annual,Annual,790.0,United States,Paid Social
CNV_004618,USR_007133,SES_00173099,2026-06-16 04:12:56.196042,Pro_Monthly,Monthly,79.0,United States,Paid Social
CNV_004877,USR_022624,SES_00182488,2026-06-16 04:49:03.670073,Pro_Monthly,Monthly,79.0,Germany,Direct
CNV_003170,USR_001763,SES_00117746,2026-06-16 06:16:40.186634,Starter_Monthly,Monthly,29.0,Germany,Paid Social
CNV_004223,USR_003212,SES_00158273,2026-06-16 07:03:01.798737,Pro_Annual,Annual,790.0,Canada,Direct
CNV_005025,USR_029032,SES_00187859,2026-06-16 07:17:29.030684,Starter_Monthly,Monthly,29.0,Canada,Organic Search
CNV_004199,USR_014931,SES_00157235,2026-06-16 07:39:51.300444,Starter_Monthly,Monthly,29.0,India,Paid Social
CNV_002548,USR_008720,SES_00093846,2026-06-16 07:44:32.931890,Starter_Monthly,Monthly,29.0,United States,Referral
CNV_004946,USR_030265,SES_00185037,2026-06-16 10:15:22.177320,Starter_Monthly,Monthly,29.0,United Kingdom,Referral
CNV_004780,USR_030739,SES_00179076,2026-06-16 10:40:21.507771,Pro_Monthly,Monthly,79.0,United Kingdom,Direct
CNV_004070,USR_001550,SES_00152054,2026-06-16 11:37:02.429600,Pro_Monthly,Monthly,79.0,France,Direct
CNV_004307,USR_029876,SES_00161307,2026-06-16 11:44:15.770907,Starter_Annual,Annual,290.0,United States,Organic Search
CNV_004958,USR_018234,SES_00185497,2026-06-16 12:04:21.931307,Pro_Monthly,Monthly,79.0,United States,Product Hunt
CNV_003737,USR_010956,SES_00140003,2026-06-16 12:10:24.383589,Pro_Monthly,Monthly,79.0,United Kingdom,Paid Social
CNV_004667,USR_006538,SES_00174851,2026-06-16 12:11:08.739103,Starter_Monthly,Monthly,29.0,United States,Organic Search
CNV_004994,USR_000152,SES_00186874,2026-06-16 12:37:45.537072,Starter_Annual,Annual,290.0,Germany,Paid Social
CNV_003911,USR_006426,SES_00146282,2026-06-16 14:24:19.363257,Starter_Monthly,Monthly,29.0,India,Organic Search
CNV_004709,USR_023231,SES_00176486,2026-06-16 20:13:17.635736,Starter_Annual,Annual,290.0,United States,Organic Search
CNV_004938,USR_000289,SES_00184722,2026-06-16 21:00:33.970024,Starter_Monthly,Monthly,29.0,Germany,Organic Search
CNV_004683,USR_012110,SES_00175465,2026-06-16 21:01:22.674317,Pro_Annual,Annual,790.0,India,Email Campaign
CNV_004337,USR_030607,SES_00162674,2026-06-16 22:17:17.989670,Starter_Monthly,Monthly,29.0,United States,Organic Search
CNV_004405,USR_020592,SES_00165376,2026-06-16 22:46:12.683815,Pro_Monthly,Monthly,79.0,India,Paid Social
CNV_004749,USR_004120,SES_00177980,2026-06-16 22:50:25.339786,Starter_Monthly,Monthly,29.0,United States,Direct
CNV_005055,USR_018072,SES_00188969,2026-06-17 00:34:42.100085,Pro_Monthly,Monthly,79.0,France,Direct
CNV_003218,USR_033832,SES_00119799,2026-06-17 00:55:41.664782,Pro_Monthly,Monthly,79.0,Germany,Paid Social
CNV_004944,USR_028164,SES_00184975,2026-06-17 01:48:01.116794,Pro_Monthly,Monthly,79.0,Canada,Paid Social
CNV_004304,USR_032039,SES_00161125,2026-06-17 02:41:05.531307,Starter_Monthly,Monthly,29.0,India,Organic Search
CNV_003964,USR_006855,SES_00148225,2026-06-17 02:58:55.453070,Starter_Monthly,Monthly,29.0,United States,Product Hunt
CNV_004867,USR_021925,SES_00182192,2026-06-17 03:30:00.623977,Pro_Monthly,Monthly,79.0,Germany,Product Hunt
CNV_004844,USR_017809,SES_00181445,2026-06-17 03:31:40.269545,Pro_Monthly,Monthly,79.0,Germany,Paid Social
CNV_004627,USR_026514,SES_00173378,2026-06-17 04:36:18.725220,Pro_Monthly,Monthly,79.0,United States,Organic Search
CNV_003865,USR_023681,SES_00144650,2026-06-17 05:38:36.796186,Starter_Monthly,Monthly,29.0,France,Referral
CNV_003339,USR_029303,SES_00124288,2026-06-17 06:04:07.841948,Starter_Monthly,Monthly,29.0,Canada,Organic Search
CNV_003567,USR_013935,SES_00132950,2026-06-17 06:23:34.961978,Enterprise,Custom,1999.0,United States,Direct
CNV_003493,USR_028350,SES_00130132,2026-06-17 06:31:16.369723,Pro_Monthly,Monthly,79.0,India,Organic Search
CNV_004713,USR_029993,SES_00176635,2026-06-17 07:15:05.662768,Starter_Monthly,Monthly,29.0,Canada,Organic Search
CNV_004454,USR_026036,SES_00167280,2026-06-17 08:21:28.697313,Enterprise,Custom,1999.0,India,Direct
CNV_005009,USR_028027,SES_00187378,2026-06-17 08:43:11.678219,Starter_Monthly,Monthly,29.0,Australia,Organic Search
CNV_005113,USR_021781,SES_00191337,2026-06-17 09:29:07.956738,Starter_Monthly,Monthly,29.0,Germany,Direct
CNV_003064,USR_027966,SES_00113221,2026-06-17 09:31:10.062518,Enterprise,Custom,1999.0,United States,Email Campaign
CNV_000987,USR_004007,SES_00037457,2026-06-17 09:34:45.700465,Starter_Monthly,Monthly,29.0,United States,Paid Social
CNV_004157,USR_012865,SES_00155544,2026-06-17 09:54:43.185586,Starter_Monthly,Monthly,29.0,United States,Paid Social
CNV_004032,USR_034419,SES_00150721,2026-06-17 11:00:45.511249,Starter_Monthly,Monthly,29.0,France,Organic Search
CNV_003490,USR_007935,SES_00130027,2026-06-17 11:09:00.314391,Pro_Monthly,Monthly,79.0,Australia,Organic Search
CNV_004160,USR_023066,SES_00155638,2026-06-17 11:47:10.997710,Pro_Monthly,Monthly,79.0,United States,Paid Social
CNV_005005,USR_019085,SES_00187212,2026-06-17 11:49:31.016937,Starter_Monthly,Monthly,29.0,United States,Direct
CNV_002922,USR_013584,SES_00107907,2026-06-17 12:39:34.965522,Pro_Monthly,Monthly,79.0,United States,Email Campaign
CNV_004797,USR_009226,SES_00179807,2026-06-17 13:36:17.942201,Pro_Monthly,Monthly,79.0,Australia,Direct
CNV_004477,USR_010889,SES_00168034,2026-06-17 14:34:28.528014,Starter_Monthly,Monthly,29.0,United States,Organic Search
CNV_003968,USR_020306,SES_00148370,2026-06-17 15:28:10.150350,Pro_Monthly,Monthly,79.0,United Kingdom,Paid Social
CNV_004798,USR_013105,SES_00179818,2026-06-17 15:47:03.603591,Starter_Annual,Annual,290.0,United Kingdom,Email Campaign
CNV_004111,USR_009532,SES_00153784,2026-06-17 16:48:06.750504,Starter_Monthly,Monthly,29.0,United States,Product Hunt
CNV_005018,USR_022955,SES_00187655,2026-06-17 17:00:00.915490,Starter_Monthly,Monthly,29.0,United States,Organic Search
CNV_003351,USR_004485,SES_00124766,2026-06-17 17:48:58.151354,Starter_Annual,Annual,290.0,United States,Referral
CNV_004893,USR_022532,SES_00183052,2026-06-17 18:04:44.906549,Pro_Monthly,Monthly,79.0,United States,Direct
CNV_004115,USR_027602,SES_00153912,2026-06-17 18:09:48.269397,Enterprise,Custom,1999.0,United States,Organic Search
CNV_004386,USR_018992,SES_00164689,2026-06-17 18:10:25.019051,Starter_Monthly,Monthly,29.0,United Kingdom,Direct
CNV_005173,USR_022325,SES_00193690,2026-06-17 19:22:21.972922,Starter_Monthly,Monthly,29.0,United States,Email Campaign
CNV_005116,USR_001062,SES_00191414,2026-06-17 19:52:38.344668,Starter_Annual,Annual,290.0,United States,Paid Social
CNV_004176,USR_018151,SES_00156464,2026-06-17 20:36:12.297517,Starter_Monthly,Monthly,29.0,Canada,Referral
CNV_004641,USR_024734,SES_00173752,2026-06-17 20:40:56.842508,Enterprise,Custom,1999.0,Germany,Direct
CNV_003993,USR_016355,SES_00149382,2026-06-17 21:29:29.753163,Pro_Monthly,Monthly,79.0,United States,Paid Social
CNV_003816,USR_029575,SES_00142892,2026-06-17 21:48:53.160485,Pro_Monthly,Monthly,79.0,Canada,Direct
CNV_002731,USR_020116,SES_00101120,2026-06-17 22:12:11.823457,Pro_Monthly,Monthly,79.0,United States,Direct
CNV_004967,USR_033998,SES_00185772,2026-06-17 22:58:31.200639,Pro_Monthly,Monthly,79.0,Canada,Paid Social
CNV_005132,USR_007176,SES_00192419,2026-06-17 23:05:26.886768,Pro_Monthly,Monthly,79.0,Germany,Organic Search
CNV_003336,USR_000089,SES_00124258,2026-06-17 23:07:29.322802,Pro_Annual,Annual,790.0,United Kingdom,Direct
CNV_004248,USR_016868,SES_00159155,2026-06-18 00:54:47.586895,Starter_Monthly,Monthly,29.0,United Kingdom,Paid Social
CNV_005154,USR_026975,SES_00193307,2026-06-18 00:56:22.747385,Starter_Monthly,Monthly,29.0,India,Organic Search
CNV_004747,USR_031434,SES_00177928,2026-06-18 01:11:35.159196,Starter_Monthly,Monthly,29.0,United Kingdom,Organic Search
CNV_003439,USR_030910,SES_00128255,2026-06-18 01:27:17.449429,Pro_Monthly,Monthly,79.0,Australia,Organic Search
CNV_004274,USR_008595,SES_00159954,2026-06-18 04:31:27.262537,Starter_Monthly,Monthly,29.0,United States,Paid Social
CNV_005141,USR_030878,SES_00192777,2026-06-18 04:40:36.668087,Starter_Annual,Annual,290.0,Canada,Organic Search
CNV_003836,USR_015433,SES_00143577,2026-06-18 05:04:33.483883,Starter_Annual,Annual,290.0,France,Direct
CNV_004907,USR_000416,SES_00183576,2026-06-18 05:13:48.973341,Starter_Monthly,Monthly,29.0,United States,Direct
CNV_004942,USR_030112,SES_00184930,2026-06-18 07:07:18.909838,Starter_Monthly,Monthly,29.0,Germany,Organic Search
CNV_004588,USR_027351,SES_00172104,2026-06-18 08:39:55.389833,Pro_Monthly,Monthly,79.0,India,Referral
CNV_002892,USR_017910,SES_00106927,2026-06-18 11:20:01.197135,Starter_Monthly,Monthly,29.0,Germany,Product Hunt
CNV_002268,USR_018660,SES_00083552,2026-06-18 12:05:10.939160,Enterprise,Custom,1999.0,United Kingdom,Direct
CNV_002831,USR_013373,SES_00104644,2026-06-18 13:00:07.713758,Starter_Annual,Annual,290.0,United Kingdom,Organic Search
CNV_004517,USR_009140,SES_00169648,2026-06-18 13:34:12.474363,Starter_Monthly,Monthly,29.0,India,Organic Search
CNV_005059,USR_012813,SES_00189093,2026-06-18 13:51:14.807041,Starter_Annual,Annual,290.0,United States,Paid Social
CNV_004863,USR_027660,SES_00181983,2026-06-18 14:14:58.882344,Starter_Monthly,Monthly,29.0,France,Organic Search
CNV_003441,USR_024111,SES_00128328,2026-06-18 17:54:17.796558,Pro_Annual,Annual,790.0,United States,Paid Social
CNV_004762,USR_005822,SES_00178453,2026-06-18 18:11:57.264625,Pro_Monthly,Monthly,79.0,Germany,Product Hunt
CNV_003814,USR_012150,SES_00142821,2026-06-18 18:16:02.660245,Pro_Monthly,Monthly,79.0,United States,Paid Social
CNV_005036,USR_022823,SES_00188276,2026-06-18 18:23:23.696201,Pro_Monthly,Monthly,79.0,Germany,Direct
CNV_002796,USR_003544,SES_00103368,2026-06-18 20:02:38.920588,Starter_Annual,Annual,290.0,United States,Paid Social
CNV_004622,USR_003587,SES_00173181,2026-06-18 20:33:31.137475,Starter_Monthly,Monthly,29.0,United States,Organic Search
CNV_003763,USR_020018,SES_00141159,2026-06-18 20:33:58.958129,Pro_Monthly,Monthly,79.0,United States,Organic Search
CNV_004308,USR_020448,SES_00161348,2026-06-18 21:42:33.615812,Starter_Annual,Annual,290.0,Germany,Product Hunt
CNV_004015,USR_004797,SES_00150211,2026-06-18 22:20:30.822908,Pro_Monthly,Monthly,79.0,United States,Paid Social
CNV_004232,USR_024682,SES_00158545,2026-06-18 23:58:08.006390,Pro_Monthly,Monthly,79.0,United States,Paid Social
CNV_002814,USR_027836,SES_00103955,2026-06-19 00:24:43.584638,Starter_Monthly,Monthly,29.0,United States,Direct
CNV_004169,USR_019387,SES_00156130,2026-06-19 00:28:11.825619,Starter_Monthly,Monthly,29.0,Germany,Organic Search
CNV_004883,USR_013471,SES_00182724,2026-06-19 00:44:01.065783,Starter_Monthly,Monthly,29.0,United States,Organic Search
CNV_004827,USR_026108,SES_00180799,2026-06-19 00:45:01.758131,Starter_Monthly,Monthly,29.0,United States,Organic Search
CNV_002774,USR_004260,SES_00102591,2026-06-19 01:22:55.108052,Starter_Monthly,Monthly,29.0,United States,Direct
CNV_004755,USR_019407,SES_00178213,2026-06-19 02:12:03.162312,Starter_Monthly,Monthly,29.0,Germany,Organic Search
CNV_003385,USR_007371,SES_00125951,2026-06-19 02:22:28.442770,Pro_Monthly,Monthly,79.0,Germany,Paid Social
CNV_004126,USR_010805,SES_00154377,2026-06-19 02:29:24.898952,Starter_Monthly,Monthly,29.0,United States,Direct
CNV_003291,USR_008575,SES_00122366,2026-06-19 02:38:19.776883,Starter_Monthly,Monthly,29.0,United States,Direct
CNV_003060,USR_032020,SES_00113014,2026-06-19 02:39:24.076659,Starter_Annual,Annual,290.0,United States,Direct
CNV_004249,USR_030502,SES_00159165,2026-06-19 02:46:57.832682,Starter_Monthly,Monthly,29.0,Germany,Direct
CNV_003984,USR_014244,SES_00149005,2026-06-19 03:15:02.872489,Starter_Monthly,Monthly,29.0,United States,Referral
CNV_003640,USR_023419,SES_00135530,2026-06-19 05:36:10.077874,Starter_Monthly,Monthly,29.0,India,Direct
CNV_003894,USR_006180,SES_00145716,2026-06-19 05:37:28.102240,Pro_Annual,Annual,790.0,Germany,Organic Search
CNV_003679,USR_006632,SES_00137472,2026-06-19 06:12:23.452843,Pro_Monthly,Monthly,79.0,Australia,Direct
CNV_004906,USR_028885,SES_00183555,2026-06-19 06:35:36.588536,Pro_Monthly,Monthly,79.0,United Kingdom,Email Campaign
CNV_005166,USR_015718,SES_00193525,2026-06-19 09:06:59.426208,Starter_Monthly,Monthly,29.0,Canada,Organic Search
CNV_003135,USR_002577,SES_00116246,2026-06-19 09:14:09.862425,Pro_Monthly,Monthly,79.0,United States,Direct
CNV_005136,USR_026037,SES_00192584,2026-06-19 09:16:32.853240,Pro_Annual,Annual,790.0,United States,Email Campaign
CNV_002547,USR_000882,SES_00093802,2026-06-19 09:44:14.968455,Pro_Monthly,Monthly,79.0,France,Direct
CNV_002412,USR_028244,SES_00088794,2026-06-19 10:11:52.191463,Pro_Monthly,Monthly,79.0,United States,Organic Search
CNV_003471,USR_008690,SES_00129318,2026-06-19 10:21:12.852719,Pro_Monthly,Monthly,79.0,Canada,Direct
CNV_004931,USR_022059,SES_00184508,2026-06-19 10:30:52.623515,Pro_Monthly,Monthly,79.0,Canada,Organic Search
CNV_003977,USR_008217,SES_00148759,2026-06-19 11:18:33.353912,Pro_Monthly,Monthly,79.0,United States,Product Hunt
CNV_001038,USR_028201,SES_00039131,2026-06-19 11:41:58.478693,Starter_Annual,Annual,290.0,United Kingdom,Direct
CNV_005102,USR_018258,SES_00190941,2026-06-19 13:38:12.793984,Pro_Annual,Annual,790.0,United States,Organic Search
CNV_004377,USR_007928,SES_00164411,2026-06-19 14:45:54.276940,Starter_Monthly,Monthly,29.0,Canada,Product Hunt
CNV_004500,USR_025871,SES_00168805,2026-06-19 16:36:20.465839,Starter_Annual,Annual,290.0,United States,Email Campaign
CNV_004729,USR_019760,SES_00177313,2026-06-19 17:34:04.955507,Starter_Monthly,Monthly,29.0,India,Direct
CNV_004096,USR_014408,SES_00153054,2026-06-19 18:38:03.102288,Starter_Monthly,Monthly,29.0,India,Organic Search
CNV_005077,USR_003281,SES_00189773,2026-06-19 20:33:03.262646,Starter_Annual,Annual,290.0,United States,Organic Search
CNV_003433,USR_022302,SES_00127968,2026-06-19 21:25:21.030893,Pro_Monthly,Monthly,79.0,United States,Referral
CNV_004501,USR_013158,SES_00168835,2026-06-19 21:25:58.011785,Pro_Monthly,Monthly,79.0,United States,Email Campaign
CNV_004823,USR_021906,SES_00180692,2026-06-19 22:18:08.515473,Pro_Annual,Annual,790.0,Germany,Direct
CNV_004158,USR_013263,SES_00155586,2026-06-19 22:46:54.634727,Starter_Monthly,Monthly,29.0,Canada,Paid Social
CNV_004677,USR_000781,SES_00175283,2026-06-19 22:51:59.660473,Enterprise,Custom,1999.0,United States,Referral
CNV_004435,USR_007112,SES_00166525,2026-06-19 23:20:50.806830,Starter_Monthly,Monthly,29.0,Germany,Direct
CNV_005087,USR_034750,SES_00190133,2026-06-20 00:56:01.084423,Pro_Monthly,Monthly,79.0,Canada,Organic Search
CNV_004306,USR_010307,SES_00161237,2026-06-20 01:19:30.509223,Pro_Monthly,Monthly,79.0,Germany,Paid Social
CNV_005062,USR_000712,SES_00189220,2026-06-20 01:29:04.787035,Starter_Annual,Annual,290.0,United Kingdom,Paid Social
CNV_005080,USR_004487,SES_00189881,2026-06-20 01:50:07.892389,Pro_Monthly,Monthly,79.0,France,Paid Social
CNV_004061,USR_012613,SES_00151820,2026-06-20 04:16:52.035528,Pro_Monthly,Monthly,79.0,United States,Email Campaign
CNV_004266,USR_029664,SES_00159728,2026-06-20 04:17:27.622089,Pro_Annual,Annual,790.0,France,Direct
CNV_004538,USR_030581,SES_00170154,2026-06-20 04:38:47.511949,Starter_Annual,Annual,290.0,United States,Organic Search
CNV_005253,USR_011503,SES_00195963,2026-06-20 04:43:34.057088,Starter_Annual,Annual,290.0,Canada,Email Campaign
CNV_003502,USR_008383,SES_00130429,2026-06-20 06:04:00.469675,Starter_Monthly,Monthly,29.0,United Kingdom,Organic Search
CNV_005043,USR_022616,SES_00188531,2026-06-20 06:24:18.646446,Starter_Monthly,Monthly,29.0,India,Paid Social
CNV_004003,USR_006152,SES_00149708,2026-06-20 06:53:34.738068,Pro_Annual,Annual,790.0,Canada,Product Hunt
CNV_004192,USR_026761,SES_00157008,2026-06-20 07:33:29.362735,Starter_Annual,Annual,290.0,United States,Direct
CNV_004018,USR_012330,SES_00150274,2026-06-20 08:26:39.481232,Starter_Monthly,Monthly,29.0,United States,Direct
CNV_004971,USR_024356,SES_00185930,2026-06-20 08:56:50.473176,Pro_Monthly,Monthly,79.0,India,Referral
CNV_003136,USR_008524,SES_00116256,2026-06-20 11:22:19.646550,Starter_Monthly,Monthly,29.0,United States,Organic Search
CNV_004361,USR_004792,SES_00163682,2026-06-20 11:29:35.616041,Starter_Annual,Annual,290.0,India,Organic Search
CNV_003189,USR_000167,SES_00118665,2026-06-20 11:30:10.974491,Pro_Monthly,Monthly,79.0,Germany,Direct
CNV_002435,USR_021461,SES_00089594,2026-06-20 11:43:13.990991,Pro_Monthly,Monthly,79.0,Australia,Organic Search
CNV_004211,USR_000403,SES_00157731,2026-06-20 12:34:02.562605,Starter_Annual,Annual,290.0,Canada,Paid Social
CNV_002671,USR_032731,SES_00099051,2026-06-20 17:03:27.402820,Enterprise,Custom,1999.0,United States,Paid Social
CNV_005076,USR_001462,SES_00189747,2026-06-20 17:38:18.387234,Pro_Monthly,Monthly,79.0,United States,Paid Social
CNV_004424,USR_010921,SES_00166124,2026-06-20 18:50:29.676478,Pro_Monthly,Monthly,79.0,United States,Organic Search
CNV_003920,USR_013121,SES_00146489,2026-06-20 18:58:50.310122,Pro_Monthly,Monthly,79.0,United States,Paid Social
CNV_004724,USR_010146,SES_00177088,2026-06-20 18:59:17.103127,Pro_Monthly,Monthly,79.0,United States,Organic Search
CNV_005206,USR_003206,SES_00194626,2026-06-20 19:22:38.840992,Pro_Monthly,Monthly,79.0,United States,Paid Social
CNV_004145,USR_018081,SES_00155025,2026-06-20 19:30:17.506891,Starter_Monthly,Monthly,29.0,Australia,Paid Social
CNV_004436,USR_017425,SES_00166545,2026-06-20 20:30:42.929785,Starter_Monthly,Monthly,29.0,United Kingdom,Organic Search
CNV_004901,USR_020615,SES_00183383,2026-06-20 21:30:14.735967,Starter_Monthly,Monthly,29.0,India,Organic Search
CNV_004646,USR_023988,SES_00174001,2026-06-20 21:40:10.436432,Starter_Annual,Annual,290.0,India,Organic Search
CNV_005090,USR_001678,SES_00190282,2026-06-20 22:33:40.562262,Pro_Monthly,Monthly,79.0,United Kingdom,Direct
CNV_003622,USR_026370,SES_00134921,2026-06-20 22:40:36.214644,Starter_Monthly,Monthly,29.0,Australia,Direct
CNV_003807,USR_009391,SES_00142521,2026-06-21 00:47:26.953625,Starter_Monthly,Monthly,29.0,Germany,Email Campaign
CNV_004092,USR_003839,SES_00152944,2026-06-21 02:21:02.791436,Pro_Annual,Annual,790.0,United States,Email Campaign
CNV_002794,USR_028561,SES_00103341,2026-06-21 02:27:51.954015,Pro_Monthly,Monthly,79.0,Australia,Direct
CNV_002995,USR_019586,SES_00110553,2026-06-21 03:25:26.319371,Starter_Monthly,Monthly,29.0,United States,Referral
CNV_004246,USR_022415,SES_00159110,2026-06-21 03:32:31.889320,Starter_Monthly,Monthly,29.0,United States,Direct
CNV_003850,USR_028838,SES_00144102,2026-06-21 05:34:30.944216,Starter_Monthly,Monthly,29.0,India,Paid Social
CNV_003528,USR_020224,SES_00131598,2026-06-21 06:08:27.663087,Starter_Monthly,Monthly,29.0,United States,Organic Search
CNV_003802,USR_002410,SES_00142408,2026-06-21 06:21:34.781637,Starter_Monthly,Monthly,29.0,Canada,Organic Search
CNV_004789,USR_009385,SES_00179457,2026-06-21 06:33:58.393765,Starter_Annual,Annual,290.0,United Kingdom,Paid Social
CNV_005230,USR_009887,SES_00195379,2026-06-21 07:06:22.638938,Starter_Monthly,Monthly,29.0,United States,Organic Search
CNV_005193,USR_015159,SES_00194174,2026-06-21 07:07:43.014784,Starter_Monthly,Monthly,29.0,Germany,Referral
CNV_003689,USR_017994,SES_00137907,2026-06-21 07:38:32.337940,Pro_Monthly,Monthly,79.0,United States,Email Campaign
CNV_004057,USR_026682,SES_00151687,2026-06-21 08:21:38.175325,Starter_Monthly,Monthly,29.0,Germany,Paid Social
CNV_002987,USR_030312,SES_00110352,2026-06-21 09:14:37.881401,Starter_Monthly,Monthly,29.0,Canada,Referral
CNV_000898,USR_014575,SES_00034406,2026-06-21 11:59:05.523382,Starter_Monthly,Monthly,29.0,United Kingdom,Product Hunt
CNV_004924,USR_015652,SES_00184171,2026-06-21 12:44:41.810232,Starter_Monthly,Monthly,29.0,Australia,Paid Social
CNV_003853,USR_024699,SES_00144219,2026-06-21 13:26:15.877758,Starter_Monthly,Monthly,29.0,Canada,Referral
CNV_004427,USR_007277,SES_00166190,2026-06-21 14:01:08.215441,Pro_Monthly,Monthly,79.0,United States,Referral
CNV_004260,USR_011300,SES_00159547,2026-06-21 14:44:32.177325,Starter_Monthly,Monthly,29.0,United States,Referral
CNV_004878,USR_006000,SES_00182518,2026-06-21 14:48:35.035490,Starter_Monthly,Monthly,29.0,United States,Organic Search
CNV_004922,USR_023829,SES_00184043,2026-06-21 16:13:39.977559,Starter_Monthly,Monthly,29.0,India,Organic Search
CNV_003659,USR_022851,SES_00136575,2026-06-21 16:40:10.470229,Starter_Annual,Annual,290.0,Canada,Organic Search
CNV_003373,USR_034130,SES_00125491,2026-06-21 18:41:44.377692,Starter_Monthly,Monthly,29.0,Canada,Organic Search
CNV_004269,USR_031811,SES_00159807,2026-06-21 19:09:15.851277,Starter_Annual,Annual,290.0,India,Referral
CNV_005278,USR_016901,SES_00196787,2026-06-21 19:20:49.387762,Starter_Annual,Annual,290.0,Canada,Product Hunt
CNV_005290,USR_019520,SES_00197195,2026-06-21 19:33:21.956757,Pro_Monthly,Monthly,79.0,United States,Paid Social
CNV_004781,USR_012963,SES_00179094,2026-06-21 19:46:46.911786,Pro_Monthly,Monthly,79.0,United States,Organic Search
CNV_004089,USR_007910,SES_00152846,2026-06-21 20:28:14.928529,Starter_Monthly,Monthly,29.0,Canada,Direct
CNV_004082,USR_011226,SES_00152500,2026-06-21 22:46:14.357386,Pro_Annual,Annual,790.0,United Kingdom,Paid Social
CNV_002168,USR_022635,SES_00079922,2026-06-21 23:59:11.147120,Starter_Monthly,Monthly,29.0,Canada,Paid Social
CNV_004238,USR_004339,SES_00158764,2026-06-22 00:36:45.335596,Enterprise,Custom,1999.0,United Kingdom,Direct
CNV_002829,USR_015835,SES_00104580,2026-06-22 01:12:19.345691,Starter_Monthly,Monthly,29.0,United Kingdom,Paid Social
CNV_005208,USR_009865,SES_00194687,2026-06-22 01:12:23.604274,Pro_Monthly,Monthly,79.0,Germany,Organic Search
CNV_004666,USR_027572,SES_00174771,2026-06-22 01:26:53.799276,Starter_Monthly,Monthly,29.0,United Kingdom,Referral
CNV_005083,USR_033843,SES_00190026,2026-06-22 03:18:39.821403,Pro_Monthly,Monthly,79.0,Germany,Organic Search
CNV_004828,USR_021448,SES_00180868,2026-06-22 05:35:05.590081,Pro_Annual,Annual,790.0,France,Paid Social
CNV_005151,USR_024825,SES_00193057,2026-06-22 06:03:35.801239,Starter_Monthly,Monthly,29.0,United States,Direct
CNV_003758,USR_023263,SES_00140952,2026-06-22 06:46:18.280801,Starter_Monthly,Monthly,29.0,Germany,Organic Search
CNV_004242,USR_002893,SES_00158934,2026-06-22 06:49:31.859781,Starter_Annual,Annual,290.0,United States,Organic Search
CNV_005172,USR_028117,SES_00193643,2026-06-22 07:55:07.095068,Starter_Monthly,Monthly,29.0,Germany,Organic Search
CNV_004531,USR_026513,SES_00169905,2026-06-22 08:43:26.011093,Starter_Monthly,Monthly,29.0,United Kingdom,Referral
CNV_003375,USR_025610,SES_00125573,2026-06-22 09:34:21.661422,Starter_Annual,Annual,290.0,United States,Paid Social
CNV_003149,USR_025589,SES_00116933,2026-06-22 11:25:32.945347,Pro_Annual,Annual,790.0,India,Organic Search
CNV_003194,USR_010473,SES_00118878,2026-06-22 15:50:17.781920,Pro_Monthly,Monthly,79.0,United States,Paid Social
CNV_004732,USR_001254,SES_00177407,2026-06-22 16:24:34.995351,Starter_Monthly,Monthly,29.0,Australia,Paid Social
CNV_002991,USR_030886,SES_00110431,2026-06-22 16:30:11.851091,Pro_Monthly,Monthly,79.0,Germany,Organic Search
CNV_004719,USR_028452,SES_00176892,2026-06-22 16:56:05.130577,Starter_Monthly,Monthly,29.0,United States,Organic Search
CNV_003759,USR_029408,SES_00140982,2026-06-22 17:43:37.442051,Starter_Monthly,Monthly,29.0,United States,Direct
CNV_003873,USR_025771,SES_00144871,2026-06-22 18:28:14.540034,Pro_Monthly,Monthly,79.0,United States,Paid Social
CNV_004023,USR_022186,SES_00150476,2026-06-22 18:56:40.336029,Starter_Monthly,Monthly,29.0,United Kingdom,Email Campaign
CNV_003600,USR_032417,SES_00134102,2026-06-22 19:55:29.693660,Starter_Annual,Annual,290.0,United States,Paid Social
CNV_004444,USR_003177,SES_00166871,2026-06-22 19:57:50.303138,Starter_Annual,Annual,290.0,Canada,Organic Search
CNV_005002,USR_005040,SES_00187098,2026-06-22 20:36:07.329090,Pro_Monthly,Monthly,79.0,United States,Referral
CNV_005117,USR_002176,SES_00191460,2026-06-22 20:38:06.616743,Pro_Monthly,Monthly,79.0,India,Paid Social
CNV_004639,USR_028319,SES_00173690,2026-06-22 20:46:33.225736,Starter_Annual,Annual,290.0,India,Email Campaign
CNV_004414,USR_018345,SES_00165822,2026-06-22 22:07:16.278269,Starter_Annual,Annual,290.0,United States,Organic Search
CNV_005124,USR_003010,SES_00192028,2026-06-22 22:07:39.425179,Pro_Monthly,Monthly,79.0,United States,Organic Search
CNV_004017,USR_009030,SES_00150272,2026-06-22 22:52:41.620934,Starter_Monthly,Monthly,29.0,United Kingdom,Referral
CNV_004671,USR_032890,SES_00174999,2026-06-23 00:25:43.357918,Starter_Monthly,Monthly,29.0,Australia,Direct
CNV_005037,USR_020050,SES_00188319,2026-06-23 01:25:19.027475,Starter_Monthly,Monthly,29.0,Germany,Paid Social
CNV_005060,USR_007590,SES_00189164,2026-06-23 02:55:15.223797,Pro_Monthly,Monthly,79.0,Germany,Direct
CNV_005279,USR_002929,SES_00196818,2026-06-23 03:02:07.013392,Starter_Monthly,Monthly,29.0,Germany,Direct
CNV_004963,USR_020026,SES_00185629,2026-06-23 03:44:36.266892,Pro_Monthly,Monthly,79.0,United States,Direct
CNV_002625,USR_016251,SES_00097005,2026-06-23 03:58:15.396653,Pro_Monthly,Monthly,79.0,United States,Referral
CNV_002538,USR_013559,SES_00093420,2026-06-23 06:30:19.632934,Starter_Annual,Annual,290.0,United Kingdom,Organic Search
CNV_005285,USR_019217,SES_00197032,2026-06-23 07:41:31.480814,Pro_Monthly,Monthly,79.0,Canada,Paid Social
CNV_004849,USR_010059,SES_00181593,2026-06-23 08:37:05.777384,Pro_Monthly,Monthly,79.0,India,Email Campaign
CNV_004959,USR_027184,SES_00185517,2026-06-23 08:40:58.904991,Starter_Monthly,Monthly,29.0,Germany,Email Campaign
CNV_004846,USR_008228,SES_00181542,2026-06-23 08:42:52.744286,Pro_Monthly,Monthly,79.0,United States,Organic Search
CNV_004556,USR_007286,SES_00170883,2026-06-23 08:52:01.718628,Enterprise,Custom,1999.0,United Kingdom,Organic Search
CNV_004413,USR_024956,SES_00165784,2026-06-23 08:58:10.516643,Starter_Annual,Annual,290.0,United States,Paid Social
CNV_004741,USR_019752,SES_00177735,2026-06-23 09:32:21.328914,Pro_Monthly,Monthly,79.0,India,Referral
CNV_004053,USR_007500,SES_00151418,2026-06-23 09:56:44.608369,Pro_Annual,Annual,790.0,United States,Product Hunt
CNV_005201,USR_008075,SES_00194464,2026-06-23 10:44:29.739509,Enterprise,Custom,1999.0,United Kingdom,Organic Search
CNV_005225,USR_026556,SES_00195203,2026-06-23 10:48:43.642779,Starter_Annual,Annual,290.0,United States,Referral
CNV_005229,USR_013857,SES_00195357,2026-06-23 10:53:05.510395,Pro_Monthly,Monthly,79.0,United States,Paid Social
CNV_004271,USR_001347,SES_00159844,2026-06-23 10:55:45.420023,Starter_Annual,Annual,290.0,India,Organic Search
CNV_005177,USR_018126,SES_00193743,2026-06-23 11:38:28.516379,Pro_Monthly,Monthly,79.0,United States,Organic Search
CNV_004633,USR_024186,SES_00173566,2026-06-23 12:51:05.008042,Starter_Monthly,Monthly,29.0,United States,Direct
CNV_005276,USR_004755,SES_00196677,2026-06-23 13:15:13.447818,Pro_Annual,Annual,790.0,United States,Paid Social
CNV_003828,USR_004494,SES_00143244,2026-06-23 13:49:46.566712,Pro_Annual,Annual,790.0,United Kingdom,Paid Social
CNV_004537,USR_007267,SES_00170144,2026-06-23 14:10:23.402232,Pro_Monthly,Monthly,79.0,United Kingdom,Paid Social
CNV_002758,USR_007421,SES_00101976,2026-06-23 14:11:39.030425,Pro_Monthly,Monthly,79.0,United States,Direct
CNV_004594,USR_004889,SES_00172306,2026-06-23 14:12:18.892238,Pro_Annual,Annual,790.0,Australia,Direct
CNV_004866,USR_021116,SES_00182073,2026-06-23 14:41:36.005335,Starter_Monthly,Monthly,29.0,United States,Organic Search
CNV_004489,USR_025667,SES_00168385,2026-06-23 15:05:32.942929,Starter_Monthly,Monthly,29.0,United States,Organic Search
CNV_004210,USR_015080,SES_00157694,2026-06-23 18:00:07.362040,Starter_Monthly,Monthly,29.0,United States,Direct
CNV_004369,USR_024868,SES_00164091,2026-06-23 18:47:06.828222,Pro_Monthly,Monthly,79.0,United States,Paid Social
CNV_005281,USR_012038,SES_00196914,2026-06-23 20:34:06.323459,Starter_Monthly,Monthly,29.0,United Kingdom,Paid Social
CNV_004116,USR_022655,SES_00153992,2026-06-23 20:49:51.374302,Pro_Annual,Annual,790.0,Australia,Direct
CNV_004532,USR_023213,SES_00170026,2026-06-23 21:17:04.631436,Starter_Annual,Annual,290.0,Germany,Referral
CNV_004608,USR_003305,SES_00172872,2026-06-23 22:18:08.247520,Starter_Monthly,Monthly,29.0,United States,Paid Social
CNV_003116,USR_008120,SES_00115496,2026-06-23 23:18:16.114230,Starter_Monthly,Monthly,29.0,Canada,Direct
CNV_004821,USR_028379,SES_00180534,2026-06-23 23:27:25.014025,Starter_Monthly,Monthly,29.0,United States,Organic Search
CNV_004692,USR_008986,SES_00175828,2026-06-24 01:01:00.346883,Starter_Monthly,Monthly,29.0,United Kingdom,Organic Search
CNV_005157,USR_011860,SES_00193355,2026-06-24 01:12:09.528751,Pro_Monthly,Monthly,79.0,United States,Organic Search
CNV_005234,USR_010707,SES_00195480,2026-06-24 01:58:12.164463,Starter_Monthly,Monthly,29.0,Canada,Referral
CNV_004688,USR_009776,SES_00175704,2026-06-24 03:02:40.374511,Starter_Monthly,Monthly,29.0,United States,Direct
CNV_004001,USR_013436,SES_00149680,2026-06-24 03:29:52.062500,Pro_Monthly,Monthly,79.0,United Kingdom,Referral
CNV_004728,USR_000364,SES_00177268,2026-06-24 04:13:35.581701,Starter_Monthly,Monthly,29.0,United States,Paid Social
CNV_004635,USR_016758,SES_00173597,2026-06-24 08:06:07.116453,Pro_Monthly,Monthly,79.0,United States,Organic Search
CNV_004769,USR_004037,SES_00178716,2026-06-24 08:22:20.244222,Starter_Annual,Annual,290.0,United States,Direct
CNV_005075,USR_006688,SES_00189678,2026-06-24 09:06:07.014961,Starter_Monthly,Monthly,29.0,United States,Organic Search
CNV_004179,USR_025036,SES_00156524,2026-06-24 09:45:35.776038,Enterprise,Custom,1999.0,United States,Referral
CNV_004820,USR_015633,SES_00180511,2026-06-24 10:09:11.703495,Starter_Monthly,Monthly,29.0,India,Organic Search
CNV_004663,USR_018139,SES_00174698,2026-06-24 11:01:46.861150,Starter_Monthly,Monthly,29.0,Australia,Product Hunt
CNV_005091,USR_019809,SES_00190315,2026-06-24 12:07:50.459394,Starter_Monthly,Monthly,29.0,United States,Organic Search
CNV_005126,USR_022845,SES_00192098,2026-06-24 12:40:56.395282,Starter_Monthly,Monthly,29.0,Canada,Paid Social
CNV_004725,USR_007057,SES_00177195,2026-06-24 13:34:29.356603,Starter_Monthly,Monthly,29.0,Australia,Organic Search
CNV_005165,USR_027208,SES_00193504,2026-06-24 13:42:53.331262,Starter_Monthly,Monthly,29.0,India,Direct
CNV_004935,USR_003819,SES_00184618,2026-06-24 13:50:28.986615,Pro_Monthly,Monthly,79.0,United States,Paid Social
CNV_004933,USR_000835,SES_00184603,2026-06-24 15:00:14.470572,Starter_Monthly,Monthly,29.0,Germany,Paid Social
CNV_004642,USR_029544,SES_00173761,2026-06-24 15:40:45.554541,Starter_Monthly,Monthly,29.0,United States,Referral
CNV_003743,USR_015044,SES_00140230,2026-06-24 16:17:59.567579,Starter_Monthly,Monthly,29.0,France,Paid Social
CNV_004685,USR_027780,SES_00175560,2026-06-24 17:21:03.118417,Pro_Monthly,Monthly,79.0,Australia,Email Campaign
CNV_004105,USR_018454,SES_00153375,2026-06-24 18:16:36.531196,Starter_Monthly,Monthly,29.0,Canada,Email Campaign
CNV_004988,USR_026550,SES_00186611,2026-06-24 19:00:55.552090,Starter_Annual,Annual,290.0,United States,Paid Social
CNV_004928,USR_000898,SES_00184337,2026-06-24 19:46:17.705137,Pro_Monthly,Monthly,79.0,United States,Paid Social
CNV_005261,USR_010902,SES_00196333,2026-06-24 20:10:44.240703,Starter_Monthly,Monthly,29.0,United Kingdom,Organic Search
CNV_002854,USR_000843,SES_00105570,2026-06-24 20:31:39.137832,Pro_Annual,Annual,790.0,Canada,Paid Social
CNV_004617,USR_009491,SES_00173085,2026-06-24 21:17:35.623944,Starter_Monthly,Monthly,29.0,United States,Direct
CNV_003575,USR_025908,SES_00133227,2026-06-24 21:20:27.464712,Pro_Annual,Annual,790.0,United Kingdom,Paid Social
CNV_004245,USR_021515,SES_00159080,2026-06-24 21:46:35.474435,Starter_Monthly,Monthly,29.0,Canada,Email Campaign
CNV_004534,USR_019939,SES_00170070,2026-06-24 21:51:31.666460,Starter_Monthly,Monthly,29.0,India,Product Hunt
CNV_005052,USR_030107,SES_00188863,2026-06-24 21:52:08.373742,Starter_Annual,Annual,290.0,United States,Direct
CNV_005189,USR_003852,SES_00194117,2026-06-24 23:22:22.326193,Pro_Monthly,Monthly,79.0,Australia,Direct
CNV_003492,USR_017674,SES_00130110,2026-06-25 00:17:09.179751,Pro_Monthly,Monthly,79.0,India,Organic Search
CNV_002633,USR_027376,SES_00097546,2026-06-25 00:35:15.047590,Starter_Monthly,Monthly,29.0,Germany,Paid Social
CNV_005163,USR_000564,SES_00193452,2026-06-25 01:11:31.036162,Pro_Monthly,Monthly,79.0,United Kingdom,Direct
CNV_003523,USR_030629,SES_00131361,2026-06-25 01:15:31.566233,Starter_Monthly,Monthly,29.0,Germany,Direct
CNV_003975,USR_025304,SES_00148717,2026-06-25 01:19:43.338388,Starter_Monthly,Monthly,29.0,Canada,Direct
CNV_005035,USR_011737,SES_00188196,2026-06-25 01:46:27.622987,Pro_Monthly,Monthly,79.0,India,Referral
CNV_005341,USR_010990,SES_00199088,2026-06-25 03:30:26.539069,Pro_Annual,Annual,790.0,United States,Referral
CNV_004761,USR_020279,SES_00178442,2026-06-25 03:47:13.885951,Pro_Monthly,Monthly,79.0,United Kingdom,Direct
CNV_005294,USR_012204,SES_00197373,2026-06-25 04:17:42.679278,Starter_Monthly,Monthly,29.0,Australia,Organic Search
CNV_004161,USR_024481,SES_00155677,2026-06-25 04:28:22.171763,Starter_Monthly,Monthly,29.0,United States,Paid Social
CNV_004626,USR_009207,SES_00173348,2026-06-25 05:37:22.714498,Starter_Monthly,Monthly,29.0,Canada,Direct
CNV_003401,USR_001858,SES_00126809,2026-06-25 05:46:54.091893,Starter_Annual,Annual,290.0,United Kingdom,Direct
CNV_003412,USR_020876,SES_00127177,2026-06-25 09:34:43.311626,Pro_Monthly,Monthly,79.0,Canada,Organic Search
CNV_003832,USR_007121,SES_00143366,2026-06-25 09:47:31.385242,Pro_Annual,Annual,790.0,United States,Organic Search
CNV_004864,USR_016794,SES_00182007,2026-06-25 11:19:08.318256,Pro_Annual,Annual,790.0,United States,Organic Search
CNV_004746,USR_012064,SES_00177891,2026-06-25 11:39:57.780237,Pro_Monthly,Monthly,79.0,United States,Paid Social
CNV_004792,USR_001428,SES_00179572,2026-06-25 12:42:37.310312,Pro_Monthly,Monthly,79.0,Australia,Organic Search
CNV_004829,USR_034505,SES_00180892,2026-06-25 12:44:58.866278,Pro_Monthly,Monthly,79.0,United States,Product Hunt
CNV_002172,USR_006480,SES_00080047,2026-06-25 15:11:22.670881,Pro_Monthly,Monthly,79.0,India,Paid Social
CNV_004774,USR_034551,SES_00178939,2026-06-25 16:34:21.851954,Starter_Monthly,Monthly,29.0,Germany,Email Campaign
CNV_003234,USR_009200,SES_00120297,2026-06-25 17:10:11.656413,Starter_Monthly,Monthly,29.0,India,Organic Search
CNV_005242,USR_010150,SES_00195698,2026-06-25 17:54:20.870496,Starter_Annual,Annual,290.0,United States,Product Hunt
CNV_005361,USR_023336,SES_00199876,2026-06-25 19:29:53.213541,Starter_Monthly,Monthly,29.0,Germany,Product Hunt
CNV_004533,USR_017348,SES_00170047,2026-06-25 19:39:44.410072,Pro_Monthly,Monthly,79.0,United States,Email Campaign
CNV_004467,USR_007700,SES_00167686,2026-06-25 20:13:11.867100,Starter_Annual,Annual,290.0,United Kingdom,Referral
CNV_004664,USR_033874,SES_00174709,2026-06-25 20:27:39.270612,Pro_Monthly,Monthly,79.0,India,Organic Search
CNV_004516,USR_028660,SES_00169476,2026-06-25 20:37:44.406180,Starter_Monthly,Monthly,29.0,Germany,Organic Search
CNV_005387,USR_001919,SES_00200939,2026-06-25 20:38:26.271461,Pro_Monthly,Monthly,79.0,United Kingdom,Email Campaign
CNV_003867,USR_009090,SES_00144717,2026-06-25 21:05:07.995342,Pro_Annual,Annual,790.0,United States,Referral
CNV_004932,USR_014558,SES_00184534,2026-06-25 21:06:38.680057,Starter_Monthly,Monthly,29.0,United Kingdom,Organic Search
CNV_004939,USR_016650,SES_00184865,2026-06-25 21:33:09.945719,Pro_Annual,Annual,790.0,United States,Organic Search
CNV_004818,USR_021211,SES_00180477,2026-06-25 21:42:32.068194,Enterprise,Custom,1999.0,United States,Paid Social
CNV_004367,USR_022562,SES_00163876,2026-06-25 22:08:10.107520,Pro_Monthly,Monthly,79.0,France,Direct
CNV_004865,USR_025899,SES_00182035,2026-06-25 22:46:11.957771,Starter_Monthly,Monthly,29.0,Germany,Direct
CNV_003566,USR_001814,SES_00132912,2026-06-26 03:18:48.562237,Pro_Monthly,Monthly,79.0,Germany,Direct
CNV_004974,USR_013701,SES_00185978,2026-06-26 04:03:37.560693,Starter_Monthly,Monthly,29.0,United States,Direct
CNV_004383,USR_006788,SES_00164584,2026-06-26 05:11:11.602517,Starter_Monthly,Monthly,29.0,France,Paid Social
CNV_004355,USR_018828,SES_00163458,2026-06-26 05:57:55.740890,Pro_Monthly,Monthly,79.0,United States,Organic Search
CNV_004775,USR_027001,SES_00178953,2026-06-26 06:05:52.397137,Starter_Monthly,Monthly,29.0,United States,Organic Search
CNV_005158,USR_004196,SES_00193366,2026-06-26 06:33:57.575282,Starter_Monthly,Monthly,29.0,India,Product Hunt
CNV_005410,USR_027171,SES_00201821,2026-06-26 06:35:41.942294,Starter_Monthly,Monthly,29.0,United Kingdom,Direct
CNV_004528,USR_026301,SES_00169871,2026-06-26 06:49:11.081669,Starter_Monthly,Monthly,29.0,United States,Email Campaign
CNV_005277,USR_005322,SES_00196778,2026-06-26 07:31:08.181610,Pro_Monthly,Monthly,79.0,India,Paid Social
CNV_004989,USR_015511,SES_00186618,2026-06-26 07:33:28.346308,Starter_Annual,Annual,290.0,United States,Referral
CNV_005315,USR_019996,SES_00198105,2026-06-26 08:20:30.781347,Starter_Monthly,Monthly,29.0,United States,Organic Search
CNV_005156,USR_015907,SES_00193339,2026-06-26 08:46:40.549005,Starter_Monthly,Monthly,29.0,Germany,Organic Search
CNV_003944,USR_004856,SES_00147293,2026-06-26 09:00:07.018192,Starter_Monthly,Monthly,29.0,United States,Product Hunt
CNV_005263,USR_031539,SES_00196362,2026-06-26 09:03:21.520340,Pro_Monthly,Monthly,79.0,Germany,Paid Social
CNV_004835,USR_018047,SES_00181025,2026-06-26 10:03:40.891590,Starter_Monthly,Monthly,29.0,Australia,Product Hunt
CNV_004960,USR_034825,SES_00185537,2026-06-26 11:21:38.597295,Pro_Monthly,Monthly,79.0,United States,Organic Search
CNV_004753,USR_026423,SES_00178165,2026-06-26 12:04:00.840202,Pro_Monthly,Monthly,79.0,India,Product Hunt
CNV_004992,USR_025552,SES_00186781,2026-06-26 12:08:36.297794,Starter_Monthly,Monthly,29.0,United States,Referral
CNV_004714,USR_006461,SES_00176647,2026-06-26 12:12:50.551420,Starter_Monthly,Monthly,29.0,United Kingdom,Paid Social
CNV_004836,USR_028583,SES_00181066,2026-06-26 12:33:05.187893,Starter_Annual,Annual,290.0,United States,Organic Search
CNV_004404,USR_023789,SES_00165358,2026-06-26 12:35:08.409562,Starter_Monthly,Monthly,29.0,United States,Referral
CNV_004502,USR_016283,SES_00168851,2026-06-26 13:04:34.815459,Starter_Monthly,Monthly,29.0,United Kingdom,Paid Social
CNV_004776,USR_030240,SES_00178980,2026-06-26 13:40:44.076915,Pro_Monthly,Monthly,79.0,United States,Organic Search
CNV_004051,USR_023177,SES_00151314,2026-06-26 13:52:24.178289,Starter_Monthly,Monthly,29.0,France,Direct
CNV_005237,USR_017489,SES_00195572,2026-06-26 14:41:35.330277,Starter_Monthly,Monthly,29.0,United States,Email Campaign
CNV_004083,USR_000362,SES_00152519,2026-06-26 16:44:17.449294,Pro_Monthly,Monthly,79.0,France,Paid Social
CNV_005112,USR_001765,SES_00191300,2026-06-26 18:31:56.106585,Starter_Annual,Annual,290.0,Germany,Organic Search
CNV_004312,USR_017294,SES_00161521,2026-06-26 20:22:24.485232,Starter_Monthly,Monthly,29.0,United States,Organic Search
CNV_004343,USR_009549,SES_00162954,2026-06-26 20:58:44.727746,Pro_Annual,Annual,790.0,Germany,Organic Search
CNV_003995,USR_012020,SES_00149481,2026-06-26 21:10:36.688937,Pro_Monthly,Monthly,79.0,United States,Referral
CNV_004937,USR_000355,SES_00184694,2026-06-26 21:37:10.213345,Starter_Monthly,Monthly,29.0,India,Paid Social
CNV_004703,USR_032621,SES_00176288,2026-06-26 22:34:53.985564,Starter_Monthly,Monthly,29.0,United States,Organic Search
CNV_004016,USR_030438,SES_00150263,2026-06-26 22:39:18.944556,Starter_Monthly,Monthly,29.0,France,Paid Social
CNV_005400,USR_019259,SES_00201579,2026-06-26 22:42:40.012134,Pro_Monthly,Monthly,79.0,India,Direct
CNV_004461,USR_029815,SES_00167504,2026-06-27 01:22:13.268385,Enterprise,Custom,1999.0,United Kingdom,Paid Social
CNV_004962,USR_004247,SES_00185615,2026-06-27 02:12:50.960921,Pro_Monthly,Monthly,79.0,United Kingdom,Paid Social
CNV_005377,USR_029394,SES_00200529,2026-06-27 02:56:08.494727,Pro_Monthly,Monthly,79.0,United States,Referral
CNV_004662,USR_026741,SES_00174669,2026-06-27 03:10:19.439548,Starter_Annual,Annual,290.0,Germany,Email Campaign
CNV_005088,USR_009958,SES_00190161,2026-06-27 05:20:45.489978,Pro_Monthly,Monthly,79.0,Canada,Direct
CNV_005380,USR_021122,SES_00200656,2026-06-27 06:39:06.430266,Starter_Monthly,Monthly,29.0,Canada,Paid Social
CNV_005311,USR_023728,SES_00197949,2026-06-27 07:41:38.140800,Pro_Monthly,Monthly,79.0,Australia,Paid Social
CNV_004643,USR_003260,SES_00173797,2026-06-27 08:43:15.651033,Starter_Annual,Annual,290.0,United States,Direct
CNV_003987,USR_031083,SES_00149087,2026-06-27 12:04:32.197764,Pro_Monthly,Monthly,79.0,United States,Organic Search
CNV_004884,USR_013160,SES_00182768,2026-06-27 12:49:54.865345,Pro_Annual,Annual,790.0,Germany,Organic Search
CNV_005106,USR_025215,SES_00191135,2026-06-27 13:46:14.309636,Starter_Monthly,Monthly,29.0,Australia,Organic Search
CNV_004309,USR_033935,SES_00161378,2026-06-27 14:59:55.336304,Enterprise,Custom,1999.0,Canada,Organic Search
CNV_005048,USR_023991,SES_00188770,2026-06-27 16:17:09.655761,Starter_Monthly,Monthly,29.0,India,Organic Search
CNV_003747,USR_002251,SES_00140460,2026-06-27 17:13:48.600440,Pro_Annual,Annual,790.0,United Kingdom,Organic Search
CNV_005011,USR_034066,SES_00187450,2026-06-27 18:31:22.258683,Starter_Monthly,Monthly,29.0,United States,Paid Social
CNV_004807,USR_006521,SES_00180133,2026-06-27 22:11:34.412195,Pro_Annual,Annual,790.0,United States,Direct
CNV_003791,USR_020842,SES_00142068,2026-06-27 22:28:45.396787,Starter_Annual,Annual,290.0,United Kingdom,Organic Search
CNV_005058,USR_010809,SES_00189057,2026-06-27 22:46:26.507271,Enterprise,Custom,1999.0,United States,Paid Social
CNV_004914,USR_007634,SES_00183781,2026-06-28 02:05:42.021415,Starter_Annual,Annual,290.0,Canada,Organic Search
CNV_003713,USR_012198,SES_00138992,2026-06-28 02:39:57.678732,Enterprise,Custom,1999.0,Australia,Email Campaign
CNV_002323,USR_032363,SES_00085507,2026-06-28 02:57:04.035108,Starter_Monthly,Monthly,29.0,United States,Organic Search
CNV_004198,USR_015811,SES_00157204,2026-06-28 03:11:12.217767,Starter_Monthly,Monthly,29.0,Germany,Email Campaign
CNV_005305,USR_029190,SES_00197724,2026-06-28 05:00:15.327119,Pro_Annual,Annual,790.0,Germany,Direct
CNV_005200,USR_021707,SES_00194431,2026-06-28 05:39:53.614185,Starter_Monthly,Monthly,29.0,India,Paid Social
CNV_005164,USR_029412,SES_00193492,2026-06-28 07:02:55.344343,Starter_Monthly,Monthly,29.0,Germany,Organic Search
CNV_005079,USR_020771,SES_00189806,2026-06-28 08:45:30.498059,Starter_Monthly,Monthly,29.0,United States,Referral
CNV_005394,USR_026689,SES_00201322,2026-06-28 10:16:34.638644,Pro_Monthly,Monthly,79.0,Canada,Organic Search
CNV_005008,USR_005594,SES_00187339,2026-06-28 12:02:35.591583,Pro_Monthly,Monthly,79.0,Germany,Product Hunt
CNV_005064,USR_005923,SES_00189298,2026-06-28 12:15:24.417568,Pro_Monthly,Monthly,79.0,United States,Email Campaign
CNV_005103,USR_032820,SES_00191058,2026-06-28 12:17:06.984186,Starter_Annual,Annual,290.0,Germany,Organic Search
CNV_005069,USR_010580,SES_00189426,2026-06-28 13:13:29.407105,Pro_Monthly,Monthly,79.0,United Kingdom,Organic Search
CNV_003360,USR_007654,SES_00125001,2026-06-28 14:06:57.684998,Starter_Monthly,Monthly,29.0,United Kingdom,Organic Search
CNV_004272,USR_015686,SES_00159886,2026-06-28 14:44:08.101356,Starter_Annual,Annual,290.0,United Kingdom,Referral
CNV_005323,USR_020911,SES_00198454,2026-06-28 14:51:42.870791,Starter_Monthly,Monthly,29.0,United States,Paid Social
CNV_004202,USR_026470,SES_00157348,2026-06-28 15:00:30.571704,Pro_Monthly,Monthly,79.0,Canada,Organic Search
CNV_004981,USR_031422,SES_00186345,2026-06-28 15:13:57.874965,Starter_Monthly,Monthly,29.0,Canada,Direct
CNV_005432,USR_021900,SES_00202574,2026-06-28 16:32:32.003845,Starter_Monthly,Monthly,29.0,United States,Organic Search
CNV_005152,USR_020693,SES_00193142,2026-06-28 19:36:15.058078,Pro_Monthly,Monthly,79.0,United States,Direct
CNV_004913,USR_003252,SES_00183748,2026-06-28 20:04:29.470952,Pro_Monthly,Monthly,79.0,India,Direct
CNV_004737,USR_011787,SES_00177592,2026-06-28 21:56:33.718457,Pro_Annual,Annual,790.0,United States,Referral
CNV_005272,USR_006489,SES_00196563,2026-06-28 22:32:27.624730,Pro_Annual,Annual,790.0,United States,Referral
CNV_005401,USR_002071,SES_00201591,2026-06-28 22:48:23.161938,Starter_Monthly,Monthly,29.0,India,Paid Social
CNV_005271,USR_024161,SES_00196547,2026-06-28 23:42:18.721894,Starter_Monthly,Monthly,29.0,United Kingdom,Referral
CNV_004321,USR_026717,SES_00161929,2026-06-28 23:54:56.214872,Starter_Monthly,Monthly,29.0,Germany,Direct
CNV_005140,USR_025768,SES_00192765,2026-06-29 00:03:17.865837,Starter_Monthly,Monthly,29.0,United Kingdom,Product Hunt
CNV_004425,USR_016194,SES_00166146,2026-06-29 00:15:16.306365,Starter_Monthly,Monthly,29.0,Germany,Organic Search
CNV_002031,USR_006027,SES_00074507,2026-06-29 01:15:58.009760,Pro_Monthly,Monthly,79.0,United States,Referral
CNV_003959,USR_008430,SES_00147964,2026-06-29 02:25:12.610496,Pro_Monthly,Monthly,79.0,United States,Paid Social
CNV_004982,USR_007797,SES_00186396,2026-06-29 02:39:40.711393,Starter_Monthly,Monthly,29.0,United States,Direct
CNV_004857,USR_021899,SES_00181788,2026-06-29 02:59:01.838169,Starter_Monthly,Monthly,29.0,United States,Organic Search
CNV_001081,USR_020680,SES_00040454,2026-06-29 03:19:21.238209,Pro_Monthly,Monthly,79.0,Germany,Referral
CNV_002411,USR_006586,SES_00088782,2026-06-29 03:24:21.235981,Starter_Monthly,Monthly,29.0,United States,Organic Search
CNV_004510,USR_032925,SES_00169202,2026-06-29 03:38:49.702738,Starter_Annual,Annual,290.0,Germany,Direct
CNV_004250,USR_023387,SES_00159209,2026-06-29 05:36:31.038806,Starter_Monthly,Monthly,29.0,Germany,Paid Social
CNV_005020,USR_007779,SES_00187719,2026-06-29 07:24:14.226501,Starter_Monthly,Monthly,29.0,United States,Direct
CNV_004717,USR_031152,SES_00176817,2026-06-29 07:29:33.055406,Pro_Monthly,Monthly,79.0,United States,Paid Social
CNV_003924,USR_022012,SES_00146675,2026-06-29 07:50:53.210872,Starter_Monthly,Monthly,29.0,United States,Direct
CNV_004286,USR_010971,SES_00160504,2026-06-29 08:33:16.654241,Pro_Annual,Annual,790.0,United States,Organic Search
CNV_004825,USR_026170,SES_00180751,2026-06-29 10:03:07.088995,Pro_Annual,Annual,790.0,United States,Organic Search
CNV_005369,USR_013813,SES_00200241,2026-06-29 10:50:08.552448,Pro_Monthly,Monthly,79.0,United Kingdom,Organic Search
CNV_004480,USR_026828,SES_00168111,2026-06-29 11:09:29.455463,Enterprise,Custom,1999.0,Germany,Organic Search
CNV_004230,USR_029670,SES_00158464,2026-06-29 14:12:58.505389,Starter_Monthly,Monthly,29.0,United States,Direct
CNV_004680,USR_029061,SES_00175402,2026-06-29 14:19:17.853935,Starter_Monthly,Monthly,29.0,United States,Product Hunt
CNV_003892,USR_030690,SES_00145626,2026-06-29 14:21:07.928492,Starter_Annual,Annual,290.0,Australia,Organic Search
CNV_005357,USR_015996,SES_00199586,2026-06-29 15:12:40.526025,Starter_Annual,Annual,290.0,United States,Organic Search
CNV_005455,USR_030414,SES_00203266,2026-06-29 15:20:22.888851,Pro_Annual,Annual,790.0,United States,Email Campaign
CNV_004021,USR_032566,SES_00150437,2026-06-29 17:40:42.483427,Pro_Monthly,Monthly,79.0,Germany,Paid Social
CNV_004651,USR_015332,SES_00174268,2026-06-29 17:52:54.744115,Starter_Monthly,Monthly,29.0,United States,Direct
CNV_004334,USR_012607,SES_00162542,2026-06-29 18:08:10.807783,Starter_Monthly,Monthly,29.0,United Kingdom,Email Campaign
CNV_004415,USR_008226,SES_00165840,2026-06-29 18:22:01.805357,Starter_Monthly,Monthly,29.0,United Kingdom,Paid Social
CNV_005160,USR_017752,SES_00193397,2026-06-29 21:05:03.890134,Pro_Monthly,Monthly,79.0,Canada,Organic Search
CNV_005238,USR_009625,SES_00195582,2026-06-29 22:04:04.901546,Pro_Monthly,Monthly,79.0,Germany,Direct
CNV_003930,USR_013488,SES_00146822,2026-06-29 22:20:27.013543,Starter_Monthly,Monthly,29.0,United States,Direct
CNV_005053,USR_020137,SES_00188882,2026-06-30 00:43:03.860470,Starter_Monthly,Monthly,29.0,United States,Paid Social
CNV_004694,USR_000194,SES_00175878,2026-06-30 01:19:15.571939,Starter_Monthly,Monthly,29.0,India,Paid Social
CNV_003688,USR_027537,SES_00137888,2026-06-30 02:16:14.225893,Starter_Annual,Annual,290.0,Australia,Email Campaign
CNV_003801,USR_014226,SES_00142392,2026-06-30 03:09:05.458018,Starter_Monthly,Monthly,29.0,Germany,Referral
CNV_004257,USR_007952,SES_00159471,2026-06-30 03:19:24.518579,Pro_Monthly,Monthly,79.0,Canada,Paid Social
CNV_004392,USR_006742,SES_00164815,2026-06-30 03:32:55.732749,Pro_Annual,Annual,790.0,Australia,Paid Social
CNV_004576,USR_025889,SES_00171672,2026-06-30 03:59:37.372099,Pro_Monthly,Monthly,79.0,United States,Referral
CNV_003067,USR_032267,SES_00113391,2026-06-30 04:15:11.232425,Starter_Monthly,Monthly,29.0,United States,Organic Search
CNV_004410,USR_007052,SES_00165671,2026-06-30 06:01:51.229723,Starter_Annual,Annual,290.0,Germany,Organic Search
CNV_003270,USR_012597,SES_00121777,2026-06-30 06:06:46.619552,Pro_Monthly,Monthly,79.0,Germany,Organic Search
CNV_005026,USR_006619,SES_00187878,2026-06-30 06:48:36.599312,Pro_Annual,Annual,790.0,India,Referral
CNV_004117,USR_021180,SES_00154007,2026-06-30 07:02:24.862842,Pro_Monthly,Monthly,79.0,Canada,Referral
CNV_001115,USR_022362,SES_00041838,2026-06-30 07:50:28.006842,Pro_Monthly,Monthly,79.0,United States,Referral
CNV_001848,USR_030874,SES_00068401,2026-06-30 08:27:09.620875,Starter_Monthly,Monthly,29.0,Canada,Referral
CNV_003457,USR_033046,SES_00128743,2026-06-30 08:41:19.978487,Pro_Monthly,Monthly,79.0,United States,Paid Social
CNV_005134,USR_013732,SES_00192463,2026-06-30 09:10:01.043570,Starter_Monthly,Monthly,29.0,United States,Organic Search
CNV_005476,USR_016724,SES_00204157,2026-06-30 10:08:09.372736,Starter_Annual,Annual,290.0,United Kingdom,Product Hunt
CNV_005328,USR_014971,SES_00198667,2026-06-30 10:20:55.744706,Starter_Monthly,Monthly,29.0,Canada,Paid Social
CNV_005316,USR_003387,SES_00198125,2026-06-30 10:31:11.332545,Starter_Monthly,Monthly,29.0,United States,Organic Search
CNV_005451,USR_026061,SES_00203200,2026-06-30 15:22:09.375215,Pro_Monthly,Monthly,79.0,France,Direct
CNV_005004,USR_001640,SES_00187176,2026-06-30 15:55:43.734684,Pro_Monthly,Monthly,79.0,Canada,Direct
CNV_004925,USR_016593,SES_00184196,2026-06-30 16:51:14.458021,Pro_Monthly,Monthly,79.0,United States,Referral
CNV_005115,USR_012084,SES_00191396,2026-06-30 17:52:58.962051,Pro_Monthly,Monthly,79.0,United Kingdom,Direct
CNV_003530,USR_008823,SES_00131657,2026-06-30 19:10:18.233248,Starter_Monthly,Monthly,29.0,United States,Email Campaign
CNV_005449,USR_029567,SES_00203061,2026-06-30 20:10:20.850824,Starter_Monthly,Monthly,29.0,United Kingdom,Organic Search
CNV_001008,USR_005127,SES_00038116,2026-06-30 20:49:00.347939,Enterprise,Custom,1999.0,United Kingdom,Direct
CNV_005235,USR_026012,SES_00195506,2026-06-30 21:54:33.128183,Pro_Monthly,Monthly,79.0,Canada,Direct
CNV_002517,USR_027149,SES_00092682,2026-06-30 22:09:40.209911,Pro_Monthly,Monthly,79.0,Australia,Paid Social
CNV_004290,USR_032721,SES_00160682,2026-06-30 22:14:12.566945,Pro_Monthly,Monthly,79.0,United States,Direct
CNV_005027,USR_004774,SES_00187883,2026-06-30 23:02:47.072467,Starter_Monthly,Monthly,29.0,United States,Organic Search
CNV_004868,USR_019653,SES_00182210,2026-06-30 23:58:19.859758,Starter_Annual,Annual,290.0,France,Direct
CNV_004088,USR_004063,SES_00152834,2026-07-01 00:12:23.755007,Pro_Monthly,Monthly,79.0,United States,Direct
CNV_003042,USR_029054,SES_00112335,2026-07-01 00:27:10.744910,Pro_Monthly,Monthly,79.0,United States,Direct
CNV_005185,USR_019169,SES_00194023,2026-07-01 01:46:39.257592,Pro_Monthly,Monthly,79.0,Germany,Organic Search
CNV_004760,USR_018981,SES_00178435,2026-07-01 03:04:02.344366,Starter_Annual,Annual,290.0,United States,Organic Search
CNV_005484,USR_015840,SES_00204537,2026-07-01 03:46:13.464401,Starter_Monthly,Monthly,29.0,United States,Direct
CNV_003596,USR_022761,SES_00133988,2026-07-01 04:14:19.752774,Pro_Monthly,Monthly,79.0,United States,Referral
CNV_005426,USR_029813,SES_00202417,2026-07-01 06:07:43.544240,Starter_Monthly,Monthly,29.0,United Kingdom,Organic Search
CNV_005467,USR_015893,SES_00203767,2026-07-01 07:07:07.837129,Starter_Monthly,Monthly,29.0,United States,Paid Social
CNV_005078,USR_018374,SES_00189793,2026-07-01 07:54:43.811066,Starter_Monthly,Monthly,29.0,United States,Email Campaign
CNV_005379,USR_021024,SES_00200608,2026-07-01 08:54:58.094325,Starter_Annual,Annual,290.0,Australia,Referral
CNV_004335,USR_013745,SES_00162605,2026-07-01 09:10:52.175824,Pro_Monthly,Monthly,79.0,Germany,Paid Social
CNV_005168,USR_011772,SES_00193573,2026-07-01 10:00:53.986730,Starter_Monthly,Monthly,29.0,United States,Direct
CNV_005548,USR_018492,SES_00206416,2026-07-01 10:01:55.321108,Pro_Monthly,Monthly,79.0,Germany,Paid Social
CNV_004936,USR_006963,SES_00184633,2026-07-01 10:32:14.376110,Pro_Annual,Annual,790.0,India,Paid Social
CNV_003176,USR_004665,SES_00118057,2026-07-01 10:32:37.279206,Starter_Monthly,Monthly,29.0,United States,Organic Search
CNV_005217,USR_005415,SES_00194914,2026-07-01 10:33:06.401319,Starter_Monthly,Monthly,29.0,France,Paid Social
CNV_005319,USR_006364,SES_00198325,2026-07-01 10:42:54.786756,Starter_Monthly,Monthly,29.0,United States,Organic Search
CNV_004110,USR_002786,SES_00153737,2026-07-01 11:58:31.083960,Starter_Monthly,Monthly,29.0,United States,Paid Social
CNV_004472,USR_033279,SES_00167885,2026-07-01 12:49:40.940044,Pro_Monthly,Monthly,79.0,United States,Paid Social
CNV_003935,USR_031614,SES_00146980,2026-07-01 13:21:28.264215,Starter_Monthly,Monthly,29.0,Australia,Paid Social
CNV_004371,USR_034339,SES_00164205,2026-07-01 13:37:20.799126,Pro_Monthly,Monthly,79.0,United States,Paid Social
CNV_004388,USR_011031,SES_00164751,2026-07-01 15:53:18.924012,Pro_Annual,Annual,790.0,United Kingdom,Referral
CNV_004869,USR_014560,SES_00182257,2026-07-01 16:51:59.772838,Pro_Monthly,Monthly,79.0,Canada,Paid Social
CNV_003317,USR_030164,SES_00123386,2026-07-01 18:28:22.084448,Starter_Annual,Annual,290.0,United States,Paid Social
CNV_003463,USR_024645,SES_00128942,2026-07-01 19:00:47.040836,Starter_Monthly,Monthly,29.0,Australia,Paid Social
CNV_004113,USR_022144,SES_00153868,2026-07-01 21:22:59.164787,Starter_Monthly,Monthly,29.0,United States,Organic Search
CNV_004456,USR_022614,SES_00167333,2026-07-01 21:33:52.173478,Starter_Monthly,Monthly,29.0,United States,Direct
CNV_005215,USR_003594,SES_00194867,2026-07-01 21:50:24.467154,Pro_Annual,Annual,790.0,Germany,Organic Search
CNV_004325,USR_006496,SES_00162089,2026-07-01 22:09:02.897957,Starter_Monthly,Monthly,29.0,United States,Direct
CNV_005081,USR_020921,SES_00189907,2026-07-01 23:32:48.383552,Starter_Monthly,Monthly,29.0,United Kingdom,Paid Social
CNV_003677,USR_021512,SES_00137426,2026-07-01 23:35:12.891574,Starter_Annual,Annual,290.0,United States,Referral
CNV_004462,USR_026159,SES_00167546,2026-07-02 00:07:44.293464,Starter_Monthly,Monthly,29.0,United States,Referral
CNV_004054,USR_002603,SES_00151455,2026-07-02 00:28:36.059641,Pro_Monthly,Monthly,79.0,India,Direct
CNV_004206,USR_009192,SES_00157549,2026-07-02 01:42:39.223528,Starter_Monthly,Monthly,29.0,United States,Direct
CNV_005231,USR_020892,SES_00195398,2026-07-02 01:45:38.521494,Starter_Monthly,Monthly,29.0,Canada,Paid Social
CNV_004151,USR_019460,SES_00155349,2026-07-02 03:20:05.518385,Starter_Monthly,Monthly,29.0,United Kingdom,Organic Search
CNV_004644,USR_017119,SES_00173841,2026-07-02 04:22:17.224123,Starter_Monthly,Monthly,29.0,India,Email Campaign
CNV_003917,USR_006689,SES_00146388,2026-07-02 05:26:22.296361,Starter_Monthly,Monthly,29.0,United Kingdom,Referral
CNV_004340,USR_004999,SES_00162792,2026-07-02 06:27:42.326085,Starter_Monthly,Monthly,29.0,United Kingdom,Paid Social
CNV_003357,USR_025803,SES_00124946,2026-07-02 07:40:12.041451,Starter_Annual,Annual,290.0,Germany,Organic Search
CNV_004895,USR_033633,SES_00183168,2026-07-02 07:46:44.733953,Starter_Monthly,Monthly,29.0,Germany,Organic Search
CNV_004508,USR_004134,SES_00169141,2026-07-02 07:50:26.874875,Starter_Monthly,Monthly,29.0,United States,Paid Social
CNV_005153,USR_015644,SES_00193294,2026-07-02 07:55:19.421905,Starter_Monthly,Monthly,29.0,United States,Direct
CNV_005314,USR_030132,SES_00198074,2026-07-02 08:51:38.963321,Starter_Monthly,Monthly,29.0,United States,Paid Social
CNV_005221,USR_008481,SES_00195079,2026-07-02 09:08:32.607872,Starter_Monthly,Monthly,29.0,Australia,Product Hunt
CNV_004819,USR_034424,SES_00180492,2026-07-02 09:26:54.695677,Pro_Monthly,Monthly,79.0,United States,Organic Search
CNV_004331,USR_028780,SES_00162381,2026-07-02 09:27:02.394200,Pro_Monthly,Monthly,79.0,Australia,Paid Social
CNV_004607,USR_003500,SES_00172864,2026-07-02 11:00:12.718040,Pro_Annual,Annual,790.0,Germany,Referral
CNV_003664,USR_010127,SES_00136869,2026-07-02 13:03:57.440994,Starter_Monthly,Monthly,29.0,Canada,Product Hunt
CNV_005332,USR_015016,SES_00198805,2026-07-02 13:21:58.592590,Starter_Monthly,Monthly,29.0,Germany,Organic Search
CNV_005204,USR_002166,SES_00194584,2026-07-02 15:04:34.326172,Pro_Monthly,Monthly,79.0,United States,Organic Search
CNV_005471,USR_034482,SES_00203927,2026-07-02 15:39:52.670561,Pro_Annual,Annual,790.0,United States,Direct
CNV_005413,USR_013622,SES_00201893,2026-07-02 16:36:31.116821,Starter_Monthly,Monthly,29.0,United States,Organic Search
CNV_004103,USR_002350,SES_00153324,2026-07-02 17:11:51.228719,Pro_Monthly,Monthly,79.0,United States,Direct
CNV_004433,USR_014594,SES_00166479,2026-07-02 17:31:42.988887,Starter_Monthly,Monthly,29.0,United States,Referral
CNV_004600,USR_000363,SES_00172551,2026-07-02 17:54:34.047058,Starter_Monthly,Monthly,29.0,United Kingdom,Referral
CNV_004583,USR_009121,SES_00171857,2026-07-02 18:34:52.133166,Starter_Monthly,Monthly,29.0,United States,Organic Search
CNV_005049,USR_006442,SES_00188784,2026-07-02 19:06:54.336375,Pro_Monthly,Monthly,79.0,Australia,Organic Search
CNV_003981,USR_022842,SES_00148885,2026-07-02 20:21:05.049893,Starter_Monthly,Monthly,29.0,United Kingdom,Organic Search
CNV_004184,USR_004143,SES_00156745,2026-07-02 21:27:27.566620,Starter_Monthly,Monthly,29.0,United Kingdom,Paid Social
CNV_005304,USR_016768,SES_00197712,2026-07-02 21:45:05.740555,Starter_Monthly,Monthly,29.0,Canada,Paid Social
CNV_005529,USR_003322,SES_00205916,2026-07-02 22:19:38.206447,Pro_Monthly,Monthly,79.0,United Kingdom,Email Campaign
CNV_004815,USR_032218,SES_00180404,2026-07-02 22:28:25.321063,Starter_Monthly,Monthly,29.0,United States,Organic Search
CNV_005479,USR_034822,SES_00204290,2026-07-03 00:12:19.133955,Starter_Annual,Annual,290.0,United Kingdom,Organic Search
CNV_005516,USR_010836,SES_00205552,2026-07-03 01:12:16.594113,Pro_Monthly,Monthly,79.0,United States,Organic Search
CNV_004634,USR_013790,SES_00173593,2026-07-03 02:20:03.786636,Starter_Monthly,Monthly,29.0,United Kingdom,Organic Search
CNV_005209,USR_033732,SES_00194701,2026-07-03 04:00:06.707929,Starter_Monthly,Monthly,29.0,United States,Organic Search
CNV_004888,USR_017117,SES_00182871,2026-07-03 04:42:14.015289,Pro_Monthly,Monthly,79.0,Germany,Organic Search
CNV_004243,USR_031267,SES_00159008,2026-07-03 04:46:19.875675,Pro_Monthly,Monthly,79.0,United Kingdom,Direct
CNV_004856,USR_021443,SES_00181776,2026-07-03 09:13:05.094537,Starter_Annual,Annual,290.0,India,Organic Search
CNV_003859,USR_016864,SES_00144471,2026-07-03 09:38:06.798120,Starter_Annual,Annual,290.0,Australia,Product Hunt
CNV_004407,USR_028631,SES_00165444,2026-07-03 10:53:42.813498,Starter_Monthly,Monthly,29.0,Germany,Direct
CNV_004292,USR_031913,SES_00160741,2026-07-03 11:25:29.750774,Starter_Monthly,Monthly,29.0,United States,Organic Search
CNV_005066,USR_030446,SES_00189389,2026-07-03 11:42:33.622358,Pro_Monthly,Monthly,79.0,United States,Product Hunt
CNV_003319,USR_024917,SES_00123536,2026-07-03 12:28:07.745215,Starter_Monthly,Monthly,29.0,Canada,Referral
CNV_002584,USR_030941,SES_00095568,2026-07-03 12:47:45.765746,Starter_Monthly,Monthly,29.0,Canada,Organic Search
CNV_005430,USR_033177,SES_00202504,2026-07-03 13:32:43.588436,Starter_Monthly,Monthly,29.0,United States,Organic Search
CNV_005095,USR_008920,SES_00190444,2026-07-03 14:22:49.929948,Pro_Monthly,Monthly,79.0,United States,Referral
CNV_004675,USR_024332,SES_00175138,2026-07-03 15:42:26.707349,Starter_Monthly,Monthly,29.0,United States,Direct
CNV_004952,USR_010194,SES_00185209,2026-07-03 15:51:05.362409,Pro_Monthly,Monthly,79.0,Germany,Paid Social
CNV_005038,USR_019668,SES_00188365,2026-07-03 16:16:08.329359,Pro_Monthly,Monthly,79.0,India,Paid Social
CNV_005452,USR_010786,SES_00203207,2026-07-03 16:48:07.913596,Starter_Monthly,Monthly,29.0,United States,Referral
CNV_003671,USR_007356,SES_00137152,2026-07-03 16:53:15.794968,Pro_Monthly,Monthly,79.0,United States,Direct
CNV_004985,USR_002419,SES_00186472,2026-07-03 17:13:16.933382,Starter_Monthly,Monthly,29.0,Australia,Organic Search
CNV_004167,USR_026693,SES_00155980,2026-07-03 17:51:48.300879,Starter_Monthly,Monthly,29.0,United States,Paid Social
CNV_004479,USR_030927,SES_00168101,2026-07-03 18:05:52.944759,Pro_Monthly,Monthly,79.0,United Kingdom,Paid Social
CNV_005533,USR_014432,SES_00206009,2026-07-03 18:46:12.935222,Starter_Annual,Annual,290.0,United States,Paid Social
CNV_004026,USR_030288,SES_00150545,2026-07-03 19:21:08.457100,Starter_Annual,Annual,290.0,Germany,Organic Search
CNV_005573,USR_027927,SES_00207434,2026-07-03 20:34:50.043804,Starter_Monthly,Monthly,29.0,Canada,Direct
CNV_004730,USR_003773,SES_00177341,2026-07-04 00:36:25.534697,Pro_Monthly,Monthly,79.0,United States,Paid Social
CNV_004980,USR_018809,SES_00186337,2026-07-04 00:54:38.684065,Starter_Monthly,Monthly,29.0,United Kingdom,Paid Social
CNV_005282,USR_005051,SES_00196937,2026-07-04 01:04:36.485825,Starter_Monthly,Monthly,29.0,United States,Paid Social
CNV_003937,USR_019028,SES_00147089,2026-07-04 01:10:02.310085,Pro_Monthly,Monthly,79.0,United States,Paid Social
CNV_005570,USR_007573,SES_00207345,2026-07-04 02:11:36.639741,Pro_Monthly,Monthly,79.0,Germany,Referral
CNV_002724,USR_033897,SES_00100942,2026-07-04 02:15:32.920696,Starter_Monthly,Monthly,29.0,Canada,Email Campaign
CNV_004991,USR_008180,SES_00186680,2026-07-04 03:45:36.673974,Starter_Monthly,Monthly,29.0,Canada,Product Hunt
CNV_005616,USR_026833,SES_00209026,2026-07-04 04:28:04.313547,Starter_Monthly,Monthly,29.0,France,Organic Search
CNV_005466,USR_031944,SES_00203716,2026-07-04 06:25:42.785725,Pro_Monthly,Monthly,79.0,United States,Email Campaign
CNV_005463,USR_014661,SES_00203585,2026-07-04 07:34:21.401174,Starter_Monthly,Monthly,29.0,United States,Referral
CNV_005605,USR_033010,SES_00208495,2026-07-04 08:13:38.458134,Pro_Monthly,Monthly,79.0,Canada,Referral
CNV_003773,USR_025133,SES_00141574,2026-07-04 08:20:41.662936,Pro_Monthly,Monthly,79.0,India,Direct
CNV_005003,USR_010572,SES_00187120,2026-07-04 10:44:26.843039,Pro_Monthly,Monthly,79.0,France,Product Hunt
CNV_003700,USR_029228,SES_00138451,2026-07-04 11:15:46.903463,Starter_Monthly,Monthly,29.0,United States,Referral
CNV_005480,USR_004720,SES_00204356,2026-07-04 11:44:39.083625,Enterprise,Custom,1999.0,United States,Organic Search
CNV_004443,USR_013385,SES_00166855,2026-07-04 11:47:39.195664,Starter_Monthly,Monthly,29.0,Canada,Paid Social
CNV_003489,USR_004646,SES_00130016,2026-07-04 12:27:57.536351,Pro_Monthly,Monthly,79.0,United States,Paid Social
CNV_004757,USR_034039,SES_00178274,2026-07-04 13:33:11.051241,Starter_Monthly,Monthly,29.0,United States,Email Campaign
CNV_004766,USR_024912,SES_00178623,2026-07-04 15:14:47.060481,Starter_Annual,Annual,290.0,India,Organic Search
CNV_005574,USR_001949,SES_00207507,2026-07-04 16:15:14.291653,Starter_Monthly,Monthly,29.0,United States,Organic Search
CNV_001511,USR_015289,SES_00057093,2026-07-04 16:54:49.089150,Pro_Monthly,Monthly,79.0,Canada,Referral
CNV_005499,USR_018744,SES_00205137,2026-07-04 18:52:07.547385,Pro_Monthly,Monthly,79.0,United States,Organic Search
CNV_005603,USR_008404,SES_00208392,2026-07-04 18:56:02.905864,Pro_Monthly,Monthly,79.0,Germany,Paid Social
CNV_003772,USR_009309,SES_00141529,2026-07-04 19:16:20.980110,Starter_Monthly,Monthly,29.0,France,Direct
CNV_005418,USR_016761,SES_00202027,2026-07-04 19:16:55.741947,Starter_Annual,Annual,290.0,United States,Direct
CNV_004384,USR_016857,SES_00164619,2026-07-04 19:53:27.809342,Pro_Annual,Annual,790.0,Germany,Product Hunt
CNV_005092,USR_011596,SES_00190328,2026-07-04 20:17:16.272098,Starter_Monthly,Monthly,29.0,Germany,Organic Search
CNV_005370,USR_001534,SES_00200252,2026-07-04 21:21:26.871678,Starter_Annual,Annual,290.0,India,Direct
CNV_001541,USR_004579,SES_00058115,2026-07-04 22:01:32.151314,Pro_Annual,Annual,790.0,Canada,Organic Search
CNV_003080,USR_003943,SES_00113977,2026-07-04 22:07:00.539332,Pro_Monthly,Monthly,79.0,United States,Paid Social
CNV_004696,USR_005588,SES_00176015,2026-07-04 22:30:18.684318,Pro_Monthly,Monthly,79.0,United States,Email Campaign
CNV_004123,USR_013040,SES_00154274,2026-07-04 23:36:23.831972,Starter_Monthly,Monthly,29.0,United States,Organic Search
CNV_004431,USR_026346,SES_00166342,2026-07-05 01:15:01.081110,Starter_Monthly,Monthly,29.0,France,Referral
CNV_005518,USR_016972,SES_00205591,2026-07-05 01:34:27.810881,Pro_Monthly,Monthly,79.0,Australia,Paid Social
CNV_002721,USR_018400,SES_00100876,2026-07-05 01:58:47.701171,Starter_Monthly,Monthly,29.0,Canada,Referral
CNV_005363,USR_028672,SES_00199930,2026-07-05 02:05:39.032052,Pro_Monthly,Monthly,79.0,United States,Organic Search
CNV_005636,USR_016015,SES_00209776,2026-07-05 02:11:27.429859,Starter_Monthly,Monthly,29.0,India,Direct
CNV_005121,USR_011519,SES_00191731,2026-07-05 02:54:24.158018,Pro_Annual,Annual,790.0,United States,Email Campaign
CNV_004700,USR_007254,SES_00176147,2026-07-05 04:00:24.054625,Starter_Monthly,Monthly,29.0,United States,Referral
CNV_004390,USR_025598,SES_00164792,2026-07-05 04:19:48.489129,Pro_Monthly,Monthly,79.0,France,Paid Social
CNV_004853,USR_031994,SES_00181704,2026-07-05 04:41:09.466051,Pro_Annual,Annual,790.0,Germany,Organic Search
CNV_005109,USR_002592,SES_00191233,2026-07-05 05:18:33.215026,Starter_Monthly,Monthly,29.0,Canada,Organic Search
CNV_005320,USR_023931,SES_00198341,2026-07-05 05:43:16.792918,Starter_Annual,Annual,290.0,United Kingdom,Paid Social
CNV_003409,USR_027233,SES_00127076,2026-07-05 05:50:35.310006,Starter_Monthly,Monthly,29.0,India,Paid Social
CNV_003616,USR_010773,SES_00134651,2026-07-05 06:26:21.915755,Starter_Monthly,Monthly,29.0,United States,Paid Social
CNV_005352,USR_022811,SES_00199367,2026-07-05 07:41:05.292964,Pro_Monthly,Monthly,79.0,India,Paid Social
CNV_005133,USR_004518,SES_00192446,2026-07-05 07:51:31.646443,Starter_Monthly,Monthly,29.0,Canada,Organic Search
CNV_004465,USR_016618,SES_00167652,2026-07-05 08:23:16.776556,Starter_Monthly,Monthly,29.0,Germany,Referral
CNV_003288,USR_019282,SES_00122308,2026-07-05 08:27:47.768416,Pro_Monthly,Monthly,79.0,United States,Direct
CNV_004977,USR_000672,SES_00186168,2026-07-05 08:53:17.261492,Starter_Monthly,Monthly,29.0,India,Direct
CNV_005335,USR_021736,SES_00198879,2026-07-05 09:16:40.922577,Starter_Annual,Annual,290.0,United States,Organic Search
CNV_004518,USR_026805,SES_00169680,2026-07-05 09:25:34.914021,Pro_Monthly,Monthly,79.0,Canada,Direct
CNV_005097,USR_018861,SES_00190611,2026-07-05 10:01:36.789556,Starter_Monthly,Monthly,29.0,United States,Direct
CNV_005589,USR_012433,SES_00208131,2026-07-05 10:06:38.810748,Starter_Monthly,Monthly,29.0,United States,Paid Social
CNV_004589,USR_027231,SES_00172153,2026-07-05 10:51:50.081514,Pro_Monthly,Monthly,79.0,United States,Paid Social
CNV_005082,USR_034426,SES_00189965,2026-07-05 11:11:41.878071,Starter_Monthly,Monthly,29.0,Germany,Paid Social
CNV_004418,USR_021133,SES_00165904,2026-07-05 12:05:22.856151,Starter_Monthly,Monthly,29.0,India,Direct
CNV_005606,USR_031015,SES_00208543,2026-07-05 13:30:40.710887,Pro_Monthly,Monthly,79.0,United States,Organic Search
CNV_003128,USR_014337,SES_00116011,2026-07-05 14:16:30.971469,Pro_Monthly,Monthly,79.0,Australia,Organic Search
CNV_004524,USR_021754,SES_00169775,2026-07-05 15:13:37.865823,Starter_Monthly,Monthly,29.0,United States,Organic Search
CNV_005233,USR_032390,SES_00195425,2026-07-05 15:48:10.180906,Pro_Monthly,Monthly,79.0,United Kingdom,Organic Search
CNV_004205,USR_027995,SES_00157533,2026-07-05 15:53:22.152504,Starter_Monthly,Monthly,29.0,United States,Organic Search
CNV_004551,USR_020231,SES_00170663,2026-07-05 16:03:39.561349,Pro_Monthly,Monthly,79.0,United Kingdom,Direct
CNV_004611,USR_021046,SES_00172950,2026-07-05 17:38:56.431104,Starter_Monthly,Monthly,29.0,India,Organic Search
CNV_004535,USR_014884,SES_00170090,2026-07-05 17:59:03.482325,Starter_Monthly,Monthly,29.0,United Kingdom,Direct
CNV_004591,USR_012847,SES_00172178,2026-07-05 18:41:17.426787,Starter_Monthly,Monthly,29.0,Canada,Organic Search
CNV_005321,USR_018314,SES_00198385,2026-07-05 22:43:17.586419,Pro_Monthly,Monthly,79.0,United States,Paid Social
CNV_005183,USR_000811,SES_00193981,2026-07-05 23:10:29.952472,Pro_Monthly,Monthly,79.0,United States,Direct
CNV_005520,USR_026405,SES_00205647,2026-07-05 23:47:58.002772,Pro_Monthly,Monthly,79.0,Australia,Direct
CNV_005554,USR_033848,SES_00206732,2026-07-06 00:42:23.675483,Pro_Monthly,Monthly,79.0,Australia,Organic Search
CNV_005207,USR_003452,SES_00194668,2026-07-06 01:05:23.079760,Starter_Monthly,Monthly,29.0,United Kingdom,Organic Search
CNV_004212,USR_026056,SES_00157772,2026-07-06 01:34:02.052181,Pro_Monthly,Monthly,79.0,United States,Direct
CNV_003982,USR_012833,SES_00148947,2026-07-06 01:35:48.214220,Starter_Annual,Annual,290.0,United States,Organic Search
CNV_005334,USR_020065,SES_00198874,2026-07-06 02:21:25.413892,Starter_Monthly,Monthly,29.0,Germany,Paid Social
CNV_004660,USR_031343,SES_00174612,2026-07-06 02:22:41.157950,Pro_Annual,Annual,790.0,United States,Referral
CNV_005329,USR_019153,SES_00198712,2026-07-06 02:24:13.163353,Pro_Annual,Annual,790.0,United States,Organic Search
CNV_005525,USR_011907,SES_00205821,2026-07-06 04:58:19.556757,Starter_Monthly,Monthly,29.0,United Kingdom,Direct
CNV_004416,USR_030088,SES_00165851,2026-07-06 05:44:10.039388,Starter_Monthly,Monthly,29.0,United States,Paid Social
CNV_005301,USR_031480,SES_00197634,2026-07-06 06:57:42.957147,Pro_Monthly,Monthly,79.0,Germany,Paid Social
CNV_004590,USR_020529,SES_00172167,2026-07-06 07:23:30.837153,Starter_Monthly,Monthly,29.0,United Kingdom,Product Hunt
CNV_003307,USR_002554,SES_00123046,2026-07-06 07:41:09.999717,Pro_Annual,Annual,790.0,Canada,Referral
CNV_005345,USR_027335,SES_00199147,2026-07-06 08:21:11.045476,Pro_Monthly,Monthly,79.0,India,Organic Search
CNV_002210,USR_028437,SES_00081365,2026-07-06 08:38:42.876435,Pro_Monthly,Monthly,79.0,Germany,Product Hunt
CNV_002728,USR_003872,SES_00101028,2026-07-06 09:34:32.948977,Pro_Monthly,Monthly,79.0,United Kingdom,Organic Search
CNV_004079,USR_027062,SES_00152408,2026-07-06 10:34:25.697888,Starter_Annual,Annual,290.0,United Kingdom,Email Campaign
CNV_004764,USR_015109,SES_00178541,2026-07-06 11:39:05.040020,Starter_Annual,Annual,290.0,Germany,Organic Search
CNV_005469,USR_004173,SES_00203827,2026-07-06 12:19:12.016961,Pro_Annual,Annual,790.0,Canada,Paid Social
CNV_005326,USR_001285,SES_00198563,2026-07-06 12:37:42.770406,Starter_Annual,Annual,290.0,United States,Paid Social
CNV_003349,USR_028977,SES_00124705,2026-07-06 13:07:09.138645,Pro_Monthly,Monthly,79.0,United Kingdom,Organic Search
CNV_005275,USR_007361,SES_00196651,2026-07-06 13:11:52.609481,Pro_Monthly,Monthly,79.0,United States,Product Hunt
CNV_004372,USR_008635,SES_00164257,2026-07-06 15:38:28.498070,Starter_Monthly,Monthly,29.0,United States,Organic Search
CNV_003608,USR_027020,SES_00134425,2026-07-06 16:27:37.071584,Starter_Monthly,Monthly,29.0,Canada,Paid Social
CNV_004830,USR_013953,SES_00180898,2026-07-06 16:39:38.913970,Pro_Monthly,Monthly,79.0,United States,Organic Search
CNV_004208,USR_027446,SES_00157600,2026-07-06 17:53:35.229063,Pro_Monthly,Monthly,79.0,India,Paid Social
CNV_003289,USR_034713,SES_00122333,2026-07-06 18:16:37.031116,Pro_Monthly,Monthly,79.0,United Kingdom,Direct
CNV_004655,USR_013949,SES_00174450,2026-07-06 19:06:37.303059,Pro_Monthly,Monthly,79.0,Canada,Referral
CNV_005144,USR_014287,SES_00192877,2026-07-06 21:13:37.473193,Pro_Monthly,Monthly,79.0,Canada,Email Campaign
CNV_005187,USR_029549,SES_00194090,2026-07-06 22:30:30.899106,Starter_Monthly,Monthly,29.0,India,Paid Social
CNV_005014,USR_019699,SES_00187538,2026-07-06 23:08:49.958014,Starter_Monthly,Monthly,29.0,India,Paid Social
CNV_004795,USR_005353,SES_00179684,2026-07-06 23:27:27.245558,Starter_Monthly,Monthly,29.0,United States,Paid Social
CNV_005619,USR_027786,SES_00209128,2026-07-07 00:18:45.260972,Starter_Annual,Annual,290.0,Canada,Paid Social
CNV_005536,USR_009087,SES_00206059,2026-07-07 00:24:31.850112,Starter_Monthly,Monthly,29.0,Canada,Product Hunt
CNV_005162,USR_021924,SES_00193439,2026-07-07 00:27:05.764450,Pro_Monthly,Monthly,79.0,United States,Paid Social
CNV_004805,USR_029131,SES_00180073,2026-07-07 01:10:04.200341,Starter_Monthly,Monthly,29.0,United States,Referral
CNV_005063,USR_028048,SES_00189249,2026-07-07 01:43:05.432090,Starter_Monthly,Monthly,29.0,United States,Paid Social
CNV_005526,USR_017032,SES_00205844,2026-07-07 01:51:52.169660,Starter_Monthly,Monthly,29.0,Germany,Product Hunt
CNV_005510,USR_016653,SES_00205394,2026-07-07 01:56:55.290698,Pro_Monthly,Monthly,79.0,United States,Email Campaign
CNV_005010,USR_027860,SES_00187419,2026-07-07 02:27:23.420912,Starter_Annual,Annual,290.0,United States,Paid Social
CNV_004950,USR_027000,SES_00185163,2026-07-07 04:33:46.851770,Pro_Annual,Annual,790.0,United Kingdom,Organic Search
CNV_005245,USR_009525,SES_00195796,2026-07-07 04:57:29.619384,Starter_Monthly,Monthly,29.0,Germany,Direct
CNV_004978,USR_022872,SES_00186188,2026-07-07 05:25:31.066120,Starter_Annual,Annual,290.0,United States,Paid Social
CNV_004235,USR_025075,SES_00158698,2026-07-07 06:42:04.904570,Starter_Monthly,Monthly,29.0,India,Organic Search
CNV_005195,USR_013653,SES_00194259,2026-07-07 08:00:11.511618,Starter_Monthly,Monthly,29.0,United States,Direct
CNV_004704,USR_023928,SES_00176309,2026-07-07 11:48:18.139764,Pro_Monthly,Monthly,79.0,United States,Direct
CNV_005255,USR_034584,SES_00196032,2026-07-07 12:15:56.022044,Starter_Monthly,Monthly,29.0,France,Organic Search
CNV_004100,USR_032945,SES_00153191,2026-07-07 12:39:02.838276,Starter_Annual,Annual,290.0,United States,Referral
CNV_003358,USR_031865,SES_00124964,2026-07-07 13:16:10.191186,Starter_Monthly,Monthly,29.0,France,Organic Search
CNV_005392,USR_006428,SES_00201256,2026-07-07 13:17:11.090637,Starter_Monthly,Monthly,29.0,United Kingdom,Organic Search
CNV_004203,USR_001648,SES_00157417,2026-07-07 13:23:22.537512,Pro_Monthly,Monthly,79.0,United States,Paid Social
CNV_005528,USR_031125,SES_00205888,2026-07-07 13:42:41.381734,Starter_Monthly,Monthly,29.0,United Kingdom,Paid Social
CNV_004574,USR_017263,SES_00171574,2026-07-07 15:07:18.878541,Pro_Monthly,Monthly,79.0,France,Direct
CNV_004571,USR_032353,SES_00171410,2026-07-07 16:18:08.127379,Starter_Monthly,Monthly,29.0,Australia,Direct
CNV_004920,USR_017512,SES_00184005,2026-07-07 16:52:30.799100,Pro_Monthly,Monthly,79.0,United States,Direct
CNV_004923,USR_002913,SES_00184057,2026-07-07 18:16:55.754125,Starter_Annual,Annual,290.0,France,Organic Search
CNV_005389,USR_012937,SES_00201057,2026-07-07 18:21:36.937685,Starter_Monthly,Monthly,29.0,United States,Organic Search
CNV_005219,USR_019332,SES_00194997,2026-07-07 19:15:38.383782,Starter_Monthly,Monthly,29.0,United States,Email Campaign
CNV_004628,USR_028926,SES_00173443,2026-07-07 19:57:53.978188,Pro_Monthly,Monthly,79.0,United States,Organic Search
CNV_004505,USR_005699,SES_00168978,2026-07-07 20:29:40.723859,Pro_Monthly,Monthly,79.0,United States,Direct
CNV_005630,USR_010931,SES_00209587,2026-07-07 20:38:14.100202,Pro_Monthly,Monthly,79.0,United States,Organic Search
CNV_002915,USR_005881,SES_00107626,2026-07-07 21:22:53.356109,Starter_Monthly,Monthly,29.0,France,Paid Social
CNV_005725,USR_002374,SES_00212556,2026-07-07 21:47:28.990740,Starter_Monthly,Monthly,29.0,Germany,Organic Search
CNV_004840,USR_005454,SES_00181255,2026-07-07 21:51:29.145869,Pro_Monthly,Monthly,79.0,United States,Product Hunt
CNV_004177,USR_028556,SES_00156481,2026-07-07 22:00:55.642764,Pro_Monthly,Monthly,79.0,United States,Organic Search
CNV_004810,USR_005527,SES_00180247,2026-07-07 22:18:56.642146,Starter_Monthly,Monthly,29.0,Canada,Organic Search
CNV_005399,USR_025919,SES_00201554,2026-07-08 00:18:11.815593,Starter_Monthly,Monthly,29.0,India,Organic Search
CNV_004816,USR_024101,SES_00180433,2026-07-08 00:44:45.625425,Pro_Monthly,Monthly,79.0,United States,Organic Search
CNV_004794,USR_022208,SES_00179672,2026-07-08 00:51:53.918276,Pro_Monthly,Monthly,79.0,United Kingdom,Organic Search
CNV_005541,USR_006615,SES_00206186,2026-07-08 02:27:29.270873,Enterprise,Custom,1999.0,United States,Email Campaign
CNV_005073,USR_027144,SES_00189583,2026-07-08 02:32:50.837628,Starter_Monthly,Monthly,29.0,United Kingdom,Paid Social
CNV_005584,USR_033314,SES_00207848,2026-07-08 06:21:52.724370,Starter_Monthly,Monthly,29.0,Canada,Organic Search
CNV_005527,USR_007897,SES_00205865,2026-07-08 07:13:53.293319,Pro_Annual,Annual,790.0,United States,Referral
CNV_005551,USR_002189,SES_00206476,2026-07-08 07:21:37.903745,Pro_Monthly,Monthly,79.0,Canada,Organic Search
CNV_003926,USR_008568,SES_00146704,2026-07-08 07:36:57.655801,Starter_Annual,Annual,290.0,United Kingdom,Email Campaign
CNV_003625,USR_017531,SES_00135048,2026-07-08 08:32:46.907009,Pro_Monthly,Monthly,79.0,United States,Paid Social
CNV_005577,USR_008959,SES_00207607,2026-07-08 09:09:30.796616,Starter_Monthly,Monthly,29.0,United Kingdom,Paid Social
CNV_005427,USR_025964,SES_00202439,2026-07-08 09:45:53.248080,Starter_Monthly,Monthly,29.0,United Kingdom,Direct
CNV_004104,USR_027440,SES_00153361,2026-07-08 10:12:06.928340,Pro_Monthly,Monthly,79.0,United Kingdom,Referral
CNV_004742,USR_008539,SES_00177751,2026-07-08 10:50:05.181916,Starter_Monthly,Monthly,29.0,United Kingdom,Paid Social
CNV_003424,USR_024200,SES_00127677,2026-07-08 12:49:41.132615,Pro_Annual,Annual,790.0,United Kingdom,Direct
CNV_005646,USR_021835,SES_00210022,2026-07-08 13:54:39.109148,Pro_Monthly,Monthly,79.0,India,Organic Search
CNV_004986,USR_034526,SES_00186549,2026-07-08 14:01:50.448339,Pro_Monthly,Monthly,79.0,United States,Paid Social
CNV_005150,USR_004262,SES_00193004,2026-07-08 14:03:03.143219,Starter_Monthly,Monthly,29.0,Australia,Product Hunt
CNV_005001,USR_012221,SES_00187092,2026-07-08 15:18:17.745231,Pro_Monthly,Monthly,79.0,United States,Product Hunt
CNV_005753,USR_031824,SES_00213441,2026-07-08 16:16:56.388073,Pro_Monthly,Monthly,79.0,United Kingdom,Organic Search
CNV_005731,USR_005492,SES_00212809,2026-07-08 17:02:25.021293,Pro_Monthly,Monthly,79.0,United Kingdom,Paid Social
CNV_004886,USR_003491,SES_00182798,2026-07-08 18:41:38.413633,Pro_Annual,Annual,790.0,Canada,Product Hunt
CNV_004344,USR_017113,SES_00162998,2026-07-08 20:40:50.570804,Starter_Monthly,Monthly,29.0,Australia,Direct
CNV_004254,USR_010212,SES_00159349,2026-07-08 21:07:18.543775,Pro_Monthly,Monthly,79.0,Canada,Product Hunt
CNV_004826,USR_004070,SES_00180782,2026-07-08 22:09:56.482296,Pro_Monthly,Monthly,79.0,United Kingdom,Product Hunt
CNV_004570,USR_014140,SES_00171352,2026-07-09 00:08:46.917785,Starter_Monthly,Monthly,29.0,United Kingdom,Organic Search
CNV_005022,USR_005377,SES_00187785,2026-07-09 00:21:06.772282,Pro_Monthly,Monthly,79.0,United States,Paid Social
CNV_005686,USR_016030,SES_00211382,2026-07-09 03:07:16.235743,Starter_Monthly,Monthly,29.0,Germany,Organic Search
CNV_003536,USR_007978,SES_00131955,2026-07-09 04:24:42.144867,Starter_Monthly,Monthly,29.0,United States,Direct
CNV_004523,USR_029723,SES_00169768,2026-07-09 04:33:45.286566,Starter_Annual,Annual,290.0,Germany,Organic Search
CNV_004363,USR_019064,SES_00163749,2026-07-09 05:06:14.350196,Pro_Monthly,Monthly,79.0,Germany,Paid Social
CNV_004362,USR_034749,SES_00163721,2026-07-09 05:42:54.064559,Starter_Monthly,Monthly,29.0,United States,Email Campaign
CNV_005717,USR_017207,SES_00212317,2026-07-09 06:28:25.048530,Starter_Monthly,Monthly,29.0,Germany,Email Campaign
CNV_003889,USR_018931,SES_00145502,2026-07-09 07:14:12.447482,Starter_Monthly,Monthly,29.0,United States,Organic Search
CNV_005460,USR_000926,SES_00203436,2026-07-09 07:30:57.880750,Pro_Monthly,Monthly,79.0,United States,Paid Social
CNV_005482,USR_001447,SES_00204405,2026-07-09 08:07:27.837018,Pro_Monthly,Monthly,79.0,United States,Paid Social
CNV_005608,USR_001074,SES_00208712,2026-07-09 08:46:24.901425,Starter_Annual,Annual,290.0,United States,Organic Search
CNV_005382,USR_020620,SES_00200747,2026-07-09 09:36:28.861744,Starter_Annual,Annual,290.0,India,Referral
CNV_005763,USR_022805,SES_00213938,2026-07-09 10:17:30.099846,Starter_Monthly,Monthly,29.0,France,Email Campaign
CNV_005019,USR_026532,SES_00187692,2026-07-09 10:56:40.372821,Starter_Annual,Annual,290.0,Australia,Paid Social
CNV_004172,USR_014945,SES_00156354,2026-07-09 11:27:27.074819,Pro_Annual,Annual,790.0,Germany,Paid Social
CNV_005374,USR_004404,SES_00200370,2026-07-09 12:36:10.442722,Starter_Monthly,Monthly,29.0,India,Paid Social
CNV_005590,USR_000291,SES_00208143,2026-07-09 14:23:32.994175,Starter_Monthly,Monthly,29.0,India,Paid Social
CNV_005061,USR_026989,SES_00189211,2026-07-09 14:26:05.003898,Starter_Monthly,Monthly,29.0,United States,Direct
CNV_004322,USR_020324,SES_00162006,2026-07-09 15:04:46.534390,Starter_Annual,Annual,290.0,Germany,Organic Search
CNV_005130,USR_028281,SES_00192342,2026-07-09 15:13:31.395672,Starter_Monthly,Monthly,29.0,Germany,Product Hunt
CNV_005613,USR_015067,SES_00208952,2026-07-09 15:34:28.988092,Starter_Monthly,Monthly,29.0,Germany,Paid Social
CNV_004597,USR_012624,SES_00172456,2026-07-09 19:17:59.200522,Pro_Monthly,Monthly,79.0,United States,Organic Search
CNV_003172,USR_030363,SES_00117823,2026-07-09 19:25:24.924566,Starter_Annual,Annual,290.0,Canada,Paid Social
CNV_005699,USR_002312,SES_00211769,2026-07-09 22:35:09.642178,Pro_Monthly,Monthly,79.0,India,Paid Social
CNV_005453,USR_024402,SES_00203245,2026-07-09 23:46:36.471076,Starter_Monthly,Monthly,29.0,Canada,Direct
CNV_005770,USR_018032,SES_00214332,2026-07-10 00:07:50.202844,Pro_Monthly,Monthly,79.0,Germany,Direct
CNV_005269,USR_008899,SES_00196491,2026-07-10 00:54:00.353153,Pro_Monthly,Monthly,79.0,United Kingdom,Organic Search
CNV_004752,USR_023650,SES_00178137,2026-07-10 02:31:02.889139,Enterprise,Custom,1999.0,United States,Referral
CNV_005030,USR_033836,SES_00187971,2026-07-10 04:02:47.940325,Starter_Monthly,Monthly,29.0,United States,Organic Search
CNV_003872,USR_026441,SES_00144862,2026-07-10 05:26:49.569403,Starter_Monthly,Monthly,29.0,United Kingdom,Direct
CNV_005239,USR_024484,SES_00195622,2026-07-10 06:18:52.982052,Starter_Annual,Annual,290.0,India,Paid Social
CNV_004297,USR_032175,SES_00160820,2026-07-10 06:48:36.833783,Starter_Annual,Annual,290.0,United States,Referral
CNV_004872,USR_013739,SES_00182306,2026-07-10 07:09:18.911459,Starter_Annual,Annual,290.0,Germany,Organic Search
CNV_005274,USR_031545,SES_00196618,2026-07-10 07:22:40.871608,Starter_Monthly,Monthly,29.0,United States,Organic Search
CNV_005772,USR_000099,SES_00214359,2026-07-10 10:02:50.524421,Starter_Monthly,Monthly,29.0,Canada,Paid Social
CNV_003821,USR_019280,SES_00143053,2026-07-10 10:06:12.195192,Pro_Monthly,Monthly,79.0,United Kingdom,Paid Social
CNV_005264,USR_028888,SES_00196374,2026-07-10 11:01:45.693874,Starter_Annual,Annual,290.0,Australia,Paid Social
CNV_005511,USR_010608,SES_00205486,2026-07-10 12:33:58.313844,Starter_Monthly,Monthly,29.0,United Kingdom,Paid Social
CNV_004475,USR_000904,SES_00168002,2026-07-10 13:12:46.547122,Starter_Monthly,Monthly,29.0,India,Organic Search
CNV_005228,USR_005340,SES_00195329,2026-07-10 14:14:08.220959,Starter_Monthly,Monthly,29.0,United Kingdom,Paid Social
CNV_005444,USR_032362,SES_00202900,2026-07-10 14:21:35.511368,Pro_Monthly,Monthly,79.0,United States,Organic Search
CNV_005096,USR_004522,SES_00190561,2026-07-10 15:57:42.945539,Starter_Monthly,Monthly,29.0,United States,Product Hunt
CNV_004957,USR_015024,SES_00185443,2026-07-10 15:59:52.428490,Pro_Monthly,Monthly,79.0,United States,Paid Social
CNV_002526,USR_029065,SES_00093048,2026-07-10 16:09:05.083165,Pro_Monthly,Monthly,79.0,United States,Product Hunt
CNV_005804,USR_012795,SES_00215102,2026-07-10 16:41:36.791342,Starter_Monthly,Monthly,29.0,United Kingdom,Email Campaign
CNV_004637,USR_005436,SES_00173640,2026-07-10 17:01:40.963140,Starter_Monthly,Monthly,29.0,Germany,Product Hunt
CNV_005118,USR_026519,SES_00191498,2026-07-10 17:03:50.542890,Starter_Monthly,Monthly,29.0,United Kingdom,Paid Social
CNV_003382,USR_016222,SES_00125807,2026-07-10 18:10:06.597923,Pro_Monthly,Monthly,79.0,France,Email Campaign
CNV_004252,USR_025417,SES_00159278,2026-07-10 19:02:45.332438,Starter_Annual,Annual,290.0,India,Direct
CNV_003712,USR_022022,SES_00138971,2026-07-10 20:02:26.636721,Pro_Monthly,Monthly,79.0,United States,Organic Search
CNV_005475,USR_015164,SES_00204121,2026-07-10 20:35:54.341051,Starter_Monthly,Monthly,29.0,United States,Referral
CNV_005317,USR_025298,SES_00198149,2026-07-10 21:00:33.091845,Starter_Monthly,Monthly,29.0,United Kingdom,Referral
CNV_004681,USR_017187,SES_00175429,2026-07-10 21:01:03.431419,Starter_Monthly,Monthly,29.0,Germany,Email Campaign
CNV_004899,USR_004402,SES_00183343,2026-07-10 21:06:59.516355,Pro_Annual,Annual,790.0,United States,Organic Search
CNV_005267,USR_009253,SES_00196467,2026-07-10 21:26:34.793704,Pro_Annual,Annual,790.0,Australia,Direct
CNV_005425,USR_027454,SES_00202376,2026-07-10 22:19:03.259570,Pro_Annual,Annual,790.0,India,Email Campaign
CNV_005496,USR_027765,SES_00204956,2026-07-10 22:33:14.474918,Pro_Monthly,Monthly,79.0,United States,Paid Social
CNV_004253,USR_012162,SES_00159314,2026-07-10 23:55:34.887018,Starter_Monthly,Monthly,29.0,United States,Paid Social
CNV_005611,USR_007047,SES_00208883,2026-07-11 00:36:20.552325,Starter_Annual,Annual,290.0,United Kingdom,Referral
CNV_003871,USR_015398,SES_00144830,2026-07-11 00:48:17.343248,Starter_Monthly,Monthly,29.0,United States,Organic Search
CNV_003904,USR_021751,SES_00146142,2026-07-11 01:35:44.392958,Pro_Monthly,Monthly,79.0,Germany,Organic Search
CNV_005490,USR_019340,SES_00204678,2026-07-11 01:36:27.344208,Pro_Monthly,Monthly,79.0,United States,Paid Social
CNV_001707,USR_028376,SES_00063485,2026-07-11 02:40:01.759160,Pro_Monthly,Monthly,79.0,Australia,Organic Search
CNV_005125,USR_015099,SES_00192053,2026-07-11 02:42:36.961927,Pro_Monthly,Monthly,79.0,India,Organic Search
CNV_004481,USR_000344,SES_00168135,2026-07-11 03:50:34.967463,Pro_Annual,Annual,790.0,United States,Paid Social
CNV_005412,USR_018867,SES_00201872,2026-07-11 04:40:46.342189,Starter_Monthly,Monthly,29.0,Canada,Paid Social
CNV_005592,USR_014790,SES_00208182,2026-07-11 05:07:28.277904,Starter_Monthly,Monthly,29.0,United States,Direct
CNV_005408,USR_009302,SES_00201770,2026-07-11 05:59:34.844520,Starter_Monthly,Monthly,29.0,Canada,Product Hunt
CNV_004455,USR_029264,SES_00167313,2026-07-11 06:29:49.075390,Pro_Monthly,Monthly,79.0,United States,Organic Search
CNV_002583,USR_012686,SES_00095529,2026-07-11 06:51:15.027305,Starter_Monthly,Monthly,29.0,United States,Paid Social
CNV_005360,USR_013646,SES_00199863,2026-07-11 07:07:05.735526,Starter_Monthly,Monthly,29.0,France,Organic Search
CNV_004723,USR_022292,SES_00177035,2026-07-11 07:07:49.325243,Pro_Monthly,Monthly,79.0,France,Organic Search
CNV_005435,USR_004047,SES_00202700,2026-07-11 07:20:55.023570,Pro_Monthly,Monthly,79.0,United States,Referral
CNV_005268,USR_006959,SES_00196475,2026-07-11 08:59:35.593657,Starter_Monthly,Monthly,29.0,India,Referral
CNV_005530,USR_017644,SES_00205936,2026-07-11 10:13:39.797601,Starter_Monthly,Monthly,29.0,Germany,Paid Social
CNV_005661,USR_022476,SES_00210508,2026-07-11 12:29:20.691467,Pro_Monthly,Monthly,79.0,Australia,Direct
CNV_003956,USR_002710,SES_00147784,2026-07-11 14:09:01.692545,Pro_Monthly,Monthly,79.0,United States,Email Campaign
CNV_005147,USR_027157,SES_00192948,2026-07-11 16:05:21.741991,Starter_Annual,Annual,290.0,India,Direct
CNV_003854,USR_011288,SES_00144278,2026-07-11 18:07:47.454340,Starter_Monthly,Monthly,29.0,India,Direct
CNV_005308,USR_031106,SES_00197878,2026-07-11 19:13:12.152481,Enterprise,Custom,1999.0,United States,Organic Search
CNV_005730,USR_005099,SES_00212770,2026-07-11 19:29:57.363383,Pro_Monthly,Monthly,79.0,Germany,Direct
CNV_005588,USR_000737,SES_00208044,2026-07-11 21:07:15.978272,Pro_Monthly,Monthly,79.0,United Kingdom,Paid Social
CNV_004180,USR_024322,SES_00156582,2026-07-11 22:23:17.631086,Starter_Monthly,Monthly,29.0,United States,Email Campaign
CNV_004411,USR_028249,SES_00165702,2026-07-11 22:48:54.341802,Pro_Monthly,Monthly,79.0,Canada,Paid Social
CNV_005343,USR_028630,SES_00199118,2026-07-11 22:52:35.525173,Pro_Monthly,Monthly,79.0,United States,Direct
CNV_004848,USR_028889,SES_00181584,2026-07-11 22:59:32.558748,Pro_Monthly,Monthly,79.0,United States,Paid Social
CNV_005056,USR_005964,SES_00189017,2026-07-11 23:25:24.620323,Pro_Monthly,Monthly,79.0,Australia,Organic Search
CNV_005810,USR_034547,SES_00215304,2026-07-12 00:08:10.572257,Starter_Monthly,Monthly,29.0,Australia,Direct
CNV_004773,USR_025883,SES_00178887,2026-07-12 00:26:11.415708,Pro_Monthly,Monthly,79.0,United States,Paid Social
CNV_005702,USR_015316,SES_00211886,2026-07-12 00:59:57.719620,Pro_Monthly,Monthly,79.0,United States,Organic Search
CNV_005750,USR_013964,SES_00213335,2026-07-12 01:55:25.710450,Starter_Monthly,Monthly,29.0,United States,Paid Social
CNV_005676,USR_019741,SES_00211002,2026-07-12 03:25:15.322837,Starter_Annual,Annual,290.0,Germany,Organic Search
CNV_004093,USR_023016,SES_00152973,2026-07-12 04:09:11.656810,Pro_Monthly,Monthly,79.0,United States,Paid Social
CNV_005709,USR_023879,SES_00212008,2026-07-12 05:04:13.334537,Pro_Monthly,Monthly,79.0,United States,Direct
CNV_005384,USR_008131,SES_00200808,2026-07-12 05:25:48.206512,Pro_Monthly,Monthly,79.0,United States,Referral
CNV_005677,USR_001559,SES_00211025,2026-07-12 05:31:59.255894,Pro_Monthly,Monthly,79.0,Germany,Product Hunt
CNV_005287,USR_001720,SES_00197076,2026-07-12 06:21:43.858389,Pro_Annual,Annual,790.0,United States,Paid Social
CNV_005148,USR_029029,SES_00192957,2026-07-12 06:46:57.352735,Starter_Annual,Annual,290.0,Australia,Paid Social
CNV_005438,USR_019278,SES_00202764,2026-07-12 06:52:28.253514,Starter_Monthly,Monthly,29.0,Canada,Organic Search
CNV_005674,USR_026558,SES_00210837,2026-07-12 07:01:40.764292,Starter_Monthly,Monthly,29.0,United States,Referral
CNV_004564,USR_032962,SES_00171176,2026-07-12 07:07:54.835798,Pro_Annual,Annual,790.0,United States,Direct
CNV_004201,USR_031334,SES_00157300,2026-07-12 07:25:59.147235,Starter_Monthly,Monthly,29.0,United States,Direct
CNV_005093,USR_019951,SES_00190348,2026-07-12 07:30:03.000936,Starter_Monthly,Monthly,29.0,France,Product Hunt
CNV_003895,USR_024150,SES_00145748,2026-07-12 07:53:36.389916,Pro_Monthly,Monthly,79.0,United States,Organic Search
CNV_005771,USR_001795,SES_00214348,2026-07-12 07:55:34.845904,Pro_Monthly,Monthly,79.0,Germany,Paid Social
CNV_005746,USR_004041,SES_00213250,2026-07-12 08:53:07.068642,Pro_Monthly,Monthly,79.0,France,Direct
CNV_005188,USR_009512,SES_00194110,2026-07-12 10:20:38.286881,Pro_Monthly,Monthly,79.0,United States,Organic Search
CNV_004512,USR_002606,SES_00169314,2026-07-12 10:28:42.079362,Pro_Monthly,Monthly,79.0,United States,Direct
CNV_005784,USR_013089,SES_00214665,2026-07-12 10:34:52.631445,Starter_Monthly,Monthly,29.0,United States,Organic Search
CNV_005806,USR_021073,SES_00215187,2026-07-12 11:23:29.811213,Pro_Monthly,Monthly,79.0,United States,Paid Social
CNV_004851,USR_031793,SES_00181684,2026-07-12 11:43:26.132911,Pro_Monthly,Monthly,79.0,Germany,Paid Social
CNV_005402,USR_022459,SES_00201662,2026-07-12 13:49:47.783000,Starter_Monthly,Monthly,29.0,United Kingdom,Product Hunt
CNV_005575,USR_008564,SES_00207559,2026-07-12 14:27:44.586518,Starter_Monthly,Monthly,29.0,Australia,Organic Search
CNV_005223,USR_014710,SES_00195155,2026-07-12 14:33:30.114682,Starter_Annual,Annual,290.0,United States,Direct
CNV_003799,USR_025981,SES_00142317,2026-07-12 16:22:38.329855,Starter_Monthly,Monthly,29.0,United States,Organic Search
CNV_005307,USR_004051,SES_00197847,2026-07-12 16:48:02.235784,Starter_Monthly,Monthly,29.0,United States,Organic Search
CNV_005535,USR_033379,SES_00206045,2026-07-12 18:34:43.536229,Pro_Monthly,Monthly,79.0,Germany,Direct
CNV_005411,USR_007008,SES_00201849,2026-07-12 18:54:49.257256,Starter_Monthly,Monthly,29.0,Germany,Email Campaign
CNV_003537,USR_020440,SES_00131987,2026-07-12 19:06:54.251238,Pro_Monthly,Monthly,79.0,Germany,Organic Search
CNV_004382,USR_029432,SES_00164574,2026-07-12 20:07:18.705629,Pro_Monthly,Monthly,79.0,United States,Paid Social
CNV_005129,USR_014159,SES_00192283,2026-07-12 20:57:46.657931,Starter_Annual,Annual,290.0,Australia,Direct
CNV_005556,USR_013916,SES_00206801,2026-07-12 21:04:21.913702,Starter_Annual,Annual,290.0,India,Paid Social
CNV_003851,USR_024256,SES_00144159,2026-07-12 21:16:28.114884,Starter_Monthly,Monthly,29.0,France,Referral
CNV_004672,USR_021560,SES_00175047,2026-07-12 22:19:23.652101,Starter_Monthly,Monthly,29.0,United States,Paid Social
CNV_003949,USR_025918,SES_00147429,2026-07-12 23:47:57.962709,Starter_Monthly,Monthly,29.0,Australia,Organic Search
CNV_005567,USR_001528,SES_00207276,2026-07-13 00:08:23.616831,Starter_Monthly,Monthly,29.0,Canada,Paid Social
CNV_003847,USR_031565,SES_00144018,2026-07-13 00:16:47.973820,Starter_Monthly,Monthly,29.0,Australia,Direct
CNV_005070,USR_020781,SES_00189455,2026-07-13 01:13:23.222970,Starter_Monthly,Monthly,29.0,United States,Paid Social
CNV_004745,USR_017640,SES_00177851,2026-07-13 03:07:53.402187,Starter_Monthly,Monthly,29.0,India,Paid Social
CNV_005006,USR_017886,SES_00187286,2026-07-13 03:45:50.462503,Pro_Monthly,Monthly,79.0,United States,Email Campaign
CNV_005176,USR_028308,SES_00193739,2026-07-13 05:03:40.455359,Starter_Monthly,Monthly,29.0,Canada,Paid Social
CNV_005423,USR_003381,SES_00202233,2026-07-13 08:26:54.715935,Starter_Monthly,Monthly,29.0,United States,Product Hunt
CNV_005666,USR_024913,SES_00210630,2026-07-13 08:54:03.858731,Enterprise,Custom,1999.0,United Kingdom,Paid Social
CNV_004902,USR_023188,SES_00183414,2026-07-13 09:54:49.681660,Pro_Annual,Annual,790.0,Canada,Organic Search
CNV_005596,USR_017300,SES_00208257,2026-07-13 10:11:28.700249,Pro_Annual,Annual,790.0,United States,Paid Social
CNV_003394,USR_033736,SES_00126528,2026-07-13 12:14:16.823373,Starter_Annual,Annual,290.0,India,Organic Search
CNV_004469,USR_018636,SES_00167730,2026-07-13 13:01:58.933700,Pro_Monthly,Monthly,79.0,United States,Organic Search
CNV_003538,USR_012209,SES_00131992,2026-07-13 15:29:49.692394,Starter_Monthly,Monthly,29.0,India,Referral
CNV_005857,USR_025720,SES_00216906,2026-07-13 15:35:24.840291,Pro_Annual,Annual,790.0,United States,Product Hunt
CNV_005085,USR_006974,SES_00190102,2026-07-13 15:46:39.265775,Starter_Monthly,Monthly,29.0,India,Paid Social
CNV_004302,USR_003309,SES_00160970,2026-07-13 16:37:36.097568,Starter_Annual,Annual,290.0,Canada,Paid Social
CNV_005406,USR_028451,SES_00201730,2026-07-13 17:40:02.547461,Starter_Monthly,Monthly,29.0,United States,Paid Social
CNV_005715,USR_009998,SES_00212180,2026-07-13 18:01:43.331835,Pro_Monthly,Monthly,79.0,Germany,Referral
CNV_005243,USR_018260,SES_00195724,2026-07-13 19:40:52.339939,Starter_Monthly,Monthly,29.0,United States,Direct
CNV_003484,USR_034048,SES_00129858,2026-07-13 20:42:19.739627,Starter_Monthly,Monthly,29.0,India,Product Hunt
CNV_005333,USR_024451,SES_00198843,2026-07-13 22:05:54.178597,Pro_Monthly,Monthly,79.0,United Kingdom,Email Campaign
CNV_005227,USR_024800,SES_00195267,2026-07-13 22:24:06.214558,Starter_Monthly,Monthly,29.0,France,Product Hunt
CNV_005762,USR_000628,SES_00213915,2026-07-13 22:57:04.563555,Starter_Monthly,Monthly,29.0,United States,Referral
CNV_005791,USR_003937,SES_00214829,2026-07-14 00:19:07.229155,Starter_Monthly,Monthly,29.0,United States,Organic Search
CNV_005084,USR_010445,SES_00190055,2026-07-14 00:19:33.570805,Pro_Monthly,Monthly,79.0,United Kingdom,Product Hunt
CNV_005371,USR_031258,SES_00200289,2026-07-14 00:54:50.477151,Starter_Monthly,Monthly,29.0,United States,Organic Search
CNV_005514,USR_027097,SES_00205529,2026-07-14 03:01:19.799745,Starter_Annual,Annual,290.0,United States,Paid Social
CNV_005773,USR_025818,SES_00214388,2026-07-14 03:16:07.331944,Starter_Monthly,Monthly,29.0,United States,Organic Search
CNV_005042,USR_013052,SES_00188517,2026-07-14 03:19:59.109801,Starter_Annual,Annual,290.0,Canada,Email Campaign
CNV_004575,USR_031418,SES_00171660,2026-07-14 05:22:07.198431,Starter_Monthly,Monthly,29.0,United Kingdom,Email Campaign
CNV_005664,USR_028495,SES_00210600,2026-07-14 07:23:19.834658,Starter_Monthly,Monthly,29.0,Germany,Direct
CNV_005197,USR_013055,SES_00194351,2026-07-14 07:54:00.847975,Starter_Monthly,Monthly,29.0,Germany,Email Campaign
CNV_004438,USR_003417,SES_00166677,2026-07-14 09:55:39.971026,Starter_Annual,Annual,290.0,Canada,Organic Search
CNV_005737,USR_004386,SES_00213082,2026-07-14 10:10:42.167737,Starter_Annual,Annual,290.0,India,Organic Search
CNV_005325,USR_017651,SES_00198557,2026-07-14 13:24:04.955777,Starter_Monthly,Monthly,29.0,United States,Referral
CNV_005465,USR_029527,SES_00203672,2026-07-14 15:04:23.080903,Starter_Monthly,Monthly,29.0,Canada,Paid Social
CNV_005700,USR_006331,SES_00211814,2026-07-14 15:24:51.424762,Pro_Monthly,Monthly,79.0,United States,Paid Social
CNV_005817,USR_010638,SES_00215635,2026-07-14 16:47:36.380634,Starter_Monthly,Monthly,29.0,Australia,Paid Social
CNV_005834,USR_023511,SES_00216114,2026-07-14 16:59:55.239482,Starter_Monthly,Monthly,29.0,India,Product Hunt
CNV_005799,USR_010549,SES_00214985,2026-07-14 19:19:12.255040,Starter_Monthly,Monthly,29.0,India,Organic Search
CNV_002840,USR_003847,SES_00104974,2026-07-14 19:24:51.332075,Starter_Monthly,Monthly,29.0,India,Paid Social
CNV_004689,USR_024184,SES_00175728,2026-07-14 21:01:22.119669,Starter_Monthly,Monthly,29.0,United States,Direct
CNV_005493,USR_009396,SES_00204764,2026-07-14 22:28:02.521650,Pro_Monthly,Monthly,79.0,Germany,Paid Social
CNV_005569,USR_027108,SES_00207313,2026-07-14 23:33:40.326706,Pro_Monthly,Monthly,79.0,United Kingdom,Referral
CNV_003459,USR_020998,SES_00128796,2026-07-14 23:47:08.209855,Starter_Monthly,Monthly,29.0,Canada,Paid Social
CNV_005505,USR_008186,SES_00205280,2026-07-14 23:55:05.227717,Starter_Annual,Annual,290.0,United States,Paid Social
CNV_005099,USR_030798,SES_00190776,2026-07-15 00:14:14.141082,Starter_Annual,Annual,290.0,Germany,Organic Search
CNV_005503,USR_003203,SES_00205254,2026-07-15 00:51:27.833214,Starter_Monthly,Monthly,29.0,United States,Direct
CNV_005595,USR_032503,SES_00208243,2026-07-15 01:07:45.866588,Starter_Monthly,Monthly,29.0,Germany,Referral
CNV_004894,USR_024176,SES_00183108,2026-07-15 02:00:46.688044,Starter_Monthly,Monthly,29.0,Canada,Paid Social
CNV_003839,USR_026608,SES_00143769,2026-07-15 02:50:18.175763,Starter_Monthly,Monthly,29.0,Canada,Product Hunt
CNV_005703,USR_031813,SES_00211897,2026-07-15 03:51:26.206458,Starter_Monthly,Monthly,29.0,Germany,Paid Social
CNV_005892,USR_002453,SES_00218162,2026-07-15 04:06:30.480264,Pro_Annual,Annual,790.0,France,Organic Search
CNV_004670,USR_001355,SES_00174946,2026-07-15 05:14:13.491717,Pro_Monthly,Monthly,79.0,India,Direct
CNV_005557,USR_034701,SES_00206889,2026-07-15 06:15:55.498465,Starter_Annual,Annual,290.0,United Kingdom,Referral
CNV_004693,USR_017237,SES_00175855,2026-07-15 06:53:22.871153,Starter_Monthly,Monthly,29.0,United States,Paid Social
CNV_005798,USR_016583,SES_00214970,2026-07-15 08:14:58.559774,Pro_Monthly,Monthly,79.0,Germany,Organic Search
CNV_002318,USR_029206,SES_00085308,2026-07-15 08:23:00.386673,Starter_Monthly,Monthly,29.0,United States,Product Hunt
CNV_005249,USR_034621,SES_00195862,2026-07-15 09:16:53.187254,Starter_Monthly,Monthly,29.0,Canada,Direct
CNV_005585,USR_003688,SES_00207876,2026-07-15 10:37:08.164697,Pro_Monthly,Monthly,79.0,United States,Direct
CNV_005256,USR_006905,SES_00196080,2026-07-15 10:41:52.352103,Pro_Monthly,Monthly,79.0,United States,Direct
CNV_002736,USR_010661,SES_00101222,2026-07-15 11:33:40.042317,Starter_Monthly,Monthly,29.0,United States,Email Campaign
CNV_005500,USR_017099,SES_00205194,2026-07-15 12:20:23.605016,Enterprise,Custom,1999.0,United Kingdom,Email Campaign
CNV_004541,USR_008735,SES_00170302,2026-07-15 12:45:36.820613,Starter_Monthly,Monthly,29.0,Canada,Direct
CNV_005472,USR_008275,SES_00203971,2026-07-15 12:51:35.608952,Starter_Monthly,Monthly,29.0,United States,Paid Social
CNV_003665,USR_025661,SES_00136907,2026-07-15 14:16:01.473753,Starter_Monthly,Monthly,29.0,India,Direct
CNV_005297,USR_013441,SES_00197519,2026-07-15 15:32:23.165283,Pro_Annual,Annual,790.0,Germany,Paid Social
CNV_005142,USR_021992,SES_00192812,2026-07-15 15:55:54.479691,Starter_Monthly,Monthly,29.0,United States,Organic Search
CNV_005868,USR_014694,SES_00217304,2026-07-15 16:12:15.293082,Starter_Monthly,Monthly,29.0,India,Organic Search
CNV_004715,USR_008744,SES_00176730,2026-07-15 16:13:46.124131,Starter_Monthly,Monthly,29.0,United States,Organic Search
CNV_005720,USR_008961,SES_00212377,2026-07-15 16:19:31.238742,Pro_Annual,Annual,790.0,United States,Referral
CNV_004358,USR_003850,SES_00163592,2026-07-15 16:26:09.889019,Starter_Monthly,Monthly,29.0,United States,Organic Search
CNV_002935,USR_012395,SES_00108369,2026-07-15 16:28:57.429312,Starter_Annual,Annual,290.0,France,Paid Social
CNV_005729,USR_006774,SES_00212764,2026-07-15 16:39:54.328954,Pro_Annual,Annual,790.0,United States,Referral
CNV_003423,USR_004387,SES_00127618,2026-07-15 17:00:57.712790,Pro_Monthly,Monthly,79.0,United Kingdom,Direct
CNV_004506,USR_003703,SES_00169060,2026-07-15 18:17:36.396494,Pro_Monthly,Monthly,79.0,Germany,Email Campaign
CNV_004095,USR_019088,SES_00153014,2026-07-15 18:31:50.590336,Pro_Monthly,Monthly,79.0,United States,Referral
CNV_004296,USR_021747,SES_00160797,2026-07-15 18:46:02.326271,Pro_Monthly,Monthly,79.0,France,Referral
CNV_005391,USR_002015,SES_00201210,2026-07-15 20:20:20.509587,Pro_Monthly,Monthly,79.0,United Kingdom,Email Campaign
CNV_005602,USR_028173,SES_00208375,2026-07-15 20:52:08.958820,Pro_Monthly,Monthly,79.0,Germany,Email Campaign
CNV_005923,USR_018482,SES_00219151,2026-07-15 20:58:25.274663,Starter_Monthly,Monthly,29.0,United States,Organic Search
CNV_005531,USR_009332,SES_00205957,2026-07-15 21:22:55.505060,Pro_Monthly,Monthly,79.0,United States,Direct
CNV_004503,USR_022321,SES_00168870,2026-07-15 21:38:59.012554,Starter_Monthly,Monthly,29.0,United Kingdom,Direct
CNV_004972,USR_003702,SES_00185943,2026-07-15 22:57:20.479993,Starter_Monthly,Monthly,29.0,Germany,Paid Social
CNV_005712,USR_031226,SES_00212099,2026-07-16 00:37:59.460259,Starter_Annual,Annual,290.0,Canada,Paid Social
CNV_005761,USR_011458,SES_00213901,2026-07-16 00:47:43.196832,Pro_Monthly,Monthly,79.0,United States,Organic Search
CNV_005373,USR_001618,SES_00200353,2026-07-16 01:08:47.945930,Pro_Monthly,Monthly,79.0,United States,Organic Search
CNV_002661,USR_022175,SES_00098627,2026-07-16 01:24:41.817089,Starter_Monthly,Monthly,29.0,United Kingdom,Direct
CNV_005458,USR_009744,SES_00203321,2026-07-16 02:14:00.050102,Starter_Monthly,Monthly,29.0,United States,Direct
CNV_005546,USR_026774,SES_00206387,2026-07-16 02:14:36.811310,Pro_Annual,Annual,790.0,Canada,Direct
CNV_005372,USR_019711,SES_00200298,2026-07-16 02:54:08.448489,Starter_Monthly,Monthly,29.0,United States,Email Campaign
CNV_005576,USR_006252,SES_00207592,2026-07-16 03:29:22.673245,Pro_Monthly,Monthly,79.0,Germany,Paid Social
CNV_005250,USR_027325,SES_00195886,2026-07-16 03:37:08.730223,Starter_Monthly,Monthly,29.0,United States,Organic Search
CNV_004897,USR_022922,SES_00183234,2026-07-16 03:48:49.331569,Starter_Annual,Annual,290.0,United States,Paid Social
CNV_004945,USR_017275,SES_00185022,2026-07-16 03:57:01.518196,Starter_Monthly,Monthly,29.0,United States,Product Hunt
CNV_005521,USR_022556,SES_00205659,2026-07-16 04:19:42.533014,Pro_Monthly,Monthly,79.0,United States,Organic Search
CNV_005424,USR_003873,SES_00202284,2026-07-16 04:22:38.972784,Starter_Monthly,Monthly,29.0,United States,Email Campaign
CNV_005846,USR_009051,SES_00216588,2026-07-16 05:44:16.077627,Starter_Monthly,Monthly,29.0,United Kingdom,Direct
CNV_005782,USR_007321,SES_00214629,2026-07-16 05:45:02.889187,Starter_Monthly,Monthly,29.0,Germany,Organic Search
CNV_004058,USR_000489,SES_00151711,2026-07-16 06:00:07.545480,Pro_Annual,Annual,790.0,Canada,Organic Search
CNV_005376,USR_030201,SES_00200452,2026-07-16 06:46:41.100314,Starter_Monthly,Monthly,29.0,India,Email Campaign
CNV_005128,USR_020160,SES_00192208,2026-07-16 07:45:59.185565,Starter_Monthly,Monthly,29.0,United States,Paid Social
CNV_005854,USR_023357,SES_00216806,2026-07-16 10:05:48.413731,Pro_Annual,Annual,790.0,United States,Paid Social
CNV_005403,USR_024768,SES_00201678,2026-07-16 10:49:53.175849,Starter_Monthly,Monthly,29.0,United States,Paid Social
CNV_004652,USR_021363,SES_00174299,2026-07-16 13:58:48.780334,Starter_Monthly,Monthly,29.0,United States,Organic Search
CNV_005740,USR_030261,SES_00213174,2026-07-16 14:34:57.872169,Starter_Monthly,Monthly,29.0,United States,Direct
CNV_004387,USR_012332,SES_00164717,2026-07-16 15:22:56.419704,Pro_Monthly,Monthly,79.0,Germany,Paid Social
CNV_004542,USR_028543,SES_00170349,2026-07-16 15:41:54.500973,Starter_Monthly,Monthly,29.0,United States,Organic Search
CNV_005907,USR_006359,SES_00218658,2026-07-16 16:10:38.499371,Starter_Monthly,Monthly,29.0,Germany,Email Campaign
CNV_005691,USR_005924,SES_00211561,2026-07-16 16:39:07.716100,Pro_Monthly,Monthly,79.0,United States,Paid Social
CNV_004426,USR_013717,SES_00166175,2026-07-16 16:47:12.447183,Starter_Monthly,Monthly,29.0,United Kingdom,Paid Social
CNV_005814,USR_020000,SES_00215484,2026-07-16 18:01:39.350428,Pro_Monthly,Monthly,79.0,United Kingdom,Organic Search
CNV_003990,USR_023328,SES_00149215,2026-07-16 18:13:19.487111,Pro_Monthly,Monthly,79.0,United States,Referral
CNV_003173,USR_018247,SES_00117845,2026-07-16 19:21:14.680694,Starter_Annual,Annual,290.0,United States,Product Hunt
CNV_005506,USR_033581,SES_00205291,2026-07-16 19:26:52.396233,Starter_Monthly,Monthly,29.0,United States,Referral
CNV_005721,USR_000043,SES_00212448,2026-07-16 19:45:42.690548,Pro_Monthly,Monthly,79.0,India,Paid Social
CNV_003730,USR_006383,SES_00139753,2026-07-16 21:25:46.288741,Starter_Monthly,Monthly,29.0,Australia,Organic Search
CNV_005270,USR_031579,SES_00196510,2026-07-16 21:27:18.993338,Starter_Monthly,Monthly,29.0,United States,Organic Search
CNV_004690,USR_033572,SES_00175772,2026-07-16 21:32:41.865100,Pro_Monthly,Monthly,79.0,Germany,Paid Social
CNV_005507,USR_012000,SES_00205302,2026-07-16 21:52:22.350063,Starter_Monthly,Monthly,29.0,Germany,Paid Social
CNV_004814,USR_021457,SES_00180378,2026-07-16 23:36:53.592539,Starter_Monthly,Monthly,29.0,Germany,Organic Search
CNV_005407,USR_015064,SES_00201757,2026-07-17 00:02:23.366589,Pro_Monthly,Monthly,79.0,United States,Paid Social
CNV_004919,USR_010672,SES_00183984,2026-07-17 02:15:42.710177,Starter_Monthly,Monthly,29.0,United States,Referral
CNV_005935,USR_034181,SES_00219450,2026-07-17 02:18:05.015608,Starter_Monthly,Monthly,29.0,United States,Paid Social
CNV_005522,USR_011452,SES_00205676,2026-07-17 03:56:27.603539,Pro_Monthly,Monthly,79.0,United States,Product Hunt
CNV_005950,USR_034019,SES_00219905,2026-07-17 04:17:53.966173,Starter_Monthly,Monthly,29.0,Australia,Organic Search
CNV_005607,USR_015284,SES_00208670,2026-07-17 05:32:57.352691,Starter_Monthly,Monthly,29.0,United States,Referral
CNV_005057,USR_014705,SES_00189030,2026-07-17 05:55:35.022488,Pro_Monthly,Monthly,79.0,Canada,Paid Social
CNV_005214,USR_015945,SES_00194850,2026-07-17 06:08:19.931017,Starter_Monthly,Monthly,29.0,United States,Direct
CNV_004676,USR_003526,SES_00175179,2026-07-17 06:11:18.385044,Starter_Monthly,Monthly,29.0,United States,Referral
CNV_005671,USR_011191,SES_00210770,2026-07-17 07:09:48.918365,Starter_Monthly,Monthly,29.0,United States,Referral
CNV_005313,USR_034790,SES_00198024,2026-07-17 07:27:29.854886,Starter_Monthly,Monthly,29.0,United Kingdom,Paid Social
CNV_004831,USR_017232,SES_00180931,2026-07-17 07:58:34.674613,Starter_Monthly,Monthly,29.0,Australia,Paid Social
CNV_005497,USR_009624,SES_00205027,2026-07-17 09:18:55.352823,Starter_Monthly,Monthly,29.0,United States,Organic Search
CNV_004984,USR_009648,SES_00186452,2026-07-17 12:23:52.641059,Pro_Monthly,Monthly,79.0,Canada,Direct
CNV_005844,USR_015639,SES_00216483,2026-07-17 13:08:57.769386,Starter_Monthly,Monthly,29.0,United States,Paid Social
CNV_005300,USR_031837,SES_00197623,2026-07-17 14:46:31.376876,Pro_Annual,Annual,790.0,United Kingdom,Organic Search
CNV_005945,USR_008923,SES_00219760,2026-07-17 15:18:16.483218,Pro_Monthly,Monthly,79.0,United States,Referral
CNV_004640,USR_008468,SES_00173740,2026-07-17 17:07:53.130203,Starter_Monthly,Monthly,29.0,Germany,Referral
CNV_005012,USR_018214,SES_00187482,2026-07-17 17:47:30.166210,Starter_Monthly,Monthly,29.0,India,Direct
CNV_005600,USR_026171,SES_00208329,2026-07-17 18:39:45.880202,Pro_Annual,Annual,790.0,Canada,Direct
CNV_005724,USR_012134,SES_00212531,2026-07-17 20:32:11.537741,Pro_Monthly,Monthly,79.0,United States,Organic Search
CNV_005847,USR_016281,SES_00216656,2026-07-17 20:32:14.899390,Starter_Monthly,Monthly,29.0,Canada,Referral
CNV_005689,USR_030915,SES_00211482,2026-07-17 21:05:35.105545,Starter_Monthly,Monthly,29.0,United Kingdom,Email Campaign
CNV_005428,USR_017729,SES_00202457,2026-07-17 23:34:06.774003,Starter_Monthly,Monthly,29.0,Australia,Email Campaign
CNV_004374,USR_019218,SES_00164333,2026-07-18 00:24:29.209703,Pro_Monthly,Monthly,79.0,Germany,Organic Search
CNV_005348,USR_021398,SES_00199272,2026-07-18 02:52:04.693046,Pro_Annual,Annual,790.0,United States,Paid Social
CNV_005145,USR_011166,SES_00192888,2026-07-18 03:37:38.536000,Starter_Annual,Annual,290.0,France,Organic Search
CNV_005561,USR_014882,SES_00207062,2026-07-18 07:27:17.652847,Pro_Monthly,Monthly,79.0,United States,Product Hunt
CNV_005443,USR_015788,SES_00202857,2026-07-18 07:36:39.955250,Starter_Monthly,Monthly,29.0,United States,Direct
CNV_004998,USR_004296,SES_00186984,2026-07-18 08:04:46.853643,Starter_Monthly,Monthly,29.0,Germany,Paid Social
CNV_005488,USR_032165,SES_00204624,2026-07-18 08:12:39.119130,Starter_Monthly,Monthly,29.0,United States,Referral
CNV_005429,USR_020678,SES_00202481,2026-07-18 08:48:44.299349,Starter_Monthly,Monthly,29.0,United States,Referral
CNV_005766,USR_005523,SES_00214075,2026-07-18 09:06:54.479732,Pro_Monthly,Monthly,79.0,Canada,Paid Social
CNV_003662,USR_000583,SES_00136747,2026-07-18 09:22:11.318756,Starter_Monthly,Monthly,29.0,United States,Paid Social
CNV_003569,USR_021792,SES_00133002,2026-07-18 12:04:49.419565,Starter_Monthly,Monthly,29.0,United States,Organic Search
CNV_005693,USR_008122,SES_00211589,2026-07-18 13:17:00.590610,Starter_Annual,Annual,290.0,United States,Paid Social
CNV_005889,USR_006008,SES_00218090,2026-07-18 13:42:32.879297,Pro_Annual,Annual,790.0,United States,Paid Social
CNV_005775,USR_021901,SES_00214466,2026-07-18 14:59:18.509210,Pro_Monthly,Monthly,79.0,United States,Referral
CNV_005491,USR_023861,SES_00204710,2026-07-18 15:12:29.100740,Pro_Monthly,Monthly,79.0,United Kingdom,Direct
CNV_005904,USR_007693,SES_00218552,2026-07-18 16:16:52.770256,Pro_Monthly,Monthly,79.0,Australia,Referral
CNV_005354,USR_004631,SES_00199474,2026-07-18 17:49:31.353909,Pro_Annual,Annual,790.0,Germany,Organic Search
CNV_005842,USR_009929,SES_00216442,2026-07-18 18:49:47.477880,Starter_Monthly,Monthly,29.0,United States,Organic Search
CNV_004743,USR_030157,SES_00177790,2026-07-18 19:25:26.289678,Starter_Monthly,Monthly,29.0,United Kingdom,Product Hunt
CNV_005178,USR_019989,SES_00193753,2026-07-18 20:42:31.995802,Starter_Monthly,Monthly,29.0,United States,Direct
CNV_004756,USR_004306,SES_00178250,2026-07-18 21:31:08.444756,Starter_Monthly,Monthly,29.0,United Kingdom,Paid Social
CNV_005794,USR_000526,SES_00214881,2026-07-18 21:39:04.453214,Pro_Monthly,Monthly,79.0,Germany,Referral
CNV_004710,USR_031546,SES_00176514,2026-07-18 22:06:13.297171,Starter_Annual,Annual,290.0,United States,Referral
CNV_005135,USR_010198,SES_00192530,2026-07-19 01:12:34.042378,Starter_Monthly,Monthly,29.0,Germany,Organic Search
CNV_005983,USR_024215,SES_00221039,2026-07-19 01:48:43.255434,Starter_Monthly,Monthly,29.0,Australia,Direct
CNV_005888,USR_005157,SES_00218050,2026-07-19 01:57:51.788734,Starter_Monthly,Monthly,29.0,Australia,Paid Social
CNV_004791,USR_022632,SES_00179550,2026-07-19 05:56:37.975845,Pro_Annual,Annual,790.0,Australia,Referral
CNV_005247,USR_005115,SES_00195832,2026-07-19 07:20:16.980524,Starter_Monthly,Monthly,29.0,United Kingdom,Organic Search
CNV_005241,USR_031978,SES_00195680,2026-07-19 07:51:12.027728,Starter_Annual,Annual,290.0,United States,Organic Search
CNV_005800,USR_004432,SES_00215011,2026-07-19 08:24:10.598912,Starter_Monthly,Monthly,29.0,United States,Organic Search
CNV_005137,USR_033130,SES_00192659,2026-07-19 08:31:30.322743,Starter_Monthly,Monthly,29.0,Germany,Organic Search
CNV_005622,USR_007725,SES_00209263,2026-07-19 09:18:48.225002,Pro_Monthly,Monthly,79.0,United States,Organic Search
CNV_005283,USR_020665,SES_00196957,2026-07-19 10:15:09.720147,Starter_Annual,Annual,290.0,Australia,Organic Search
CNV_005110,USR_032212,SES_00191252,2026-07-19 10:19:36.457713,Enterprise,Custom,1999.0,India,Paid Social
CNV_005618,USR_009064,SES_00209090,2026-07-19 10:21:31.782816,Pro_Annual,Annual,790.0,United States,Organic Search
CNV_005273,USR_011594,SES_00196595,2026-07-19 10:34:13.517678,Starter_Monthly,Monthly,29.0,India,Organic Search
CNV_005774,USR_015094,SES_00214399,2026-07-19 11:33:33.339288,Starter_Monthly,Monthly,29.0,United Kingdom,Referral
CNV_005878,USR_021535,SES_00217671,2026-07-19 12:39:10.310242,Starter_Annual,Annual,290.0,France,Organic Search
CNV_005696,USR_012181,SES_00211670,2026-07-19 13:35:11.820412,Pro_Monthly,Monthly,79.0,United Kingdom,Organic Search
CNV_005205,USR_009048,SES_00194607,2026-07-19 14:22:45.490582,Pro_Monthly,Monthly,79.0,United States,Paid Social
CNV_005190,USR_014454,SES_00194125,2026-07-19 14:59:28.463408,Starter_Monthly,Monthly,29.0,United States,Organic Search
CNV_005489,USR_023813,SES_00204660,2026-07-19 16:13:43.880840,Pro_Monthly,Monthly,79.0,United States,Organic Search
CNV_005123,USR_007706,SES_00191919,2026-07-19 16:42:32.677911,Starter_Annual,Annual,290.0,Germany,Paid Social
CNV_005675,USR_024277,SES_00210893,2026-07-19 18:04:39.298467,Starter_Monthly,Monthly,29.0,United Kingdom,Organic Search
CNV_005224,USR_007979,SES_00195194,2026-07-19 18:09:10.642995,Pro_Monthly,Monthly,79.0,Germany,Organic Search
CNV_004370,USR_033331,SES_00164138,2026-07-19 18:53:59.223393,Pro_Annual,Annual,790.0,Germany,Direct
CNV_005211,USR_010480,SES_00194790,2026-07-19 21:12:23.165367,Pro_Monthly,Monthly,79.0,United States,Direct
CNV_005390,USR_025584,SES_00201182,2026-07-19 21:19:52.903965,Pro_Monthly,Monthly,79.0,Australia,Referral
CNV_005240,USR_000499,SES_00195640,2026-07-19 21:23:00.950353,Starter_Monthly,Monthly,29.0,United Kingdom,Referral
CNV_005625,USR_000906,SES_00209448,2026-07-19 21:31:08.717731,Pro_Annual,Annual,790.0,Australia,Direct
CNV_005856,USR_014701,SES_00216896,2026-07-19 22:28:49.237377,Pro_Monthly,Monthly,79.0,United States,Paid Social
CNV_005741,USR_009362,SES_00213184,2026-07-19 23:01:30.204956,Pro_Annual,Annual,790.0,United States,Organic Search
CNV_003925,USR_010520,SES_00146694,2026-07-19 23:22:19.034559,Pro_Monthly,Monthly,79.0,United States,Direct
CNV_004927,USR_010864,SES_00184316,2026-07-20 00:57:02.749330,Pro_Monthly,Monthly,79.0,France,Paid Social
CNV_005655,USR_014090,SES_00210320,2026-07-20 02:14:47.006786,Pro_Annual,Annual,790.0,Germany,Referral
CNV_005673,USR_032146,SES_00210811,2026-07-20 03:34:22.293713,Starter_Monthly,Monthly,29.0,Australia,Paid Social
CNV_005119,USR_012603,SES_00191541,2026-07-20 04:03:39.420895,Pro_Monthly,Monthly,79.0,United Kingdom,Organic Search
CNV_005338,USR_031593,SES_00199007,2026-07-20 04:38:13.564471,Starter_Annual,Annual,290.0,Australia,Organic Search
CNV_005780,USR_011913,SES_00214583,2026-07-20 04:47:02.160070,Pro_Monthly,Monthly,79.0,United States,Organic Search
CNV_002486,USR_027724,SES_00091384,2026-07-20 05:59:33.995873,Starter_Monthly,Monthly,29.0,Germany,Paid Social
CNV_005098,USR_001368,SES_00190644,2026-07-20 06:15:44.353322,Starter_Monthly,Monthly,29.0,United Kingdom,Organic Search
CNV_004841,USR_007766,SES_00181316,2026-07-20 06:49:02.489697,Starter_Monthly,Monthly,29.0,United Kingdom,Email Campaign
CNV_005550,USR_020443,SES_00206463,2026-07-20 06:51:50.869237,Pro_Monthly,Monthly,79.0,United States,Organic Search
CNV_004930,USR_004910,SES_00184463,2026-07-20 07:28:19.699233,Pro_Monthly,Monthly,79.0,Germany,Email Campaign
CNV_005047,USR_027377,SES_00188681,2026-07-20 07:35:00.195342,Starter_Annual,Annual,290.0,United Kingdom,Organic Search
CNV_004420,USR_013087,SES_00165997,2026-07-20 07:52:43.802622,Starter_Monthly,Monthly,29.0,United Kingdom,Paid Social
CNV_004186,USR_015697,SES_00156818,2026-07-20 08:41:15.030696,Starter_Monthly,Monthly,29.0,United States,Organic Search
CNV_003617,USR_005301,SES_00134746,2026-07-20 10:45:41.923304,Starter_Monthly,Monthly,29.0,Australia,Paid Social
CNV_005146,USR_001531,SES_00192926,2026-07-20 10:47:33.616307,Starter_Monthly,Monthly,29.0,United States,Paid Social
CNV_005681,USR_032713,SES_00211173,2026-07-20 12:23:11.303964,Starter_Monthly,Monthly,29.0,United States,Organic Search
CNV_003557,USR_026345,SES_00132605,2026-07-20 12:54:26.446240,Pro_Monthly,Monthly,79.0,United States,Paid Social
CNV_005254,USR_018887,SES_00195995,2026-07-20 13:00:36.844404,Pro_Monthly,Monthly,79.0,Canada,Referral
CNV_005524,USR_022181,SES_00205812,2026-07-20 13:15:19.489582,Starter_Monthly,Monthly,29.0,United Kingdom,Direct
CNV_005832,USR_009158,SES_00216094,2026-07-20 13:15:43.003085,Pro_Annual,Annual,790.0,United Kingdom,Email Campaign
CNV_005789,USR_011835,SES_00214781,2026-07-20 13:39:59.314948,Pro_Monthly,Monthly,79.0,Germany,Direct
CNV_005943,USR_010505,SES_00219681,2026-07-20 13:42:07.466028,Starter_Monthly,Monthly,29.0,United States,Referral
CNV_005295,USR_026304,SES_00197493,2026-07-20 14:05:16.964944,Starter_Annual,Annual,290.0,France,Paid Social
CNV_003150,USR_013298,SES_00116941,2026-07-20 15:18:51.505681,Starter_Monthly,Monthly,29.0,Australia,Organic Search
CNV_005356,USR_031240,SES_00199537,2026-07-20 16:21:46.871846,Starter_Monthly,Monthly,29.0,Australia,Organic Search
CNV_005632,USR_025623,SES_00209659,2026-07-20 16:46:26.383688,Starter_Monthly,Monthly,29.0,United States,Organic Search
CNV_004758,USR_011478,SES_00178338,2026-07-20 16:54:32.922203,Starter_Monthly,Monthly,29.0,United Kingdom,Direct
CNV_004101,USR_015232,SES_00153261,2026-07-20 18:20:49.118746,Starter_Monthly,Monthly,29.0,United Kingdom,Paid Social
CNV_005464,USR_010682,SES_00203648,2026-07-20 19:18:36.453330,Starter_Annual,Annual,290.0,India,Organic Search
CNV_004592,USR_025274,SES_00172203,2026-07-20 19:43:00.105093,Pro_Monthly,Monthly,79.0,Germany,Organic Search
CNV_005903,USR_014137,SES_00218488,2026-07-20 19:43:11.080629,Pro_Monthly,Monthly,79.0,United Kingdom,Referral
CNV_004098,USR_013278,SES_00153103,2026-07-20 19:50:42.220463,Pro_Annual,Annual,790.0,Germany,Organic Search
CNV_005711,USR_032328,SES_00212083,2026-07-20 20:01:32.054614,Starter_Monthly,Monthly,29.0,Germany,Organic Search
CNV_005417,USR_027219,SES_00202020,2026-07-20 20:28:40.242122,Pro_Annual,Annual,790.0,India,Direct
CNV_004412,USR_010220,SES_00165746,2026-07-20 21:07:11.176509,Pro_Monthly,Monthly,79.0,Germany,Referral
CNV_004731,USR_011254,SES_00177404,2026-07-20 21:25:42.263690,Starter_Monthly,Monthly,29.0,Canada,Organic Search
CNV_005767,USR_015607,SES_00214166,2026-07-20 21:30:54.430821,Starter_Monthly,Monthly,29.0,United States,Organic Search
CNV_002729,USR_013520,SES_00101041,2026-07-20 22:01:30.462510,Starter_Annual,Annual,290.0,United States,Paid Social
CNV_005777,USR_009518,SES_00214490,2026-07-20 23:22:48.125410,Starter_Monthly,Monthly,29.0,United States,Paid Social
CNV_005563,USR_005363,SES_00207118,2026-07-20 23:33:01.167894,Starter_Monthly,Monthly,29.0,United Kingdom,Organic Search
CNV_004638,USR_003746,SES_00173670,2026-07-21 00:25:44.702040,Pro_Monthly,Monthly,79.0,United States,Product Hunt
CNV_004649,USR_031671,SES_00174205,2026-07-21 01:15:39.979523,Pro_Annual,Annual,790.0,India,Paid Social
CNV_004476,USR_000566,SES_00168015,2026-07-21 01:47:28.230760,Pro_Annual,Annual,790.0,United States,Paid Social
CNV_004565,USR_016505,SES_00171200,2026-07-21 03:13:02.912991,Pro_Annual,Annual,790.0,India,Organic Search
CNV_004918,USR_025916,SES_00183965,2026-07-21 03:24:22.055375,Starter_Monthly,Monthly,29.0,United States,Organic Search
CNV_005552,USR_030425,SES_00206557,2026-07-21 03:36:23.480021,Enterprise,Custom,1999.0,United States,Referral
CNV_004955,USR_032015,SES_00185351,2026-07-21 04:32:40.121335,Pro_Monthly,Monthly,79.0,Germany,Product Hunt
CNV_005940,USR_023461,SES_00219614,2026-07-21 05:54:20.046293,Pro_Monthly,Monthly,79.0,Australia,Paid Social
CNV_005705,USR_024776,SES_00211918,2026-07-21 06:11:09.369237,Starter_Monthly,Monthly,29.0,India,Organic Search
CNV_004875,USR_029804,SES_00182431,2026-07-21 07:01:13.231989,Starter_Annual,Annual,290.0,France,Paid Social
CNV_005937,USR_034043,SES_00219500,2026-07-21 08:22:19.479906,Starter_Monthly,Monthly,29.0,United States,Referral
CNV_005667,USR_005975,SES_00210653,2026-07-21 08:51:57.203142,Starter_Monthly,Monthly,29.0,Germany,Paid Social
CNV_005987,USR_011730,SES_00221158,2026-07-21 09:09:13.622764,Pro_Monthly,Monthly,79.0,United Kingdom,Organic Search
CNV_005086,USR_018474,SES_00190112,2026-07-21 09:48:39.886706,Pro_Monthly,Monthly,79.0,United States,Organic Search
CNV_005979,USR_003876,SES_00220879,2026-07-21 10:39:04.076631,Starter_Monthly,Monthly,29.0,Australia,Organic Search
CNV_005017,USR_023427,SES_00187651,2026-07-21 10:42:13.812363,Starter_Annual,Annual,290.0,Canada,Paid Social
CNV_005108,USR_030194,SES_00191216,2026-07-21 11:34:34.215813,Starter_Monthly,Monthly,29.0,India,Paid Social
CNV_005853,USR_020353,SES_00216778,2026-07-21 13:04:48.641506,Pro_Annual,Annual,790.0,Australia,Organic Search
CNV_005202,USR_032656,SES_00194517,2026-07-21 13:33:20.479281,Pro_Annual,Annual,790.0,United States,Paid Social
CNV_005830,USR_034889,SES_00216011,2026-07-21 14:08:11.746026,Starter_Monthly,Monthly,29.0,United States,Organic Search
CNV_005196,USR_029603,SES_00194293,2026-07-21 15:45:37.060565,Pro_Monthly,Monthly,79.0,Germany,Organic Search
CNV_005422,USR_032002,SES_00202225,2026-07-21 16:52:48.863543,Pro_Monthly,Monthly,79.0,Canada,Organic Search
CNV_005916,USR_022228,SES_00218994,2026-07-21 17:24:56.848382,Pro_Annual,Annual,790.0,Canada,Email Campaign
CNV_005016,USR_016087,SES_00187625,2026-07-21 19:20:18.580804,Starter_Monthly,Monthly,29.0,India,Referral
CNV_004065,USR_011343,SES_00151969,2026-07-21 20:33:00.663507,Starter_Annual,Annual,290.0,United States,Paid Social
CNV_005074,USR_028767,SES_00189630,2026-07-21 20:41:03.793056,Starter_Monthly,Monthly,29.0,United States,Referral
CNV_004120,USR_008134,SES_00154127,2026-07-21 20:48:49.447865,Starter_Annual,Annual,290.0,Canada,Direct
CNV_005398,USR_007092,SES_00201493,2026-07-21 21:00:56.750513,Starter_Monthly,Monthly,29.0,Australia,Organic Search
CNV_005988,USR_002365,SES_00221167,2026-07-21 23:06:54.288710,Starter_Annual,Annual,290.0,United Kingdom,Direct
CNV_004779,USR_031769,SES_00179042,2026-07-21 23:42:46.093522,Enterprise,Custom,1999.0,United States,Organic Search
CNV_003051,USR_011936,SES_00112662,2026-07-21 23:54:02.484307,Pro_Monthly,Monthly,79.0,United States,Organic Search
CNV_003265,USR_006546,SES_00121617,2026-07-22 00:23:29.830433,Starter_Monthly,Monthly,29.0,India,Referral
CNV_005159,USR_021229,SES_00193389,2026-07-22 01:36:05.606173,Pro_Monthly,Monthly,79.0,United States,Direct
CNV_005182,USR_007380,SES_00193976,2026-07-22 02:28:32.353848,Pro_Monthly,Monthly,79.0,United Kingdom,Organic Search
CNV_005793,USR_024982,SES_00214872,2026-07-22 02:59:18.151638,Starter_Annual,Annual,290.0,Germany,Paid Social
CNV_005155,USR_016495,SES_00193325,2026-07-22 03:21:08.230822,Pro_Annual,Annual,790.0,United States,Direct
CNV_004401,USR_027945,SES_00165298,2026-07-22 03:35:01.563812,Starter_Monthly,Monthly,29.0,United States,Direct
CNV_005792,USR_015229,SES_00214851,2026-07-22 03:59:04.310801,Starter_Annual,Annual,290.0,United States,Product Hunt
CNV_005044,USR_032494,SES_00188546,2026-07-22 04:34:17.548434,Starter_Monthly,Monthly,29.0,United States,Organic Search
CNV_005519,USR_005114,SES_00205630,2026-07-22 05:31:39.919474,Starter_Monthly,Monthly,29.0,Australia,Organic Search
CNV_004843,USR_002227,SES_00181433,2026-07-22 05:52:06.526282,Pro_Monthly,Monthly,79.0,Canada,Direct
CNV_004973,USR_021773,SES_00185960,2026-07-22 06:32:24.063069,Pro_Monthly,Monthly,79.0,United States,Paid Social
CNV_005448,USR_006558,SES_00202982,2026-07-22 08:12:41.829771,Starter_Monthly,Monthly,29.0,United States,Organic Search
CNV_004527,USR_022382,SES_00169850,2026-07-22 08:22:11.527320,Starter_Annual,Annual,290.0,United Kingdom,Direct
CNV_004624,USR_027705,SES_00173270,2026-07-22 08:24:30.979238,Pro_Monthly,Monthly,79.0,France,Organic Search
CNV_005050,USR_026941,SES_00188828,2026-07-22 09:01:27.299960,Starter_Annual,Annual,290.0,United Kingdom,Direct
CNV_005029,USR_032751,SES_00187919,2026-07-22 09:44:44.953087,Starter_Annual,Annual,290.0,United States,Organic Search
CNV_005838,USR_004370,SES_00216270,2026-07-22 10:15:17.115657,Pro_Annual,Annual,790.0,United States,Organic Search
CNV_005450,USR_008802,SES_00203179,2026-07-22 10:25:08.910377,Pro_Annual,Annual,790.0,Canada,Organic Search
CNV_005336,USR_024116,SES_00198891,2026-07-22 10:42:23.305639,Starter_Annual,Annual,290.0,Germany,Organic Search
CNV_005553,USR_031510,SES_00206567,2026-07-22 11:33:55.945248,Pro_Monthly,Monthly,79.0,Canada,Paid Social
CNV_001642,USR_021360,SES_00061436,2026-07-22 11:41:32.325030,Starter_Monthly,Monthly,29.0,United States,Organic Search
CNV_004718,USR_016112,SES_00176861,2026-07-22 13:40:23.563164,Starter_Monthly,Monthly,29.0,Canada,Referral
CNV_005381,USR_020393,SES_00200725,2026-07-22 13:57:17.802578,Starter_Monthly,Monthly,29.0,India,Referral
CNV_005587,USR_007202,SES_00207989,2026-07-22 15:34:23.241756,Starter_Monthly,Monthly,29.0,United States,Paid Social
CNV_005578,USR_014660,SES_00207644,2026-07-22 15:41:07.409755,Pro_Annual,Annual,790.0,United States,Organic Search
CNV_005421,USR_005644,SES_00202125,2026-07-22 15:47:34.956484,Pro_Monthly,Monthly,79.0,United States,Direct
CNV_004983,USR_028142,SES_00186440,2026-07-22 16:17:52.628316,Starter_Monthly,Monthly,29.0,United States,Organic Search
CNV_005620,USR_012012,SES_00209178,2026-07-22 19:13:12.561321,Pro_Annual,Annual,790.0,United Kingdom,Organic Search
CNV_004483,USR_028973,SES_00168192,2026-07-22 19:42:30.018152,Starter_Annual,Annual,290.0,Australia,Email Campaign
CNV_005688,USR_012236,SES_00211438,2026-07-22 20:05:26.144626,Starter_Annual,Annual,290.0,France,Direct
CNV_004975,USR_015638,SES_00186104,2026-07-22 20:24:42.503411,Starter_Monthly,Monthly,29.0,Canada,Organic Search
CNV_005929,USR_028433,SES_00219340,2026-07-22 21:05:41.717812,Starter_Monthly,Monthly,29.0,United States,Direct
CNV_005714,USR_022296,SES_00212130,2026-07-22 21:52:49.917363,Pro_Monthly,Monthly,79.0,United States,Paid Social
CNV_005968,USR_022009,SES_00220506,2026-07-22 22:33:54.574095,Starter_Annual,Annual,290.0,India,Organic Search
CNV_004636,USR_003308,SES_00173613,2026-07-22 23:53:45.961240,Pro_Monthly,Monthly,79.0,United Kingdom,Organic Search
CNV_005957,USR_014477,SES_00220079,2026-07-23 01:14:29.243656,Pro_Monthly,Monthly,79.0,United States,Organic Search
CNV_006030,USR_006918,SES_00223062,2026-07-23 01:21:06.037014,Pro_Monthly,Monthly,79.0,United States,Direct
CNV_004854,USR_009303,SES_00181715,2026-07-23 03:22:44.387104,Starter_Monthly,Monthly,29.0,India,Direct
CNV_005440,USR_006651,SES_00202773,2026-07-23 05:15:57.719515,Starter_Monthly,Monthly,29.0,United Kingdom,Direct
CNV_003518,USR_027838,SES_00131075,2026-07-23 05:25:48.587768,Starter_Monthly,Monthly,29.0,Germany,Direct
CNV_004698,USR_014768,SES_00176103,2026-07-23 05:32:02.377929,Pro_Monthly,Monthly,79.0,United States,Paid Social
CNV_004993,USR_004836,SES_00186799,2026-07-23 06:14:25.111051,Enterprise,Custom,1999.0,United States,Paid Social
CNV_005885,USR_006087,SES_00217927,2026-07-23 06:53:45.530662,Starter_Monthly,Monthly,29.0,United Kingdom,Referral
CNV_006048,USR_007685,SES_00223834,2026-07-23 06:58:53.299873,Starter_Monthly,Monthly,29.0,United Kingdom,Paid Social
CNV_002049,USR_004940,SES_00075141,2026-07-23 07:23:48.904891,Pro_Monthly,Monthly,79.0,United States,Organic Search
CNV_005543,USR_026336,SES_00206252,2026-07-23 10:00:26.381857,Pro_Monthly,Monthly,79.0,India,Paid Social
CNV_003670,USR_008503,SES_00137093,2026-07-23 11:48:22.431124,Pro_Monthly,Monthly,79.0,India,Organic Search
CNV_004859,USR_008118,SES_00181850,2026-07-23 12:13:23.756758,Starter_Monthly,Monthly,29.0,United States,Paid Social
CNV_005927,USR_023412,SES_00219269,2026-07-23 12:25:01.951608,Pro_Monthly,Monthly,79.0,Germany,Organic Search
CNV_004778,USR_030209,SES_00179031,2026-07-23 13:15:43.331041,Pro_Monthly,Monthly,79.0,United States,Organic Search
CNV_006018,USR_023893,SES_00222576,2026-07-23 13:29:05.371918,Starter_Monthly,Monthly,29.0,India,Email Campaign
CNV_004777,USR_020381,SES_00179000,2026-07-23 14:32:55.626489,Starter_Monthly,Monthly,29.0,United States,Paid Social
CNV_005442,USR_017250,SES_00202846,2026-07-23 14:50:49.997389,Starter_Monthly,Monthly,29.0,United Kingdom,Direct
CNV_005089,USR_026738,SES_00190204,2026-07-23 16:39:02.906635,Starter_Monthly,Monthly,29.0,United States,Paid Social
CNV_005041,USR_003758,SES_00188479,2026-07-23 17:23:35.471599,Pro_Annual,Annual,790.0,United States,Organic Search
CNV_005621,USR_001196,SES_00209234,2026-07-23 18:23:59.496066,Starter_Monthly,Monthly,29.0,United States,Organic Search
CNV_003835,USR_006258,SES_00143496,2026-07-23 19:03:39.177260,Starter_Annual,Annual,290.0,United States,Paid Social
CNV_005104,USR_003283,SES_00191083,2026-07-23 19:33:37.596752,Starter_Monthly,Monthly,29.0,United States,Organic Search
CNV_005684,USR_006610,SES_00211273,2026-07-23 20:35:46.597057,Starter_Annual,Annual,290.0,United Kingdom,Direct
CNV_006025,USR_030025,SES_00222889,2026-07-23 22:42:00.818929,Starter_Monthly,Monthly,29.0,United States,Organic Search
CNV_005918,USR_003339,SES_00219029,2026-07-23 23:06:57.452228,Pro_Monthly,Monthly,79.0,United States,Paid Social
CNV_005462,USR_018848,SES_00203555,2026-07-24 00:57:09.013083,Starter_Monthly,Monthly,29.0,United Kingdom,Direct
CNV_005560,USR_015369,SES_00207014,2026-07-24 02:01:40.599657,Pro_Monthly,Monthly,79.0,India,Organic Search
CNV_002202,USR_021932,SES_00081202,2026-07-24 02:19:54.468846,Pro_Monthly,Monthly,79.0,United States,Organic Search
CNV_005259,USR_027990,SES_00196216,2026-07-24 03:20:32.449680,Pro_Monthly,Monthly,79.0,United States,Organic Search
CNV_005901,USR_033953,SES_00218454,2026-07-24 04:15:15.399983,Starter_Monthly,Monthly,29.0,United States,Organic Search
CNV_004231,USR_034389,SES_00158528,2026-07-24 05:06:36.876586,Starter_Monthly,Monthly,29.0,United States,Referral
CNV_005920,USR_003215,SES_00219095,2026-07-24 05:19:55.057464,Pro_Monthly,Monthly,79.0,United States,Organic Search
CNV_005991,USR_025866,SES_00221407,2026-07-24 08:14:18.063754,Pro_Monthly,Monthly,79.0,United States,Organic Search
CNV_005812,USR_004641,SES_00215371,2026-07-24 08:58:57.999929,Pro_Monthly,Monthly,79.0,Germany,Direct
CNV_005477,USR_015267,SES_00204202,2026-07-24 09:13:37.251899,Starter_Annual,Annual,290.0,United States,Organic Search
CNV_005013,USR_029717,SES_00187525,2026-07-24 09:33:48.149644,Pro_Monthly,Monthly,79.0,Canada,Paid Social
CNV_005871,USR_005579,SES_00217456,2026-07-24 10:48:30.298882,Starter_Monthly,Monthly,29.0,France,Direct
CNV_005963,USR_020868,SES_00220290,2026-07-24 12:19:05.206216,Starter_Monthly,Monthly,29.0,United States,Paid Social
CNV_006016,USR_007189,SES_00222540,2026-07-24 12:51:40.388720,Starter_Annual,Annual,290.0,United States,Organic Search
CNV_005825,USR_001189,SES_00215829,2026-07-24 12:54:53.881572,Pro_Monthly,Monthly,79.0,United States,Paid Social
CNV_003948,USR_012094,SES_00147398,2026-07-24 12:59:37.172338,Pro_Monthly,Monthly,79.0,India,Organic Search
CNV_005179,USR_001947,SES_00193889,2026-07-24 13:23:03.815502,Starter_Monthly,Monthly,29.0,Germany,Direct
CNV_006076,USR_020390,SES_00224423,2026-07-24 13:30:39.455465,Pro_Monthly,Monthly,79.0,France,Direct
CNV_005487,USR_014942,SES_00204603,2026-07-24 14:15:22.250430,Starter_Monthly,Monthly,29.0,United States,Paid Social
CNV_005481,USR_027855,SES_00204371,2026-07-24 14:28:46.863992,Starter_Annual,Annual,290.0,United Kingdom,Paid Social
CNV_005383,USR_024759,SES_00200786,2026-07-24 14:57:34.847430,Starter_Monthly,Monthly,29.0,Germany,Organic Search
CNV_003748,USR_004975,SES_00140470,2026-07-24 15:27:49.497727,Starter_Monthly,Monthly,29.0,Australia,Organic Search
CNV_005492,USR_013116,SES_00204739,2026-07-24 16:38:03.275641,Pro_Annual,Annual,790.0,India,Organic Search
CNV_005378,USR_030925,SES_00200599,2026-07-24 17:34:11.267293,Starter_Monthly,Monthly,29.0,Australia,Email Campaign
CNV_006093,USR_018790,SES_00225114,2026-07-24 18:03:12.051105,Starter_Monthly,Monthly,29.0,United States,Organic Search
CNV_005894,USR_031429,SES_00218217,2026-07-24 22:24:08.107035,Starter_Monthly,Monthly,29.0,United States,Referral
CNV_004657,USR_031655,SES_00174481,2026-07-25 00:15:54.040154,Starter_Annual,Annual,290.0,United States,Email Campaign
CNV_005251,USR_000675,SES_00195920,2026-07-25 00:34:52.180397,Starter_Annual,Annual,290.0,United Kingdom,Organic Search
CNV_005956,USR_002317,SES_00220064,2026-07-25 00:51:55.014406,Starter_Monthly,Monthly,29.0,United States,Email Campaign
CNV_005845,USR_012390,SES_00216572,2026-07-25 02:39:51.333961,Starter_Monthly,Monthly,29.0,United Kingdom,Referral
CNV_005120,USR_010455,SES_00191565,2026-07-25 03:07:58.710038,Starter_Annual,Annual,290.0,United States,Direct
CNV_005902,USR_030565,SES_00218473,2026-07-25 04:41:28.234675,Pro_Monthly,Monthly,79.0,Canada,Organic Search
CNV_003180,USR_026570,SES_00118239,2026-07-25 05:08:25.542162,Pro_Monthly,Monthly,79.0,Australia,Direct
CNV_005747,USR_014698,SES_00213270,2026-07-25 06:45:05.447648,Pro_Monthly,Monthly,79.0,United Kingdom,Organic Search
CNV_005171,USR_017906,SES_00193623,2026-07-25 07:15:24.837049,Starter_Annual,Annual,290.0,United States,Referral
CNV_005388,USR_033054,SES_00201023,2026-07-25 07:41:32.856378,Pro_Annual,Annual,790.0,Canada,Email Campaign
CNV_005811,USR_029924,SES_00215328,2026-07-25 07:42:32.657507,Starter_Monthly,Monthly,29.0,Canada,Organic Search
CNV_004364,USR_014272,SES_00163805,2026-07-25 08:11:11.282411,Pro_Monthly,Monthly,79.0,Australia,Product Hunt
CNV_005416,USR_021254,SES_00202000,2026-07-25 08:19:10.493464,Pro_Monthly,Monthly,79.0,Canada,Direct
CNV_005094,USR_030842,SES_00190370,2026-07-25 08:27:18.613676,Pro_Monthly,Monthly,79.0,United States,Paid Social
CNV_004122,USR_002478,SES_00154217,2026-07-25 08:53:50.851054,Starter_Annual,Annual,290.0,India,Email Campaign
CNV_002446,USR_019495,SES_00090088,2026-07-25 10:23:23.792527,Pro_Monthly,Monthly,79.0,Canada,Email Campaign
CNV_005598,USR_031303,SES_00208292,2026-07-25 12:58:49.965338,Pro_Monthly,Monthly,79.0,United States,Paid Social
CNV_005969,USR_023985,SES_00220571,2026-07-25 13:53:55.037008,Pro_Monthly,Monthly,79.0,United States,Organic Search
CNV_005701,USR_000270,SES_00211837,2026-07-25 15:26:41.358427,Starter_Annual,Annual,290.0,India,Paid Social
CNV_005534,USR_015969,SES_00206035,2026-07-25 16:10:08.859118,Pro_Monthly,Monthly,79.0,United States,Direct
CNV_004610,USR_006367,SES_00172904,2026-07-25 16:43:49.956877,Starter_Annual,Annual,290.0,Germany,Organic Search
CNV_006060,USR_015793,SES_00224101,2026-07-25 17:26:29.901411,Pro_Monthly,Monthly,79.0,Germany,Organic Search
CNV_004961,USR_022992,SES_00185605,2026-07-25 17:48:37.369118,Starter_Monthly,Monthly,29.0,United States,Paid Social
CNV_006055,USR_029574,SES_00223952,2026-07-25 18:28:58.065378,Pro_Monthly,Monthly,79.0,France,Email Campaign
CNV_006107,USR_012895,SES_00225513,2026-07-25 18:55:42.718063,Pro_Monthly,Monthly,79.0,India,Organic Search
CNV_005545,USR_025448,SES_00206294,2026-07-25 19:05:17.917809,Starter_Monthly,Monthly,29.0,United States,Referral
CNV_005191,USR_014693,SES_00194141,2026-07-25 20:21:07.184191,Starter_Monthly,Monthly,29.0,France,Organic Search
CNV_003844,USR_011742,SES_00143956,2026-07-25 20:49:24.775801,Starter_Monthly,Monthly,29.0,Germany,Paid Social
CNV_006028,USR_003637,SES_00223003,2026-07-25 20:56:35.764287,Enterprise,Custom,1999.0,United States,Organic Search
CNV_003682,USR_011131,SES_00137612,2026-07-25 22:00:28.785014,Starter_Monthly,Monthly,29.0,United States,Organic Search
CNV_004148,USR_026536,SES_00155227,2026-07-25 22:57:54.226630,Starter_Monthly,Monthly,29.0,United Kingdom,Referral
CNV_005972,USR_018677,SES_00220696,2026-07-25 23:13:27.812283,Starter_Monthly,Monthly,29.0,United States,Organic Search
CNV_005258,USR_026231,SES_00196181,2026-07-25 23:13:30.112173,Starter_Monthly,Monthly,29.0,United Kingdom,Paid Social
CNV_005495,USR_027959,SES_00204912,2026-07-25 23:43:34.605020,Pro_Monthly,Monthly,79.0,Germany,Email Campaign
CNV_004222,USR_030108,SES_00158254,2026-07-26 00:02:03.052411,Starter_Monthly,Monthly,29.0,Canada,Referral
CNV_005779,USR_015727,SES_00214562,2026-07-26 00:42:18.239881,Starter_Annual,Annual,290.0,United Kingdom,Paid Social
CNV_003655,USR_016844,SES_00136419,2026-07-26 01:05:46.452104,Starter_Monthly,Monthly,29.0,United States,Direct
CNV_005930,USR_027567,SES_00219347,2026-07-26 02:02:51.094033,Pro_Monthly,Monthly,79.0,Germany,Email Campaign
CNV_006003,USR_031892,SES_00222117,2026-07-26 02:23:58.748390,Starter_Monthly,Monthly,29.0,France,Direct
CNV_005939,USR_010137,SES_00219603,2026-07-26 02:26:47.939228,Starter_Monthly,Monthly,29.0,United Kingdom,Direct
CNV_005848,USR_006135,SES_00216666,2026-07-26 02:33:30.286658,Starter_Monthly,Monthly,29.0,United States,Email Campaign
CNV_005866,USR_004436,SES_00217215,2026-07-26 02:39:45.401779,Pro_Annual,Annual,790.0,France,Paid Social
CNV_005917,USR_004524,SES_00219009,2026-07-26 03:18:39.310422,Starter_Monthly,Monthly,29.0,United States,Paid Social
CNV_005483,USR_022215,SES_00204507,2026-07-26 03:47:57.219176,Enterprise,Custom,1999.0,United States,Organic Search
CNV_006081,USR_023542,SES_00224561,2026-07-26 07:06:26.303975,Starter_Monthly,Monthly,29.0,Australia,Email Campaign
CNV_005032,USR_022338,SES_00188082,2026-07-26 07:44:34.257408,Starter_Monthly,Monthly,29.0,Germany,Organic Search
CNV_004782,USR_032521,SES_00179130,2026-07-26 07:57:45.610992,Starter_Annual,Annual,290.0,United States,Direct
CNV_004153,USR_020460,SES_00155390,2026-07-26 08:09:08.119278,Pro_Annual,Annual,790.0,United States,Referral
CNV_005819,USR_007973,SES_00215704,2026-07-26 08:18:34.856659,Pro_Annual,Annual,790.0,United States,Direct
CNV_005713,USR_031405,SES_00212113,2026-07-26 08:21:26.659644,Pro_Monthly,Monthly,79.0,United Kingdom,Paid Social
CNV_004949,USR_023362,SES_00185146,2026-07-26 08:43:41.170460,Starter_Monthly,Monthly,29.0,United Kingdom,Direct
CNV_005549,USR_033503,SES_00206438,2026-07-26 11:10:59.492914,Pro_Monthly,Monthly,79.0,Australia,Organic Search
CNV_005564,USR_034101,SES_00207195,2026-07-26 11:26:09.824987,Starter_Annual,Annual,290.0,United States,Organic Search
CNV_005912,USR_008991,SES_00218828,2026-07-26 11:28:39.219102,Starter_Annual,Annual,290.0,India,Direct
CNV_004451,USR_031951,SES_00167150,2026-07-26 11:38:56.211604,Pro_Monthly,Monthly,79.0,United States,Paid Social
CNV_006075,USR_015701,SES_00224391,2026-07-26 13:58:42.088318,Starter_Monthly,Monthly,29.0,United Kingdom,Product Hunt
CNV_003676,USR_010702,SES_00137408,2026-07-26 16:34:01.625948,Pro_Monthly,Monthly,79.0,United States,Direct
CNV_005226,USR_019855,SES_00195252,2026-07-26 16:34:36.746854,Pro_Monthly,Monthly,79.0,Germany,Organic Search
CNV_005331,USR_004489,SES_00198768,2026-07-26 17:02:26.964817,Pro_Monthly,Monthly,79.0,India,Direct
CNV_003951,USR_012628,SES_00147590,2026-07-26 17:44:02.512710,Starter_Monthly,Monthly,29.0,France,Organic Search
CNV_005327,USR_020371,SES_00198584,2026-07-26 17:57:38.720278,Pro_Monthly,Monthly,79.0,Germany,Organic Search
CNV_005562,USR_033890,SES_00207087,2026-07-26 20:01:38.169958,Starter_Monthly,Monthly,29.0,United States,Email Campaign
CNV_006001,USR_002824,SES_00222070,2026-07-26 20:31:10.542966,Starter_Monthly,Monthly,29.0,Canada,Referral
CNV_005749,USR_004389,SES_00213299,2026-07-26 20:57:38.785309,Starter_Monthly,Monthly,29.0,Australia,Direct
CNV_004754,USR_029463,SES_00178199,2026-07-26 21:13:04.345200,Starter_Monthly,Monthly,29.0,India,Organic Search
CNV_005478,USR_019323,SES_00204251,2026-07-26 22:05:27.768929,Starter_Monthly,Monthly,29.0,United States,Organic Search
CNV_004629,USR_011669,SES_00173457,2026-07-27 00:08:25.782761,Starter_Monthly,Monthly,29.0,India,Organic Search
CNV_005583,USR_007962,SES_00207771,2026-07-27 00:29:01.572187,Starter_Annual,Annual,290.0,United Kingdom,Direct
CNV_004659,USR_033614,SES_00174594,2026-07-27 02:15:22.064117,Starter_Monthly,Monthly,29.0,United States,Organic Search
CNV_005653,USR_034110,SES_00210293,2026-07-27 03:34:18.777740,Starter_Monthly,Monthly,29.0,United States,Paid Social
CNV_004811,USR_021578,SES_00180272,2026-07-27 06:15:43.301185,Pro_Monthly,Monthly,79.0,United Kingdom,Organic Search
CNV_005919,USR_019618,SES_00219045,2026-07-27 06:44:34.999362,Starter_Monthly,Monthly,29.0,United States,Organic Search
CNV_005685,USR_030450,SES_00211317,2026-07-27 06:58:46.172772,Pro_Annual,Annual,790.0,United States,Organic Search
CNV_005855,USR_010770,SES_00216887,2026-07-27 08:54:16.506602,Starter_Monthly,Monthly,29.0,United Kingdom,Email Campaign
CNV_005735,USR_026716,SES_00213017,2026-07-27 09:11:47.133554,Pro_Monthly,Monthly,79.0,United States,Paid Social
CNV_006072,USR_034924,SES_00224298,2026-07-27 09:18:40.383708,Starter_Annual,Annual,290.0,United States,Organic Search
CNV_005007,USR_005634,SES_00187295,2026-07-27 12:57:14.945084,Starter_Monthly,Monthly,29.0,United States,Paid Social
CNV_005643,USR_030547,SES_00209992,2026-07-27 13:11:04.685362,Starter_Monthly,Monthly,29.0,United States,Paid Social
CNV_005795,USR_030938,SES_00214922,2026-07-27 15:04:37.248744,Pro_Annual,Annual,790.0,United States,Paid Social
CNV_003658,USR_004730,SES_00136527,2026-07-27 15:14:30.494961,Pro_Monthly,Monthly,79.0,United States,Direct
CNV_005248,USR_024831,SES_00195843,2026-07-27 15:15:59.243692,Pro_Monthly,Monthly,79.0,Canada,Direct
CNV_004394,USR_005598,SES_00164833,2026-07-27 16:11:42.194461,Starter_Annual,Annual,290.0,Canada,Product Hunt
CNV_005967,USR_029287,SES_00220421,2026-07-27 16:13:43.213802,Starter_Monthly,Monthly,29.0,United Kingdom,Referral
CNV_003631,USR_024094,SES_00135231,2026-07-27 16:17:55.768581,Pro_Annual,Annual,790.0,Canada,Organic Search
CNV_005396,USR_000496,SES_00201404,2026-07-27 17:20:08.895129,Starter_Monthly,Monthly,29.0,United States,Paid Social
CNV_005393,USR_011173,SES_00201284,2026-07-27 17:50:12.062362,Pro_Monthly,Monthly,79.0,United States,Product Hunt
CNV_004073,USR_032916,SES_00152179,2026-07-27 19:59:10.595435,Pro_Monthly,Monthly,79.0,Canada,Paid Social
CNV_006106,USR_013966,SES_00225507,2026-07-27 20:21:25.850404,Pro_Monthly,Monthly,79.0,France,Direct
CNV_005781,USR_003086,SES_00214609,2026-07-27 21:18:36.975419,Starter_Monthly,Monthly,29.0,United States,Paid Social
CNV_005970,USR_024118,SES_00220606,2026-07-27 21:38:19.397451,Starter_Monthly,Monthly,29.0,United States,Organic Search
CNV_005599,USR_015474,SES_00208317,2026-07-27 22:48:36.905108,Starter_Monthly,Monthly,29.0,India,Referral
CNV_005571,USR_033775,SES_00207387,2026-07-27 22:48:54.684552,Starter_Annual,Annual,290.0,United States,Paid Social
CNV_006161,USR_007318,SES_00227346,2026-07-27 23:11:17.172741,Starter_Monthly,Monthly,29.0,United Kingdom,Product Hunt
CNV_005680,USR_017725,SES_00211136,2026-07-27 23:13:26.094770,Starter_Annual,Annual,290.0,United States,Paid Social
CNV_004896,USR_001996,SES_00183191,2026-07-27 23:31:18.886264,Starter_Monthly,Monthly,29.0,United States,Organic Search
CNV_006084,USR_020990,SES_00224689,2026-07-28 00:15:09.336429,Starter_Monthly,Monthly,29.0,United States,Paid Social
CNV_004845,USR_011727,SES_00181494,2026-07-28 01:09:46.642489,Pro_Monthly,Monthly,79.0,United Kingdom,Paid Social
CNV_004910,USR_027220,SES_00183653,2026-07-28 01:41:31.666930,Pro_Monthly,Monthly,79.0,Germany,Paid Social
CNV_005194,USR_020136,SES_00194215,2026-07-28 01:53:51.634960,Pro_Monthly,Monthly,79.0,United States,Paid Social
CNV_005934,USR_027462,SES_00219439,2026-07-28 02:38:12.353787,Pro_Monthly,Monthly,79.0,Germany,Direct
CNV_006040,USR_023908,SES_00223551,2026-07-28 02:40:22.202381,Pro_Monthly,Monthly,79.0,India,Referral
CNV_004625,USR_033887,SES_00173304,2026-07-28 02:59:48.981215,Starter_Annual,Annual,290.0,United States,Paid Social
CNV_004432,USR_030380,SES_00166393,2026-07-28 03:11:14.816188,Starter_Monthly,Monthly,29.0,United States,Direct
CNV_005984,USR_010632,SES_00221067,2026-07-28 03:59:48.556120,Starter_Monthly,Monthly,29.0,United States,Referral
CNV_005105,USR_026539,SES_00191113,2026-07-28 05:04:38.143021,Starter_Monthly,Monthly,29.0,France,Paid Social
CNV_003599,USR_024791,SES_00134049,2026-07-28 06:25:27.373754,Pro_Monthly,Monthly,79.0,India,Product Hunt
CNV_002642,USR_031833,SES_00097848,2026-07-28 08:15:43.868885,Pro_Monthly,Monthly,79.0,United States,Organic Search
CNV_005931,USR_003810,SES_00219367,2026-07-28 08:55:23.201322,Starter_Monthly,Monthly,29.0,United Kingdom,Paid Social
CNV_006150,USR_030428,SES_00226889,2026-07-28 09:00:55.322573,Starter_Monthly,Monthly,29.0,Canada,Organic Search
CNV_005414,USR_002551,SES_00201906,2026-07-28 11:32:08.034037,Starter_Monthly,Monthly,29.0,United States,Direct
CNV_005757,USR_018940,SES_00213647,2026-07-28 12:09:13.512851,Starter_Monthly,Monthly,29.0,Germany,Email Campaign
CNV_004850,USR_028947,SES_00181678,2026-07-28 12:56:36.469370,Pro_Annual,Annual,790.0,United States,Organic Search
CNV_004448,USR_034198,SES_00167042,2026-07-28 13:12:34.415436,Starter_Monthly,Monthly,29.0,United States,Direct
CNV_004549,USR_028009,SES_00170602,2026-07-28 14:14:21.575049,Starter_Monthly,Monthly,29.0,United States,Paid Social
CNV_005823,USR_002767,SES_00215785,2026-07-28 14:34:56.829128,Starter_Monthly,Monthly,29.0,Germany,Email Campaign
CNV_006139,USR_009954,SES_00226619,2026-07-28 15:29:20.698142,Pro_Monthly,Monthly,79.0,United States,Email Campaign
CNV_003255,USR_030199,SES_00121147,2026-07-28 15:39:05.852725,Pro_Monthly,Monthly,79.0,United States,Direct
CNV_004399,USR_017670,SES_00165035,2026-07-28 16:34:29.472690,Pro_Monthly,Monthly,79.0,India,Referral
CNV_005167,USR_034255,SES_00193553,2026-07-28 17:18:30.194807,Starter_Annual,Annual,290.0,United States,Paid Social
CNV_005645,USR_030622,SES_00210012,2026-07-28 17:21:23.469996,Pro_Monthly,Monthly,79.0,Canada,Paid Social
CNV_006050,USR_020411,SES_00223878,2026-07-28 18:52:58.025150,Pro_Monthly,Monthly,79.0,Germany,Paid Social
CNV_005998,USR_011875,SES_00221757,2026-07-28 19:01:22.743533,Pro_Monthly,Monthly,79.0,Germany,Organic Search
CNV_005523,USR_014075,SES_00205729,2026-07-28 19:13:23.896766,Starter_Annual,Annual,290.0,India,Referral
CNV_005262,USR_022725,SES_00196358,2026-07-28 20:50:25.479754,Pro_Monthly,Monthly,79.0,United Kingdom,Organic Search
CNV_005913,USR_016835,SES_00218839,2026-07-28 21:00:21.369556,Pro_Monthly,Monthly,79.0,United States,Paid Social
CNV_004125,USR_003624,SES_00154356,2026-07-28 21:19:09.985097,Enterprise,Custom,1999.0,United Kingdom,Product Hunt
CNV_005046,USR_000794,SES_00188627,2026-07-28 21:38:36.127162,Pro_Monthly,Monthly,79.0,United States,Paid Social
CNV_003487,USR_005797,SES_00129908,2026-07-28 23:39:07.651194,Starter_Monthly,Monthly,29.0,France,Organic Search
CNV_004495,USR_012410,SES_00168620,2026-07-28 23:55:38.574965,Pro_Monthly,Monthly,79.0,United States,Paid Social
CNV_005461,USR_033909,SES_00203458,2026-07-29 00:38:39.642258,Starter_Monthly,Monthly,29.0,United Kingdom,Email Campaign
CNV_005355,USR_026533,SES_00199525,2026-07-29 01:35:20.291150,Starter_Monthly,Monthly,29.0,United States,Paid Social
CNV_006143,USR_023005,SES_00226749,2026-07-29 01:54:05.983470,Starter_Monthly,Monthly,29.0,United States,Paid Social
CNV_006181,USR_032903,SES_00228112,2026-07-29 02:11:17.901910,Starter_Monthly,Monthly,29.0,United States,Paid Social
CNV_004707,USR_001938,SES_00176369,2026-07-29 02:27:53.020257,Starter_Monthly,Monthly,29.0,France,Organic Search
CNV_006032,USR_017311,SES_00223098,2026-07-29 03:08:53.124900,Starter_Monthly,Monthly,29.0,United States,Direct
CNV_005222,USR_010464,SES_00195101,2026-07-29 03:13:47.912421,Starter_Monthly,Monthly,29.0,India,Direct
CNV_003897,USR_022066,SES_00145852,2026-07-29 04:10:08.852445,Starter_Monthly,Monthly,29.0,United Kingdom,Email Campaign
CNV_005948,USR_014227,SES_00219865,2026-07-29 08:29:07.494054,Starter_Monthly,Monthly,29.0,United Kingdom,Organic Search
CNV_005716,USR_012845,SES_00212222,2026-07-29 09:22:13.982433,Starter_Monthly,Monthly,29.0,India,Organic Search
CNV_006171,USR_002384,SES_00227738,2026-07-29 10:17:29.627708,Starter_Monthly,Monthly,29.0,United Kingdom,Organic Search
CNV_003544,USR_012876,SES_00132177,2026-07-29 13:31:13.968541,Pro_Monthly,Monthly,79.0,United Kingdom,Email Campaign
CNV_003486,USR_009923,SES_00129900,2026-07-29 14:03:16.812782,Pro_Annual,Annual,790.0,France,Paid Social
CNV_005650,USR_028710,SES_00210195,2026-07-29 14:17:48.439427,Starter_Monthly,Monthly,29.0,United Kingdom,Paid Social
CNV_005565,USR_005727,SES_00207214,2026-07-29 14:51:42.744495,Starter_Monthly,Monthly,29.0,Canada,Paid Social
CNV_006103,USR_027975,SES_00225354,2026-07-29 16:31:06.031604,Starter_Monthly,Monthly,29.0,Canada,Referral
CNV_005928,USR_014310,SES_00219305,2026-07-29 17:40:47.298281,Starter_Monthly,Monthly,29.0,United States,Organic Search
CNV_005886,USR_005356,SES_00217992,2026-07-29 18:04:08.680280,Starter_Monthly,Monthly,29.0,United States,Direct
CNV_006138,USR_027129,SES_00226586,2026-07-29 18:16:45.453030,Pro_Monthly,Monthly,79.0,India,Organic Search
CNV_005796,USR_021416,SES_00214931,2026-07-29 18:49:26.672234,Pro_Monthly,Monthly,79.0,United States,Direct
CNV_005359,USR_033248,SES_00199814,2026-07-29 18:57:39.639598,Pro_Monthly,Monthly,79.0,United States,Direct
CNV_006165,USR_022044,SES_00227529,2026-07-29 20:43:08.568769,Pro_Monthly,Monthly,79.0,India,Organic Search
CNV_004555,USR_009965,SES_00170867,2026-07-29 21:09:27.022044,Pro_Annual,Annual,790.0,United Kingdom,Referral
CNV_005542,USR_023940,SES_00206230,2026-07-29 21:52:39.930610,Starter_Annual,Annual,290.0,United States,Email Campaign
CNV_006147,USR_024376,SES_00226813,2026-07-29 22:09:46.891956,Starter_Monthly,Monthly,29.0,India,Referral
CNV_004419,USR_021390,SES_00165972,2026-07-29 22:54:37.609362,Starter_Monthly,Monthly,29.0,India,Paid Social
CNV_005822,USR_021688,SES_00215773,2026-07-30 00:22:13.569697,Starter_Monthly,Monthly,29.0,United Kingdom,Organic Search
CNV_005468,USR_021002,SES_00203820,2026-07-30 00:37:57.129407,Starter_Monthly,Monthly,29.0,France,Organic Search
CNV_004995,USR_004550,SES_00186915,2026-07-30 03:03:53.937091,Starter_Annual,Annual,290.0,United States,Paid Social
CNV_005512,USR_005896,SES_00205495,2026-07-30 03:07:57.030293,Starter_Annual,Annual,290.0,United Kingdom,Email Campaign
CNV_005340,USR_003497,SES_00199048,2026-07-30 03:32:22.180267,Starter_Monthly,Monthly,29.0,United States,Paid Social
CNV_005419,USR_001133,SES_00202043,2026-07-30 03:42:51.706204,Starter_Monthly,Monthly,29.0,United Kingdom,Paid Social
CNV_005174,USR_019284,SES_00193721,2026-07-30 04:47:03.510928,Pro_Monthly,Monthly,79.0,Canada,Paid Social
CNV_005992,USR_022372,SES_00221451,2026-07-30 04:52:53.397030,Starter_Monthly,Monthly,29.0,United States,Referral
CNV_004871,USR_015922,SES_00182294,2026-07-30 04:56:58.396785,Pro_Monthly,Monthly,79.0,United States,Paid Social
CNV_006203,USR_025701,SES_00228786,2026-07-30 05:36:01.665687,Starter_Annual,Annual,290.0,United States,Paid Social
CNV_006022,USR_003482,SES_00222765,2026-07-30 08:22:37.549245,Starter_Annual,Annual,290.0,Germany,Direct
CNV_005801,USR_000866,SES_00215035,2026-07-30 10:25:38.411710,Pro_Annual,Annual,790.0,Canada,Paid Social
CNV_005244,USR_012677,SES_00195749,2026-07-30 11:38:52.444005,Starter_Monthly,Monthly,29.0,United States,Direct
CNV_005597,USR_032104,SES_00208265,2026-07-30 13:12:00.857368,Pro_Monthly,Monthly,79.0,United States,Paid Social
CNV_006082,USR_016560,SES_00224609,2026-07-30 14:24:42.403900,Starter_Monthly,Monthly,29.0,United States,Paid Social
CNV_005897,USR_009395,SES_00218284,2026-07-30 14:30:27.910347,Pro_Monthly,Monthly,79.0,United States,Direct
CNV_003848,USR_007843,SES_00144064,2026-07-30 14:38:36.117755,Starter_Monthly,Monthly,29.0,United States,Organic Search
CNV_005644,USR_008199,SES_00210004,2026-07-30 14:43:17.145749,Starter_Annual,Annual,290.0,Germany,Direct
CNV_004284,USR_017395,SES_00160462,2026-07-30 16:09:14.540715,Starter_Annual,Annual,290.0,United Kingdom,Paid Social
CNV_005722,USR_024740,SES_00212481,2026-07-30 16:18:33.335027,Pro_Monthly,Monthly,79.0,United Kingdom,Organic Search
CNV_006004,USR_018493,SES_00222191,2026-07-30 16:43:40.261330,Starter_Monthly,Monthly,29.0,United States,Paid Social
CNV_005815,USR_029762,SES_00215609,2026-07-30 17:20:43.172674,Pro_Monthly,Monthly,79.0,Canada,Direct
CNV_005169,USR_029256,SES_00193593,2026-07-30 17:51:59.318391,Starter_Annual,Annual,290.0,Germany,Paid Social
CNV_006144,USR_021337,SES_00226759,2026-07-30 18:28:02.599322,Pro_Monthly,Monthly,79.0,Germany,Organic Search
CNV_006000,USR_021241,SES_00222021,2026-07-30 19:20:44.544263,Starter_Monthly,Monthly,29.0,United States,Paid Social
CNV_005504,USR_017409,SES_00205274,2026-07-30 19:26:30.526019,Pro_Monthly,Monthly,79.0,United States,Direct
CNV_004706,USR_018359,SES_00176353,2026-07-30 21:48:13.989132,Starter_Monthly,Monthly,29.0,India,Paid Social
CNV_003027,USR_026457,SES_00111748,2026-07-30 21:48:54.966769,Pro_Monthly,Monthly,79.0,Canada,Direct
CNV_006020,USR_032332,SES_00222722,2026-07-30 21:57:58.166792,Starter_Monthly,Monthly,29.0,United Kingdom,Paid Social
CNV_005786,USR_021969,SES_00214734,2026-07-30 23:21:02.858311,Starter_Monthly,Monthly,29.0,India,Paid Social
CNV_004121,USR_004282,SES_00154174,2026-07-31 00:25:13.383041,Pro_Monthly,Monthly,79.0,United States,Organic Search
CNV_006080,USR_012542,SES_00224551,2026-07-31 00:29:25.949117,Starter_Monthly,Monthly,29.0,United States,Paid Social
CNV_005748,USR_033030,SES_00213290,2026-07-31 01:19:00.551655,Starter_Monthly,Monthly,29.0,Canada,Organic Search
CNV_006059,USR_001281,SES_00224074,2026-07-31 02:35:55.575466,Pro_Monthly,Monthly,79.0,United States,Direct
CNV_004127,USR_000191,SES_00154393,2026-07-31 02:45:22.280495,Starter_Monthly,Monthly,29.0,United Kingdom,Paid Social
CNV_005669,USR_028966,SES_00210759,2026-07-31 03:56:34.930762,Pro_Monthly,Monthly,79.0,Germany,Paid Social
CNV_004701,USR_024826,SES_00176188,2026-07-31 05:07:42.297707,Starter_Monthly,Monthly,29.0,United Kingdom,Organic Search
CNV_005517,USR_002354,SES_00205570,2026-07-31 07:42:20.502950,Pro_Monthly,Monthly,79.0,United States,Paid Social
CNV_006194,USR_018078,SES_00228416,2026-07-31 07:45:06.005401,Pro_Monthly,Monthly,79.0,India,Paid Social
CNV_005065,USR_015905,SES_00189339,2026-07-31 08:56:51.717015,Starter_Monthly,Monthly,29.0,United States,Paid Social
CNV_006108,USR_018156,SES_00225519,2026-07-31 09:06:26.916790,Starter_Monthly,Monthly,29.0,United States,Paid Social
CNV_004293,USR_015360,SES_00160753,2026-07-31 09:24:22.507198,Pro_Monthly,Monthly,79.0,United Kingdom,Direct
CNV_005816,USR_031007,SES_00215622,2026-07-31 09:52:05.826069,Pro_Monthly,Monthly,79.0,Australia,Paid Social
CNV_005694,USR_015438,SES_00211642,2026-07-31 11:04:50.622881,Pro_Monthly,Monthly,79.0,France,Referral
CNV_005420,USR_027883,SES_00202079,2026-07-31 11:58:01.505252,Pro_Monthly,Monthly,79.0,United States,Organic Search
CNV_005386,USR_027105,SES_00200936,2026-07-31 11:59:19.733030,Starter_Annual,Annual,290.0,Germany,Organic Search
CNV_005559,USR_007211,SES_00206990,2026-07-31 12:04:02.799489,Pro_Monthly,Monthly,79.0,United Kingdom,Organic Search
CNV_004069,USR_014671,SES_00152046,2026-07-31 12:04:55.196326,Starter_Monthly,Monthly,29.0,United Kingdom,Direct
CNV_004175,USR_002455,SES_00156449,2026-07-31 12:23:26.733592,Pro_Monthly,Monthly,79.0,United Kingdom,Organic Search
CNV_005415,USR_033726,SES_00201976,2026-07-31 12:27:23.742909,Starter_Monthly,Monthly,29.0,United Kingdom,Organic Search
CNV_005989,USR_028568,SES_00221319,2026-07-31 12:46:24.185935,Starter_Monthly,Monthly,29.0,United States,Product Hunt
CNV_004969,USR_023358,SES_00185882,2026-07-31 13:07:34.835614,Pro_Monthly,Monthly,79.0,India,Paid Social
CNV_004348,USR_016380,SES_00163144,2026-07-31 14:17:17.774236,Pro_Monthly,Monthly,79.0,United States,Paid Social
CNV_005884,USR_032491,SES_00217892,2026-07-31 14:36:40.800104,Pro_Annual,Annual,790.0,France,Organic Search
CNV_003846,USR_015744,SES_00144004,2026-07-31 15:53:11.971168,Starter_Monthly,Monthly,29.0,United States,Product Hunt
CNV_005252,USR_017473,SES_00195950,2026-07-31 16:17:33.878326,Starter_Monthly,Monthly,29.0,United States,Paid Social
CNV_005456,USR_025088,SES_00203289,2026-07-31 18:54:07.387508,Starter_Monthly,Monthly,29.0,Canada,Organic Search
CNV_005896,USR_011263,SES_00218266,2026-07-31 19:17:58.976765,Pro_Monthly,Monthly,79.0,India,Direct
CNV_006083,USR_009718,SES_00224640,2026-07-31 19:46:47.793851,Pro_Monthly,Monthly,79.0,France,Direct
CNV_005955,USR_023817,SES_00220056,2026-07-31 20:13:57.073837,Pro_Monthly,Monthly,79.0,United States,Referral
CNV_006155,USR_032682,SES_00227154,2026-07-31 20:38:36.218351,Pro_Monthly,Monthly,79.0,Canada,Paid Social
CNV_006174,USR_001737,SES_00227819,2026-07-31 20:51:54.789741,Starter_Annual,Annual,290.0,India,Product Hunt
CNV_004227,USR_013103,SES_00158379,2026-07-31 21:22:07.774034,Pro_Monthly,Monthly,79.0,Germany,Organic Search
CNV_005985,USR_032162,SES_00221087,2026-07-31 21:58:33.520600,Pro_Monthly,Monthly,79.0,Canada,Product Hunt
CNV_006049,USR_014001,SES_00223858,2026-07-31 23:46:46.177614,Starter_Monthly,Monthly,29.0,Australia,Direct
CNV_006044,USR_028347,SES_00223700,2026-08-01 00:52:53.020588,Starter_Monthly,Monthly,29.0,Australia,Product Hunt
CNV_005051,USR_003598,SES_00188850,2026-08-01 01:41:10.343651,Starter_Annual,Annual,290.0,Canada,Email Campaign
CNV_006096,USR_015051,SES_00225153,2026-08-01 02:45:55.889906,Starter_Annual,Annual,290.0,United States,Organic Search
CNV_006197,USR_033116,SES_00228617,2026-08-01 04:43:23.251114,Starter_Monthly,Monthly,29.0,India,Paid Social
CNV_006142,USR_031336,SES_00226670,2026-08-01 06:02:32.406939,Pro_Monthly,Monthly,79.0,India,Organic Search
CNV_006117,USR_019826,SES_00225931,2026-08-01 07:20:13.884074,Starter_Monthly,Monthly,29.0,United States,Paid Social
CNV_006149,USR_007313,SES_00226882,2026-08-01 09:49:55.360108,Starter_Annual,Annual,290.0,France,Referral
CNV_005000,USR_017345,SES_00187081,2026-08-01 10:26:42.623913,Pro_Monthly,Monthly,79.0,United Kingdom,Organic Search
CNV_005787,USR_004072,SES_00214745,2026-08-01 12:26:04.080666,Starter_Monthly,Monthly,29.0,United States,Paid Social
CNV_004966,USR_015297,SES_00185769,2026-08-01 13:07:46.628974,Starter_Monthly,Monthly,29.0,United Kingdom,Paid Social
CNV_004912,USR_013894,SES_00183688,2026-08-01 14:14:15.703635,Starter_Monthly,Monthly,29.0,Canada,Product Hunt
CNV_004784,USR_003629,SES_00179172,2026-08-01 15:50:12.644632,Starter_Monthly,Monthly,29.0,United States,Direct
CNV_006217,USR_007955,SES_00229381,2026-08-01 16:59:46.240154,Pro_Monthly,Monthly,79.0,Australia,Product Hunt
CNV_005312,USR_005038,SES_00198005,2026-08-01 18:03:55.623851,Starter_Monthly,Monthly,29.0,United Kingdom,Organic Search
CNV_004772,USR_032154,SES_00178789,2026-08-01 18:09:05.716402,Pro_Monthly,Monthly,79.0,United Kingdom,Organic Search
CNV_006233,USR_030734,SES_00229911,2026-08-01 18:29:58.753335,Pro_Monthly,Monthly,79.0,United States,Organic Search
CNV_005034,USR_002080,SES_00188175,2026-08-01 18:41:51.249599,Starter_Monthly,Monthly,29.0,India,Organic Search
CNV_006135,USR_025937,SES_00226531,2026-08-01 20:11:37.944174,Starter_Monthly,Monthly,29.0,United States,Direct
CNV_005515,USR_007154,SES_00205542,2026-08-01 20:15:51.464130,Starter_Monthly,Monthly,29.0,India,Paid Social
CNV_006213,USR_013595,SES_00229192,2026-08-01 21:09:06.966035,Pro_Annual,Annual,790.0,United States,Direct
CNV_005657,USR_020795,SES_00210368,2026-08-01 21:59:28.019704,Starter_Monthly,Monthly,29.0,Canada,Organic Search
CNV_005143,USR_021775,SES_00192845,2026-08-01 22:20:02.376794,Pro_Monthly,Monthly,79.0,United States,Organic Search
CNV_004568,USR_002499,SES_00171277,2026-08-01 22:39:49.300748,Pro_Annual,Annual,790.0,United States,Organic Search
CNV_006011,USR_027279,SES_00222354,2026-08-02 02:14:15.238246,Starter_Annual,Annual,290.0,United States,Paid Social
CNV_005591,USR_020761,SES_00208156,2026-08-02 03:15:14.469331,Pro_Monthly,Monthly,79.0,United States,Paid Social
CNV_006247,USR_007193,SES_00230249,2026-08-02 03:19:32.171943,Pro_Monthly,Monthly,79.0,United States,Referral
CNV_004563,USR_004373,SES_00171135,2026-08-02 05:17:42.071926,Pro_Monthly,Monthly,79.0,Canada,Paid Social
CNV_005659,USR_013141,SES_00210460,2026-08-02 05:32:49.065823,Pro_Monthly,Monthly,79.0,United States,Direct
CNV_005544,USR_032230,SES_00206265,2026-08-02 05:34:10.877626,Starter_Monthly,Monthly,29.0,United States,Paid Social
CNV_006145,USR_005987,SES_00226793,2026-08-02 06:01:04.362368,Pro_Monthly,Monthly,79.0,United States,Direct
CNV_004917,USR_015884,SES_00183953,2026-08-02 06:36:32.129596,Starter_Monthly,Monthly,29.0,United States,Organic Search
CNV_004329,USR_004374,SES_00162264,2026-08-02 06:49:01.709237,Starter_Annual,Annual,290.0,Australia,Referral
CNV_005107,USR_025131,SES_00191204,2026-08-02 07:00:12.575640,Pro_Monthly,Monthly,79.0,United States,Paid Social
CNV_006159,USR_016429,SES_00227293,2026-08-02 07:40:21.483001,Starter_Monthly,Monthly,29.0,United States,Direct
CNV_005284,USR_023283,SES_00196995,2026-08-02 07:45:03.275633,Starter_Monthly,Monthly,29.0,United Kingdom,Organic Search
CNV_005366,USR_023529,SES_00200115,2026-08-02 08:42:36.120702,Starter_Monthly,Monthly,29.0,United Kingdom,Organic Search
CNV_005291,USR_008216,SES_00197258,2026-08-02 08:57:57.336625,Pro_Annual,Annual,790.0,United States,Product Hunt
CNV_006239,USR_003492,SES_00230007,2026-08-02 09:20:52.070225,Starter_Monthly,Monthly,29.0,India,Direct
CNV_005649,USR_027998,SES_00210172,2026-08-02 09:31:53.903987,Pro_Monthly,Monthly,79.0,Canada,Referral
CNV_005298,USR_009979,SES_00197587,2026-08-02 10:48:07.993855,Pro_Monthly,Monthly,79.0,United Kingdom,Organic Search
CNV_005586,USR_017138,SES_00207919,2026-08-02 12:45:39.843175,Pro_Monthly,Monthly,79.0,United Kingdom,Organic Search
CNV_006077,USR_032931,SES_00224454,2026-08-02 13:53:25.903361,Pro_Monthly,Monthly,79.0,Canada,Paid Social
CNV_005347,USR_026901,SES_00199225,2026-08-02 14:01:36.519630,Starter_Monthly,Monthly,29.0,Germany,Direct
CNV_006037,USR_020350,SES_00223438,2026-08-02 15:13:33.271273,Pro_Monthly,Monthly,79.0,United States,Organic Search
CNV_006134,USR_015129,SES_00226435,2026-08-02 15:19:38.096503,Pro_Monthly,Monthly,79.0,United States,Paid Social
CNV_005921,USR_030772,SES_00219108,2026-08-02 17:21:47.524132,Pro_Monthly,Monthly,79.0,United States,Organic Search
CNV_006034,USR_001637,SES_00223188,2026-08-02 17:25:14.909555,Starter_Monthly,Monthly,29.0,United Kingdom,Paid Social
CNV_005624,USR_031509,SES_00209426,2026-08-02 20:07:37.809032,Starter_Monthly,Monthly,29.0,United States,Paid Social
CNV_005232,USR_028667,SES_00195412,2026-08-02 23:41:53.901605,Starter_Monthly,Monthly,29.0,Canada,Email Campaign
CNV_005594,USR_014411,SES_00208234,2026-08-03 00:00:30.177783,Pro_Monthly,Monthly,79.0,Germany,Direct
CNV_005751,USR_027801,SES_00213397,2026-08-03 00:03:42.984946,Starter_Monthly,Monthly,29.0,India,Product Hunt
CNV_006204,USR_005249,SES_00228843,2026-08-03 01:54:43.248835,Starter_Annual,Annual,290.0,United Kingdom,Paid Social
CNV_005612,USR_007194,SES_00208937,2026-08-03 02:23:06.347915,Pro_Monthly,Monthly,79.0,United States,Organic Search
CNV_006231,USR_024022,SES_00229796,2026-08-03 03:08:34.955974,Starter_Monthly,Monthly,29.0,United States,Email Campaign
CNV_005114,USR_009255,SES_00191352,2026-08-03 03:59:00.094155,Starter_Monthly,Monthly,29.0,United States,Direct
CNV_004817,USR_021020,SES_00180464,2026-08-03 04:32:16.599339,Starter_Monthly,Monthly,29.0,United States,Direct
CNV_006177,USR_017174,SES_00227915,2026-08-03 05:05:05.196941,Pro_Annual,Annual,790.0,United Kingdom,Organic Search
CNV_003901,USR_030867,SES_00145968,2026-08-03 05:32:09.339418,Pro_Monthly,Monthly,79.0,India,Paid Social
CNV_006039,USR_021129,SES_00223509,2026-08-03 07:37:34.200452,Pro_Monthly,Monthly,79.0,India,Direct
CNV_004609,USR_027339,SES_00172895,2026-08-03 10:03:21.882285,Pro_Monthly,Monthly,79.0,France,Organic Search
CNV_002777,USR_029956,SES_00102704,2026-08-03 11:55:02.546867,Pro_Annual,Annual,790.0,Canada,Direct
CNV_006279,USR_000525,SES_00231305,2026-08-03 13:02:58.327626,Starter_Monthly,Monthly,29.0,United Kingdom,Paid Social
CNV_006125,USR_033396,SES_00226177,2026-08-03 14:45:51.421576,Starter_Monthly,Monthly,29.0,United States,Paid Social
CNV_005962,USR_023421,SES_00220250,2026-08-03 15:35:56.257489,Pro_Monthly,Monthly,79.0,United States,Direct
CNV_004656,USR_015419,SES_00174472,2026-08-03 16:21:34.653841,Enterprise,Custom,1999.0,United States,Product Hunt
CNV_006100,USR_018259,SES_00225278,2026-08-03 17:10:50.238266,Pro_Monthly,Monthly,79.0,India,Product Hunt
CNV_005958,USR_015132,SES_00220150,2026-08-03 17:57:02.010567,Starter_Annual,Annual,290.0,Germany,Direct
CNV_006268,USR_005558,SES_00231031,2026-08-03 18:52:37.266788,Starter_Monthly,Monthly,29.0,Germany,Organic Search
CNV_005131,USR_008175,SES_00192404,2026-08-03 19:09:33.857194,Starter_Monthly,Monthly,29.0,United Kingdom,Referral
CNV_004385,USR_034827,SES_00164651,2026-08-03 20:33:33.000760,Starter_Monthly,Monthly,29.0,Germany,Referral
CNV_005727,USR_017724,SES_00212673,2026-08-03 20:56:07.800700,Starter_Monthly,Monthly,29.0,United Kingdom,Organic Search
CNV_005936,USR_032263,SES_00219497,2026-08-03 21:57:10.501279,Starter_Monthly,Monthly,29.0,United States,Organic Search
CNV_005953,USR_034081,SES_00220009,2026-08-03 23:44:11.622265,Pro_Monthly,Monthly,79.0,Canada,Organic Search
CNV_004891,USR_033587,SES_00183000,2026-08-03 23:45:20.944989,Starter_Monthly,Monthly,29.0,United States,Paid Social
CNV_005704,USR_019223,SES_00211909,2026-08-04 00:00:41.101085,Starter_Monthly,Monthly,29.0,Germany,Paid Social
CNV_005434,USR_029297,SES_00202638,2026-08-04 01:07:05.940893,Pro_Monthly,Monthly,79.0,United States,Direct
CNV_005925,USR_032918,SES_00219179,2026-08-04 01:36:05.643590,Pro_Monthly,Monthly,79.0,France,Direct
CNV_004953,USR_008238,SES_00185249,2026-08-04 01:42:44.489373,Starter_Annual,Annual,290.0,United States,Product Hunt
CNV_005318,USR_033638,SES_00198230,2026-08-04 02:59:32.276364,Starter_Annual,Annual,290.0,Canada,Referral
CNV_004997,USR_024564,SES_00186952,2026-08-04 02:59:57.210944,Starter_Monthly,Monthly,29.0,United Kingdom,Direct
CNV_006046,USR_020429,SES_00223792,2026-08-04 03:21:54.568007,Starter_Monthly,Monthly,29.0,United States,Organic Search
CNV_004873,USR_034493,SES_00182377,2026-08-04 05:04:34.488614,Starter_Monthly,Monthly,29.0,Germany,Paid Social
CNV_006223,USR_003241,SES_00229528,2026-08-04 06:10:51.856170,Starter_Monthly,Monthly,29.0,United States,Paid Social
CNV_005362,USR_004189,SES_00199899,2026-08-04 06:46:04.610674,Pro_Monthly,Monthly,79.0,Canada,Product Hunt
CNV_005910,USR_006017,SES_00218806,2026-08-04 06:49:09.287239,Starter_Monthly,Monthly,29.0,United States,Organic Search
CNV_005662,USR_029241,SES_00210544,2026-08-04 07:19:36.416414,Pro_Monthly,Monthly,79.0,United States,Direct
CNV_005932,USR_020105,SES_00219386,2026-08-04 08:35:25.916935,Pro_Monthly,Monthly,79.0,United Kingdom,Paid Social
CNV_005486,USR_033806,SES_00204593,2026-08-04 08:36:57.058548,Starter_Monthly,Monthly,29.0,Canada,Direct
CNV_006269,USR_011735,SES_00231043,2026-08-04 08:45:03.975979,Starter_Annual,Annual,290.0,United States,Organic Search
CNV_005067,USR_000373,SES_00189408,2026-08-04 08:52:23.820936,Starter_Monthly,Monthly,29.0,United States,Direct
CNV_005994,USR_025225,SES_00221529,2026-08-04 09:37:12.083184,Pro_Annual,Annual,790.0,United States,Direct
CNV_005837,USR_007182,SES_00216259,2026-08-04 10:53:06.598129,Starter_Monthly,Monthly,29.0,India,Organic Search
CNV_004668,USR_003672,SES_00174882,2026-08-04 11:25:01.475851,Starter_Monthly,Monthly,29.0,United States,Direct
CNV_005306,USR_020871,SES_00197784,2026-08-04 11:56:06.021023,Pro_Annual,Annual,790.0,France,Organic Search
CNV_006002,USR_004385,SES_00222085,2026-08-04 12:22:34.394130,Starter_Annual,Annual,290.0,Australia,Direct
CNV_003841,USR_012208,SES_00143826,2026-08-04 12:47:22.115917,Pro_Monthly,Monthly,79.0,Canada,Direct
CNV_005710,USR_007496,SES_00212042,2026-08-04 12:52:24.894012,Pro_Monthly,Monthly,79.0,Germany,Direct
CNV_004951,USR_002087,SES_00185190,2026-08-04 12:58:08.388354,Pro_Monthly,Monthly,79.0,India,Direct
CNV_005869,USR_012359,SES_00217353,2026-08-04 13:23:59.712985,Starter_Monthly,Monthly,29.0,United States,Direct
CNV_006261,USR_011296,SES_00230732,2026-08-04 13:30:00.847603,Pro_Annual,Annual,790.0,United States,Direct
CNV_005353,USR_024694,SES_00199462,2026-08-04 14:02:00.416168,Starter_Monthly,Monthly,29.0,United Kingdom,Direct
CNV_006067,USR_004710,SES_00224208,2026-08-04 15:05:35.898020,Starter_Monthly,Monthly,29.0,India,Organic Search
CNV_005820,USR_002241,SES_00215723,2026-08-04 15:23:02.359166,Pro_Monthly,Monthly,79.0,United States,Direct
CNV_005375,USR_007082,SES_00200393,2026-08-04 15:46:16.596808,Pro_Monthly,Monthly,79.0,United States,Paid Social
CNV_006054,USR_030815,SES_00223935,2026-08-04 16:49:50.262845,Starter_Monthly,Monthly,29.0,United States,Paid Social
CNV_006026,USR_034466,SES_00222946,2026-08-04 17:17:46.423304,Starter_Monthly,Monthly,29.0,Canada,Paid Social
CNV_005954,USR_002136,SES_00220045,2026-08-04 17:32:42.972637,Pro_Monthly,Monthly,79.0,United States,Referral
CNV_005437,USR_018107,SES_00202757,2026-08-04 18:51:06.345717,Pro_Annual,Annual,790.0,United States,Referral
CNV_005742,USR_014830,SES_00213208,2026-08-04 19:12:23.231273,Starter_Monthly,Monthly,29.0,United Kingdom,Referral
CNV_005566,USR_029300,SES_00207259,2026-08-04 19:47:57.463085,Pro_Monthly,Monthly,79.0,United States,Email Campaign
CNV_005459,USR_014510,SES_00203348,2026-08-04 20:09:51.338732,Starter_Monthly,Monthly,29.0,United States,Paid Social
CNV_006089,USR_033814,SES_00224918,2026-08-04 20:52:40.050443,Pro_Monthly,Monthly,79.0,Canada,Referral
CNV_005213,USR_029292,SES_00194829,2026-08-04 21:53:38.737629,Starter_Monthly,Monthly,29.0,United Kingdom,Paid Social
CNV_004799,USR_024873,SES_00179868,2026-08-04 22:53:35.329353,Pro_Monthly,Monthly,79.0,United States,Paid Social
CNV_003279,USR_013067,SES_00122105,2026-08-04 23:22:28.316716,Starter_Monthly,Monthly,29.0,United States,Organic Search
CNV_003978,USR_013919,SES_00148792,2026-08-05 00:06:39.859600,Starter_Annual,Annual,290.0,Australia,Organic Search
CNV_005218,USR_029514,SES_00194949,2026-08-05 00:16:33.022938,Pro_Monthly,Monthly,79.0,Canada,Email Campaign
CNV_004580,USR_024862,SES_00171792,2026-08-05 03:46:21.163693,Pro_Monthly,Monthly,79.0,Canada,Email Campaign
CNV_005537,USR_022179,SES_00206091,2026-08-05 04:01:03.131541,Pro_Monthly,Monthly,79.0,Germany,Direct
CNV_005769,USR_018118,SES_00214208,2026-08-05 05:04:10.594572,Starter_Monthly,Monthly,29.0,United States,Organic Search
CNV_003606,USR_032535,SES_00134340,2026-08-05 07:17:51.429338,Starter_Monthly,Monthly,29.0,Germany,Paid Social
CNV_005186,USR_008592,SES_00194053,2026-08-05 07:38:25.502009,Starter_Monthly,Monthly,29.0,Australia,Referral
CNV_006033,USR_024583,SES_00223118,2026-08-05 07:44:03.034007,Pro_Monthly,Monthly,79.0,United States,Organic Search
CNV_005072,USR_002618,SES_00189556,2026-08-05 09:00:43.572786,Pro_Monthly,Monthly,79.0,United States,Organic Search
CNV_005840,USR_000439,SES_00216393,2026-08-05 10:09:27.527469,Pro_Monthly,Monthly,79.0,India,Direct
CNV_004381,USR_012075,SES_00164560,2026-08-05 11:18:29.693560,Starter_Monthly,Monthly,29.0,United States,Referral
CNV_006012,USR_000307,SES_00222410,2026-08-05 11:45:00.746815,Starter_Monthly,Monthly,29.0,Canada,Paid Social
CNV_005743,USR_024779,SES_00213222,2026-08-05 12:32:43.367700,Pro_Monthly,Monthly,79.0,India,Organic Search
CNV_005877,USR_012759,SES_00217631,2026-08-05 13:29:53.260666,Pro_Monthly,Monthly,79.0,United States,Direct
CNV_005346,USR_024542,SES_00199186,2026-08-05 14:22:32.623455,Starter_Monthly,Monthly,29.0,United States,Paid Social
CNV_005922,USR_005667,SES_00219139,2026-08-05 14:29:41.085718,Pro_Monthly,Monthly,79.0,Germany,Paid Social
CNV_005397,USR_011200,SES_00201434,2026-08-05 15:00:03.383568,Starter_Annual,Annual,290.0,Australia,Organic Search
CNV_005260,USR_028918,SES_00196282,2026-08-05 15:45:12.596454,Starter_Monthly,Monthly,29.0,United States,Organic Search
CNV_005203,USR_032271,SES_00194566,2026-08-05 16:02:05.210200,Starter_Monthly,Monthly,29.0,United States,Organic Search
CNV_006296,USR_025826,SES_00231832,2026-08-05 16:11:30.568817,Pro_Monthly,Monthly,79.0,United Kingdom,Paid Social
CNV_005990,USR_034322,SES_00221356,2026-08-05 17:06:56.417061,Pro_Annual,Annual,790.0,India,Referral
CNV_006078,USR_015732,SES_00224482,2026-08-05 18:50:03.185634,Starter_Monthly,Monthly,29.0,Australia,Paid Social
CNV_004264,USR_006929,SES_00159669,2026-08-05 20:25:27.321274,Starter_Monthly,Monthly,29.0,United States,Paid Social
CNV_005199,USR_027507,SES_00194398,2026-08-05 20:58:40.049911,Starter_Monthly,Monthly,29.0,Australia,Direct
CNV_004349,USR_006345,SES_00163197,2026-08-05 22:57:45.468653,Pro_Monthly,Monthly,79.0,United States,Organic Search
CNV_004832,USR_020729,SES_00180945,2026-08-05 23:07:05.508634,Pro_Monthly,Monthly,79.0,United Kingdom,Referral
CNV_006288,USR_001655,SES_00231627,2026-08-05 23:29:55.238162,Starter_Monthly,Monthly,29.0,United States,Organic Search
CNV_005615,USR_019533,SES_00209016,2026-08-06 00:59:28.366262,Starter_Monthly,Monthly,29.0,Australia,Paid Social
CNV_005322,USR_008055,SES_00198400,2026-08-06 02:12:47.289304,Pro_Monthly,Monthly,79.0,United States,Paid Social
CNV_005641,USR_020319,SES_00209936,2026-08-06 02:45:14.749817,Pro_Monthly,Monthly,79.0,Canada,Organic Search
CNV_005778,USR_028683,SES_00214498,2026-08-06 03:28:48.788233,Starter_Monthly,Monthly,29.0,India,Referral
CNV_006205,USR_029613,SES_00228868,2026-08-06 03:37:00.825822,Starter_Annual,Annual,290.0,United States,Organic Search
CNV_005604,USR_015002,SES_00208472,2026-08-06 04:17:11.191498,Starter_Monthly,Monthly,29.0,United States,Organic Search
CNV_003605,USR_007946,SES_00134310,2026-08-06 05:00:34.639450,Starter_Annual,Annual,290.0,United States,Referral
CNV_005210,USR_007453,SES_00194755,2026-08-06 06:37:43.300845,Starter_Monthly,Monthly,29.0,United States,Email Campaign
CNV_006263,USR_006070,SES_00230883,2026-08-06 06:53:35.070827,Starter_Monthly,Monthly,29.0,Germany,Referral
CNV_004941,USR_025455,SES_00184923,2026-08-06 06:57:18.446961,Pro_Monthly,Monthly,79.0,United States,Referral
CNV_006271,USR_014713,SES_00231146,2026-08-06 07:10:26.118148,Starter_Monthly,Monthly,29.0,United States,Organic Search
CNV_005433,USR_012960,SES_00202625,2026-08-06 07:22:18.532575,Starter_Monthly,Monthly,29.0,United States,Direct
CNV_005198,USR_034943,SES_00194391,2026-08-06 07:35:50.675977,Starter_Monthly,Monthly,29.0,India,Organic Search
CNV_006126,USR_007271,SES_00226204,2026-08-06 08:10:48.073581,Pro_Monthly,Monthly,79.0,United Kingdom,Direct
CNV_005280,USR_030228,SES_00196861,2026-08-06 08:46:11.965343,Pro_Monthly,Monthly,79.0,Germany,Paid Social
CNV_006128,USR_005805,SES_00226276,2026-08-06 08:49:52.293517,Starter_Monthly,Monthly,29.0,United States,Direct
CNV_004699,USR_032176,SES_00176137,2026-08-06 09:42:52.340450,Pro_Monthly,Monthly,79.0,United Kingdom,Referral
CNV_004612,USR_031041,SES_00172978,2026-08-06 11:50:22.900922,Starter_Monthly,Monthly,29.0,United Kingdom,Paid Social
CNV_005216,USR_017401,SES_00194885,2026-08-06 13:10:43.158665,Starter_Monthly,Monthly,29.0,United Kingdom,Paid Social
CNV_004855,USR_025050,SES_00181748,2026-08-06 13:41:25.065589,Pro_Monthly,Monthly,79.0,Australia,Product Hunt
CNV_004041,USR_000350,SES_00150931,2026-08-06 14:02:09.325452,Starter_Monthly,Monthly,29.0,United States,Referral
CNV_004822,USR_011615,SES_00180623,2026-08-06 14:10:25.731275,Pro_Monthly,Monthly,79.0,Germany,Organic Search
CNV_004572,USR_034033,SES_00171476,2026-08-06 14:55:02.134686,Enterprise,Custom,1999.0,United States,Paid Social
CNV_004881,USR_008053,SES_00182674,2026-08-06 16:34:08.266648,Starter_Monthly,Monthly,29.0,United States,Direct
CNV_005978,USR_002677,SES_00220872,2026-08-06 17:08:40.286513,Starter_Monthly,Monthly,29.0,United States,Referral
CNV_005996,USR_018426,SES_00221674,2026-08-06 17:25:05.177144,Starter_Monthly,Monthly,29.0,India,Direct
CNV_005986,USR_017786,SES_00221097,2026-08-06 18:39:44.131563,Pro_Annual,Annual,790.0,United States,Organic Search
CNV_006053,USR_027771,SES_00223921,2026-08-06 18:50:21.936653,Starter_Monthly,Monthly,29.0,United Kingdom,Referral
CNV_004813,USR_014487,SES_00180359,2026-08-06 18:56:17.912446,Starter_Annual,Annual,290.0,France,Organic Search
CNV_006248,USR_004473,SES_00230307,2026-08-06 19:05:53.962291,Starter_Monthly,Monthly,29.0,Germany,Paid Social
CNV_006052,USR_001090,SES_00223905,2026-08-06 21:28:00.327888,Starter_Monthly,Monthly,29.0,United Kingdom,Direct
CNV_006015,USR_016147,SES_00222505,2026-08-06 21:30:14.221441,Pro_Monthly,Monthly,79.0,United States,Paid Social
CNV_006325,USR_010951,SES_00232858,2026-08-06 22:33:04.253563,Starter_Annual,Annual,290.0,United Kingdom,Paid Social
CNV_006156,USR_023024,SES_00227166,2026-08-06 23:15:10.914531,Starter_Monthly,Monthly,29.0,Germany,Email Campaign
CNV_006010,USR_034243,SES_00222328,2026-08-06 23:52:32.154915,Starter_Monthly,Monthly,29.0,United Kingdom,Organic Search
CNV_005330,USR_033522,SES_00198756,2026-08-07 00:02:51.673682,Pro_Annual,Annual,790.0,India,Paid Social
CNV_005409,USR_000966,SES_00201802,2026-08-07 00:27:18.931061,Pro_Monthly,Monthly,79.0,United States,Organic Search
CNV_003866,USR_002934,SES_00144701,2026-08-07 01:01:47.566301,Starter_Monthly,Monthly,29.0,India,Organic Search
CNV_006237,USR_016474,SES_00229967,2026-08-07 01:47:29.660632,Starter_Monthly,Monthly,29.0,United States,Organic Search
CNV_005658,USR_027016,SES_00210395,2026-08-07 01:53:39.277537,Starter_Annual,Annual,290.0,United States,Paid Social
CNV_006323,USR_010626,SES_00232815,2026-08-07 03:15:23.448354,Pro_Annual,Annual,790.0,United States,Referral
CNV_005883,USR_022905,SES_00217881,2026-08-07 03:44:45.194865,Starter_Monthly,Monthly,29.0,United States,Direct
CNV_005852,USR_028429,SES_00216768,2026-08-07 05:07:56.943518,Pro_Monthly,Monthly,79.0,India,Paid Social
CNV_006183,USR_005554,SES_00228151,2026-08-07 05:08:47.072338,Starter_Monthly,Monthly,29.0,United States,Organic Search
CNV_006057,USR_003375,SES_00223996,2026-08-07 05:48:58.055204,Pro_Monthly,Monthly,79.0,Canada,Direct
CNV_005707,USR_022908,SES_00211959,2026-08-07 07:41:03.716695,Starter_Monthly,Monthly,29.0,France,Organic Search
CNV_004802,USR_004709,SES_00179958,2026-08-07 08:34:30.576593,Enterprise,Custom,1999.0,Germany,Direct
CNV_005698,USR_020056,SES_00211766,2026-08-07 14:11:04.547794,Starter_Monthly,Monthly,29.0,United States,Organic Search
CNV_006314,USR_017005,SES_00232582,2026-08-07 14:22:42.005605,Starter_Monthly,Monthly,29.0,United States,Organic Search
CNV_005966,USR_009138,SES_00220397,2026-08-07 16:46:47.742872,Pro_Annual,Annual,790.0,United States,Paid Social
CNV_006007,USR_019270,SES_00222247,2026-08-07 17:21:23.820056,Starter_Annual,Annual,290.0,United States,Product Hunt
CNV_004441,USR_026950,SES_00166806,2026-08-07 18:05:14.225834,Pro_Annual,Annual,790.0,United Kingdom,Paid Social
CNV_006328,USR_017714,SES_00232958,2026-08-07 18:24:37.974807,Pro_Monthly,Monthly,79.0,Canada,Paid Social
CNV_006254,USR_025188,SES_00230536,2026-08-07 19:22:53.595499,Pro_Monthly,Monthly,79.0,United States,Organic Search
CNV_005286,USR_008395,SES_00197057,2026-08-07 19:38:27.087452,Pro_Annual,Annual,790.0,United Kingdom,Organic Search
CNV_006334,USR_000633,SES_00233142,2026-08-07 19:39:44.601137,Pro_Monthly,Monthly,79.0,United States,Email Campaign
CNV_006214,USR_020736,SES_00229232,2026-08-07 22:23:58.609996,Starter_Annual,Annual,290.0,India,Organic Search
CNV_006120,USR_010919,SES_00226033,2026-08-07 22:38:32.794687,Pro_Monthly,Monthly,79.0,United States,Organic Search
CNV_006063,USR_029109,SES_00224134,2026-08-07 22:52:37.973252,Starter_Monthly,Monthly,29.0,United States,Product Hunt
CNV_006304,USR_009610,SES_00232152,2026-08-07 23:01:51.049066,Pro_Monthly,Monthly,79.0,United States,Referral
CNV_006316,USR_026186,SES_00232624,2026-08-08 00:00:26.133166,Starter_Monthly,Monthly,29.0,United Kingdom,Organic Search
CNV_005941,USR_007162,SES_00219629,2026-08-08 00:31:32.691597,Starter_Monthly,Monthly,29.0,India,Direct
CNV_006095,USR_030020,SES_00225142,2026-08-08 00:38:41.347949,Starter_Monthly,Monthly,29.0,Germany,Email Campaign
CNV_005860,USR_019556,SES_00217026,2026-08-08 00:55:23.115327,Starter_Monthly,Monthly,29.0,United States,Paid Social
CNV_005175,USR_024115,SES_00193731,2026-08-08 01:07:36.603533,Starter_Monthly,Monthly,29.0,Australia,Organic Search
CNV_005509,USR_030636,SES_00205383,2026-08-08 01:18:36.004670,Starter_Monthly,Monthly,29.0,United Kingdom,Paid Social
CNV_006355,USR_022493,SES_00233839,2026-08-08 02:57:44.493780,Pro_Annual,Annual,790.0,Germany,Email Campaign
CNV_006136,USR_019785,SES_00226552,2026-08-08 03:09:02.756273,Starter_Monthly,Monthly,29.0,United States,Organic Search
CNV_003717,USR_015489,SES_00139145,2026-08-08 03:32:20.753130,Starter_Monthly,Monthly,29.0,Australia,Organic Search
CNV_004520,USR_019392,SES_00169708,2026-08-08 03:39:42.352568,Starter_Monthly,Monthly,29.0,United Kingdom,Paid Social
CNV_004970,USR_006560,SES_00185905,2026-08-08 03:51:00.031809,Starter_Monthly,Monthly,29.0,United States,Direct
CNV_006230,USR_027613,SES_00229730,2026-08-08 04:07:48.215672,Starter_Annual,Annual,290.0,United States,Direct
CNV_006064,USR_000292,SES_00224156,2026-08-08 04:45:08.090714,Starter_Monthly,Monthly,29.0,India,Direct
CNV_005833,USR_012016,SES_00216100,2026-08-08 05:49:40.794250,Starter_Monthly,Monthly,29.0,United States,Paid Social
CNV_004934,USR_000465,SES_00184614,2026-08-08 07:01:00.750602,Pro_Monthly,Monthly,79.0,Canada,Product Hunt
CNV_005900,USR_019511,SES_00218385,2026-08-08 07:01:54.044609,Starter_Annual,Annual,290.0,United States,Paid Social
CNV_004141,USR_005175,SES_00154901,2026-08-08 07:09:04.067198,Pro_Monthly,Monthly,79.0,United Kingdom,Product Hunt
CNV_005765,USR_029662,SES_00214035,2026-08-08 08:53:21.124439,Pro_Annual,Annual,790.0,United States,Direct
CNV_005836,USR_016572,SES_00216184,2026-08-08 09:35:11.343832,Starter_Monthly,Monthly,29.0,India,Product Hunt
CNV_006338,USR_014949,SES_00233212,2026-08-08 10:00:01.437326,Starter_Monthly,Monthly,29.0,Germany,Paid Social
CNV_006270,USR_017794,SES_00231123,2026-08-08 11:05:22.538028,Pro_Monthly,Monthly,79.0,Germany,Email Campaign
CNV_006275,USR_020635,SES_00231215,2026-08-08 11:56:40.912529,Pro_Monthly,Monthly,79.0,United States,Product Hunt
CNV_005890,USR_007691,SES_00218107,2026-08-08 12:03:45.132833,Starter_Annual,Annual,290.0,United States,Paid Social
CNV_005960,USR_013623,SES_00220204,2026-08-08 14:28:06.086041,Starter_Monthly,Monthly,29.0,United Kingdom,Organic Search
CNV_003602,USR_003846,SES_00134191,2026-08-08 15:53:45.267313,Starter_Annual,Annual,290.0,United States,Direct
CNV_006297,USR_003652,SES_00231839,2026-08-08 15:57:28.621132,Starter_Monthly,Monthly,29.0,Canada,Paid Social
CNV_006348,USR_030078,SES_00233607,2026-08-08 16:28:54.646491,Starter_Monthly,Monthly,29.0,Canada,Paid Social
CNV_006008,USR_019959,SES_00222279,2026-08-08 16:57:42.633897,Pro_Monthly,Monthly,79.0,India,Organic Search
CNV_004430,USR_016156,SES_00166305,2026-08-08 17:33:15.186371,Starter_Monthly,Monthly,29.0,United States,Direct
CNV_006023,USR_007742,SES_00222782,2026-08-08 17:38:26.810991,Pro_Monthly,Monthly,79.0,United States,Product Hunt
CNV_005668,USR_011041,SES_00210738,2026-08-08 18:09:21.870490,Starter_Annual,Annual,290.0,United States,Email Campaign
CNV_006363,USR_022015,SES_00234161,2026-08-08 21:19:46.493543,Starter_Monthly,Monthly,29.0,Germany,Direct
CNV_006014,USR_025023,SES_00222489,2026-08-08 22:00:24.679906,Pro_Monthly,Monthly,79.0,Canada,Email Campaign
CNV_006207,USR_023595,SES_00228973,2026-08-08 23:44:22.939737,Pro_Monthly,Monthly,79.0,United States,Email Campaign
CNV_005447,USR_012897,SES_00202956,2026-08-08 23:54:21.737326,Pro_Monthly,Monthly,79.0,Australia,Organic Search
CNV_004375,USR_027935,SES_00164368,2026-08-09 00:51:57.009400,Starter_Monthly,Monthly,29.0,United Kingdom,Product Hunt
CNV_006179,USR_019110,SES_00228054,2026-08-09 01:18:39.653839,Starter_Monthly,Monthly,29.0,United Kingdom,Direct
CNV_006104,USR_025489,SES_00225408,2026-08-09 02:33:16.001263,Starter_Monthly,Monthly,29.0,Australia,Direct
CNV_005303,USR_011004,SES_00197693,2026-08-09 02:34:38.520855,Pro_Monthly,Monthly,79.0,Germany,Organic Search
CNV_006182,USR_021719,SES_00228136,2026-08-09 05:10:14.444002,Pro_Annual,Annual,790.0,United States,Organic Search
CNV_006051,USR_025709,SES_00223889,2026-08-09 06:22:44.319369,Starter_Annual,Annual,290.0,India,Organic Search
CNV_006313,USR_017519,SES_00232577,2026-08-09 06:45:54.079330,Pro_Monthly,Monthly,79.0,United States,Organic Search
CNV_004987,USR_023941,SES_00186577,2026-08-09 07:41:55.596469,Starter_Annual,Annual,290.0,United States,Email Campaign
CNV_006356,USR_020966,SES_00233843,2026-08-09 07:49:55.291783,Enterprise,Custom,1999.0,United States,Direct
CNV_003905,USR_009125,SES_00146172,2026-08-09 09:30:47.499222,Pro_Annual,Annual,790.0,Canada,Email Campaign
CNV_005874,USR_010260,SES_00217585,2026-08-09 10:47:17.299969,Pro_Annual,Annual,790.0,United States,Organic Search
CNV_005485,USR_022807,SES_00204585,2026-08-09 13:53:59.989315,Starter_Monthly,Monthly,29.0,United States,Product Hunt
CNV_004615,USR_003178,SES_00173063,2026-08-09 14:13:29.386044,Starter_Monthly,Monthly,29.0,United States,Direct
CNV_006216,USR_029595,SES_00229368,2026-08-09 14:20:07.052463,Pro_Annual,Annual,790.0,United Kingdom,Organic Search
CNV_005582,USR_016940,SES_00207699,2026-08-09 14:21:53.341470,Pro_Monthly,Monthly,79.0,United Kingdom,Paid Social
CNV_005365,USR_009673,SES_00200092,2026-08-09 14:47:42.411102,Pro_Monthly,Monthly,79.0,United States,Organic Search
CNV_005672,USR_031044,SES_00210793,2026-08-09 15:34:17.800789,Pro_Monthly,Monthly,79.0,United States,Direct
CNV_006342,USR_028578,SES_00233346,2026-08-09 15:46:17.233325,Starter_Monthly,Monthly,29.0,India,Paid Social
CNV_004996,USR_017329,SES_00186934,2026-08-09 16:04:03.912402,Starter_Monthly,Monthly,29.0,Germany,Product Hunt
CNV_005540,USR_003467,SES_00206154,2026-08-09 16:34:23.925862,Starter_Monthly,Monthly,29.0,United States,Paid Social
CNV_004593,USR_018338,SES_00172235,2026-08-09 17:02:39.509398,Starter_Annual,Annual,290.0,United Kingdom,Referral
CNV_005841,USR_002255,SES_00216413,2026-08-09 17:58:00.092912,Pro_Annual,Annual,790.0,United Kingdom,Referral
CNV_005292,USR_018532,SES_00197265,2026-08-09 18:19:16.717037,Starter_Annual,Annual,290.0,United States,Email Campaign
CNV_005914,USR_028348,SES_00218901,2026-08-09 19:11:05.851034,Pro_Monthly,Monthly,79.0,India,Paid Social
CNV_006105,USR_022604,SES_00225478,2026-08-09 21:38:11.786332,Pro_Monthly,Monthly,79.0,Canada,Organic Search
CNV_005946,USR_026387,SES_00219805,2026-08-09 22:23:19.651303,Starter_Monthly,Monthly,29.0,United States,Paid Social
CNV_004577,USR_002315,SES_00171711,2026-08-10 00:04:05.933433,Enterprise,Custom,1999.0,United Kingdom,Direct
CNV_006332,USR_025389,SES_00233072,2026-08-10 00:54:08.791801,Pro_Monthly,Monthly,79.0,Germany,Organic Search
CNV_006382,USR_034458,SES_00234994,2026-08-10 02:17:34.977613,Starter_Monthly,Monthly,29.0,India,Organic Search
CNV_006038,USR_011481,SES_00223480,2026-08-10 02:57:39.630986,Starter_Monthly,Monthly,29.0,Australia,Referral
CNV_005692,USR_001233,SES_00211579,2026-08-10 03:01:43.930408,Pro_Monthly,Monthly,79.0,Germany,Organic Search
CNV_004876,USR_005158,SES_00182451,2026-08-10 04:03:20.804112,Starter_Monthly,Monthly,29.0,United States,Direct
CNV_006176,USR_006624,SES_00227871,2026-08-10 04:04:13.322743,Starter_Annual,Annual,290.0,United States,Organic Search
CNV_006246,USR_013547,SES_00230220,2026-08-10 04:28:15.894501,Starter_Monthly,Monthly,29.0,India,Referral
CNV_006031,USR_019411,SES_00223088,2026-08-10 05:59:10.583773,Starter_Monthly,Monthly,29.0,Australia,Product Hunt
CNV_006005,USR_030168,SES_00222200,2026-08-10 06:02:39.698958,Starter_Monthly,Monthly,29.0,United States,Direct
CNV_003476,USR_022999,SES_00129539,2026-08-10 06:18:41.499691,Starter_Monthly,Monthly,29.0,United States,Organic Search
CNV_006118,USR_006460,SES_00225988,2026-08-10 07:30:30.133894,Starter_Monthly,Monthly,29.0,Germany,Paid Social
CNV_005040,USR_004075,SES_00188460,2026-08-10 08:19:14.805150,Starter_Monthly,Monthly,29.0,United Kingdom,Organic Search
CNV_006193,USR_022834,SES_00228387,2026-08-10 08:21:04.552606,Pro_Monthly,Monthly,79.0,United Kingdom,Direct
CNV_005926,USR_022481,SES_00219259,2026-08-10 08:33:47.814306,Enterprise,Custom,1999.0,United States,Referral
CNV_005683,USR_019166,SES_00211237,2026-08-10 09:55:47.949828,Starter_Monthly,Monthly,29.0,Canada,Product Hunt
CNV_006281,USR_009901,SES_00231334,2026-08-10 11:19:39.745308,Starter_Monthly,Monthly,29.0,United Kingdom,Organic Search
CNV_006339,USR_004067,SES_00233225,2026-08-10 11:20:37.195075,Pro_Monthly,Monthly,79.0,United Kingdom,Organic Search
CNV_004904,USR_027193,SES_00183503,2026-08-10 11:33:49.466319,Pro_Annual,Annual,790.0,United Kingdom,Paid Social
CNV_006362,USR_000661,SES_00234040,2026-08-10 11:35:51.823780,Starter_Monthly,Monthly,29.0,India,Organic Search
CNV_006042,USR_026430,SES_00223585,2026-08-10 11:39:58.920924,Starter_Monthly,Monthly,29.0,Germany,Direct
CNV_005893,USR_021260,SES_00218210,2026-08-10 12:15:50.391081,Enterprise,Custom,1999.0,Germany,Paid Social
CNV_006383,USR_016191,SES_00235007,2026-08-10 13:15:45.892437,Enterprise,Custom,1999.0,United States,Direct
CNV_005708,USR_031348,SES_00211999,2026-08-10 13:46:30.872636,Starter_Monthly,Monthly,29.0,Germany,Organic Search
CNV_006346,USR_000664,SES_00233450,2026-08-10 14:56:35.581335,Starter_Monthly,Monthly,29.0,United States,Paid Social
CNV_006006,USR_011970,SES_00222215,2026-08-10 14:57:11.862926,Starter_Annual,Annual,290.0,Canada,Organic Search
CNV_004218,USR_025778,SES_00158099,2026-08-10 15:08:04.790254,Starter_Monthly,Monthly,29.0,Canada,Organic Search
CNV_006308,USR_025983,SES_00232382,2026-08-10 15:25:00.922142,Starter_Monthly,Monthly,29.0,United States,Organic Search
CNV_004727,USR_004517,SES_00177252,2026-08-10 16:21:50.544910,Pro_Monthly,Monthly,79.0,Canada,Direct
CNV_005122,USR_007217,SES_00191821,2026-08-10 16:39:54.559315,Starter_Monthly,Monthly,29.0,United Kingdom,Paid Social
CNV_006340,USR_004471,SES_00233247,2026-08-10 16:40:33.140656,Starter_Monthly,Monthly,29.0,United States,Referral
CNV_005631,USR_023636,SES_00209621,2026-08-10 16:41:18.362982,Pro_Monthly,Monthly,79.0,United States,Direct
CNV_005617,USR_005679,SES_00209058,2026-08-10 16:56:02.874771,Pro_Monthly,Monthly,79.0,France,Paid Social
CNV_005638,USR_005479,SES_00209826,2026-08-10 17:13:27.434222,Starter_Monthly,Monthly,29.0,United States,Referral
CNV_005324,USR_007323,SES_00198531,2026-08-10 18:23:20.085171,Starter_Monthly,Monthly,29.0,Germany,Paid Social
CNV_005181,USR_013305,SES_00193921,2026-08-10 18:44:16.701716,Pro_Monthly,Monthly,79.0,Australia,Referral
CNV_005023,USR_004465,SES_00187810,2026-08-10 19:21:20.840901,Starter_Annual,Annual,290.0,India,Referral
CNV_006329,USR_006342,SES_00233007,2026-08-10 19:29:28.368720,Enterprise,Custom,1999.0,Canada,Paid Social
CNV_005719,USR_013845,SES_00212368,2026-08-10 19:59:05.734328,Starter_Monthly,Monthly,29.0,United Kingdom,Direct
CNV_006391,USR_033273,SES_00235248,2026-08-10 20:07:55.721903,Pro_Monthly,Monthly,79.0,United States,Paid Social
CNV_005754,USR_034161,SES_00213464,2026-08-10 20:13:49.108378,Pro_Monthly,Monthly,79.0,United Kingdom,Product Hunt
CNV_003957,USR_023489,SES_00147821,2026-08-10 21:44:34.653589,Starter_Monthly,Monthly,29.0,India,Organic Search
CNV_004159,USR_007404,SES_00155610,2026-08-10 21:55:16.888870,Starter_Monthly,Monthly,29.0,India,Referral
CNV_006385,USR_004003,SES_00235109,2026-08-10 21:56:02.264143,Starter_Monthly,Monthly,29.0,Australia,Paid Social
CNV_005670,USR_034927,SES_00210768,2026-08-10 22:40:30.142846,Starter_Monthly,Monthly,29.0,United States,Direct
CNV_005558,USR_028899,SES_00206933,2026-08-10 23:21:09.852580,Pro_Monthly,Monthly,79.0,United States,Organic Search
CNV_005633,USR_016329,SES_00209686,2026-08-10 23:26:21.998911,Pro_Monthly,Monthly,79.0,United States,Direct
CNV_003823,USR_034971,SES_00143098,2026-08-11 00:12:56.789387,Pro_Monthly,Monthly,79.0,United States,Referral
CNV_006079,USR_012103,SES_00224523,2026-08-11 02:16:04.938210,Enterprise,Custom,1999.0,United States,Direct
CNV_003230,USR_001998,SES_00120098,2026-08-11 03:17:00.905422,Pro_Monthly,Monthly,79.0,France,Paid Social
CNV_004514,USR_002084,SES_00169365,2026-08-11 03:35:34.295094,Starter_Monthly,Monthly,29.0,United Kingdom,Paid Social
CNV_004220,USR_013463,SES_00158172,2026-08-11 03:39:02.047811,Pro_Monthly,Monthly,79.0,Germany,Paid Social
CNV_006317,USR_025484,SES_00232673,2026-08-11 04:05:31.349755,Pro_Monthly,Monthly,79.0,Canada,Paid Social
CNV_005911,USR_025180,SES_00218818,2026-08-11 04:18:59.283614,Starter_Monthly,Monthly,29.0,Australia,Referral
CNV_006351,USR_009997,SES_00233707,2026-08-11 05:10:11.682446,Starter_Monthly,Monthly,29.0,India,Organic Search
CNV_005859,USR_016001,SES_00217007,2026-08-11 05:55:38.307741,Starter_Monthly,Monthly,29.0,United States,Paid Social
CNV_006282,USR_012242,SES_00231383,2026-08-11 06:16:19.796994,Starter_Monthly,Monthly,29.0,Australia,Direct
CNV_005539,USR_011060,SES_00206135,2026-08-11 06:48:45.513928,Starter_Monthly,Monthly,29.0,United States,Paid Social
CNV_006202,USR_003146,SES_00228766,2026-08-11 06:51:43.458056,Pro_Annual,Annual,790.0,India,Direct
CNV_006369,USR_000851,SES_00234364,2026-08-11 06:59:00.124796,Pro_Monthly,Monthly,79.0,United States,Paid Social
CNV_003653,USR_007840,SES_00136274,2026-08-11 07:35:06.723826,Starter_Monthly,Monthly,29.0,United States,Organic Search
CNV_005288,USR_025515,SES_00197107,2026-08-11 08:31:02.969195,Pro_Monthly,Monthly,79.0,United States,Organic Search
CNV_004812,USR_021223,SES_00180297,2026-08-11 08:45:37.437128,Pro_Annual,Annual,790.0,United States,Referral
CNV_005899,USR_007803,SES_00218347,2026-08-11 09:16:55.478717,Starter_Monthly,Monthly,29.0,United Kingdom,Organic Search
CNV_006043,USR_013675,SES_00223642,2026-08-11 09:24:50.296718,Starter_Monthly,Monthly,29.0,United States,Organic Search
CNV_006065,USR_000014,SES_00224182,2026-08-11 09:52:14.340047,Starter_Annual,Annual,290.0,United States,Paid Social
CNV_005964,USR_001237,SES_00220308,2026-08-11 09:53:25.456031,Starter_Monthly,Monthly,29.0,Australia,Product Hunt
CNV_002896,USR_027422,SES_00107067,2026-08-11 16:04:33.209568,Pro_Monthly,Monthly,79.0,United Kingdom,Paid Social
CNV_006243,USR_026218,SES_00230099,2026-08-11 16:04:48.526638,Starter_Monthly,Monthly,29.0,United Kingdom,Paid Social
CNV_005532,USR_021214,SES_00205977,2026-08-11 16:25:03.617733,Starter_Monthly,Monthly,29.0,Germany,Organic Search
CNV_006013,USR_012386,SES_00222440,2026-08-11 17:27:27.774336,Starter_Monthly,Monthly,29.0,France,Paid Social
CNV_006070,USR_003698,SES_00224252,2026-08-11 18:41:13.044203,Pro_Monthly,Monthly,79.0,United Kingdom,Organic Search
CNV_006131,USR_014937,SES_00226346,2026-08-11 19:05:05.188907,Pro_Monthly,Monthly,79.0,India,Organic Search
CNV_005581,USR_011623,SES_00207683,2026-08-11 20:22:03.983881,Pro_Monthly,Monthly,79.0,Canada,Organic Search
CNV_006245,USR_031389,SES_00230197,2026-08-11 20:22:35.361151,Starter_Monthly,Monthly,29.0,United Kingdom,Direct
CNV_005385,USR_010798,SES_00200878,2026-08-11 22:01:35.643339,Pro_Monthly,Monthly,79.0,Canada,Paid Social
CNV_005974,USR_017071,SES_00220756,2026-08-11 22:35:25.349645,Starter_Annual,Annual,290.0,United States,Direct
CNV_005728,USR_017290,SES_00212753,2026-08-11 23:27:07.351226,Starter_Monthly,Monthly,29.0,Australia,Referral
CNV_006274,USR_004168,SES_00231198,2026-08-11 23:52:20.466659,Pro_Annual,Annual,790.0,India,Organic Search
CNV_005758,USR_012217,SES_00213707,2026-08-12 00:53:14.150716,Starter_Monthly,Monthly,29.0,France,Organic Search
CNV_005905,USR_026579,SES_00218570,2026-08-12 02:18:21.291593,Pro_Monthly,Monthly,79.0,United States,Organic Search
CNV_006324,USR_016906,SES_00232829,2026-08-12 03:31:06.063818,Starter_Monthly,Monthly,29.0,United States,Paid Social
CNV_004911,USR_031920,SES_00183662,2026-08-12 08:16:04.307642,Pro_Monthly,Monthly,79.0,India,Organic Search
CNV_006266,USR_025775,SES_00230977,2026-08-12 08:24:59.762979,Pro_Monthly,Monthly,79.0,United States,Paid Social
CNV_005764,USR_022954,SES_00213991,2026-08-12 10:40:53.427621,Starter_Monthly,Monthly,29.0,United States,Paid Social
CNV_006090,USR_026868,SES_00224932,2026-08-12 11:03:12.429160,Pro_Monthly,Monthly,79.0,United States,Direct
CNV_005776,USR_015410,SES_00214483,2026-08-12 13:05:23.455880,Pro_Monthly,Monthly,79.0,United Kingdom,Direct
CNV_006116,USR_029466,SES_00225881,2026-08-12 13:55:18.921377,Pro_Annual,Annual,790.0,Germany,Direct
CNV_006341,USR_000095,SES_00233295,2026-08-12 15:07:45.114083,Pro_Monthly,Monthly,79.0,United Kingdom,Paid Social
CNV_005309,USR_008540,SES_00197905,2026-08-12 15:52:07.109656,Starter_Monthly,Monthly,29.0,United States,Paid Social
CNV_005706,USR_004534,SES_00211946,2026-08-12 17:27:38.372440,Starter_Annual,Annual,290.0,India,Direct
CNV_005981,USR_015359,SES_00220914,2026-08-12 17:36:49.485273,Starter_Monthly,Monthly,29.0,United States,Paid Social
CNV_006403,USR_014623,SES_00235724,2026-08-12 18:25:11.785387,Pro_Annual,Annual,790.0,India,Referral
CNV_005828,USR_015243,SES_00215931,2026-08-12 19:04:11.712934,Pro_Monthly,Monthly,79.0,United Kingdom,Product Hunt
CNV_005865,USR_022651,SES_00217199,2026-08-12 19:27:56.217189,Starter_Monthly,Monthly,29.0,United States,Product Hunt
CNV_006199,USR_005296,SES_00228694,2026-08-12 19:33:54.186891,Starter_Monthly,Monthly,29.0,Germany,Paid Social
CNV_004579,USR_011885,SES_00171775,2026-08-12 19:35:24.071331,Pro_Monthly,Monthly,79.0,France,Organic Search
CNV_006056,USR_020712,SES_00223992,2026-08-12 20:21:06.001094,Pro_Annual,Annual,790.0,United States,Organic Search
CNV_006208,USR_008684,SES_00229009,2026-08-12 20:27:46.602650,Starter_Monthly,Monthly,29.0,Canada,Direct
CNV_005805,USR_032994,SES_00215165,2026-08-12 21:11:38.766105,Pro_Monthly,Monthly,79.0,United States,Paid Social
CNV_005071,USR_002970,SES_00189543,2026-08-12 21:12:42.782388,Pro_Annual,Annual,790.0,United States,Referral
CNV_004368,USR_017168,SES_00164064,2026-08-12 21:17:33.818723,Starter_Monthly,Monthly,29.0,United States,Paid Social
CNV_005678,USR_022467,SES_00211079,2026-08-12 21:40:29.602277,Pro_Monthly,Monthly,79.0,United States,Direct
CNV_006400,USR_010460,SES_00235662,2026-08-12 23:20:19.141532,Starter_Monthly,Monthly,29.0,United States,Organic Search
CNV_005768,USR_024020,SES_00214183,2026-08-12 23:57:00.677219,Pro_Monthly,Monthly,79.0,Germany,Organic Search
CNV_005882,USR_006202,SES_00217871,2026-08-13 00:26:49.718659,Starter_Monthly,Monthly,29.0,Germany,Paid Social
CNV_005039,USR_017021,SES_00188412,2026-08-13 00:40:55.717800,Starter_Monthly,Monthly,29.0,Australia,Direct
CNV_004620,USR_014242,SES_00173150,2026-08-13 01:33:24.421018,Enterprise,Custom,1999.0,Germany,Product Hunt
CNV_005873,USR_026164,SES_00217537,2026-08-13 01:44:56.264780,Starter_Monthly,Monthly,29.0,Australia,Organic Search
CNV_003545,USR_028617,SES_00132205,2026-08-13 01:47:55.546664,Pro_Monthly,Monthly,79.0,United States,Paid Social
CNV_005180,USR_001612,SES_00193911,2026-08-13 02:16:51.894558,Starter_Monthly,Monthly,29.0,United Kingdom,Organic Search
CNV_005850,USR_010003,SES_00216712,2026-08-13 02:28:36.400310,Starter_Monthly,Monthly,29.0,Canada,Direct
CNV_006162,USR_014538,SES_00227435,2026-08-13 02:29:18.952426,Starter_Monthly,Monthly,29.0,Canada,Paid Social
CNV_006027,USR_012460,SES_00222962,2026-08-13 02:48:30.852322,Starter_Annual,Annual,290.0,United States,Referral
CNV_005498,USR_020636,SES_00205104,2026-08-13 02:59:06.665866,Starter_Monthly,Monthly,29.0,United States,Product Hunt
CNV_005431,USR_019224,SES_00202532,2026-08-13 03:22:14.484564,Pro_Monthly,Monthly,79.0,United Kingdom,Organic Search
CNV_004219,USR_010692,SES_00158117,2026-08-13 04:19:00.115774,Starter_Monthly,Monthly,29.0,United Kingdom,Referral
CNV_006326,USR_023264,SES_00232930,2026-08-13 06:02:04.598657,Pro_Annual,Annual,790.0,India,Organic Search
CNV_006041,USR_018486,SES_00223574,2026-08-13 07:10:51.982763,Starter_Monthly,Monthly,29.0,United Kingdom,Direct
CNV_006167,USR_031653,SES_00227602,2026-08-13 07:18:22.090184,Starter_Monthly,Monthly,29.0,Canada,Organic Search
CNV_004790,USR_001898,SES_00179481,2026-08-13 07:38:45.348405,Starter_Monthly,Monthly,29.0,Germany,Direct
CNV_005149,USR_033907,SES_00192984,2026-08-13 08:26:48.460969,Starter_Monthly,Monthly,29.0,Canada,Organic Search
CNV_006336,USR_015919,SES_00233186,2026-08-13 08:31:45.832194,Pro_Monthly,Monthly,79.0,United States,Paid Social
CNV_006241,USR_010091,SES_00230066,2026-08-13 08:35:21.521840,Pro_Monthly,Monthly,79.0,United States,Direct
CNV_006300,USR_011510,SES_00231981,2026-08-13 09:37:23.701482,Starter_Monthly,Monthly,29.0,United Kingdom,Direct
CNV_005015,USR_029776,SES_00187573,2026-08-13 12:51:29.833203,Starter_Monthly,Monthly,29.0,United States,Referral
CNV_005826,USR_010640,SES_00215888,2026-08-13 14:49:13.893144,Starter_Annual,Annual,290.0,United States,Direct
CNV_004999,USR_028619,SES_00187024,2026-08-13 15:25:58.732241,Pro_Monthly,Monthly,79.0,India,Organic Search
CNV_006389,USR_018569,SES_00235224,2026-08-13 16:56:35.351394,Pro_Monthly,Monthly,79.0,United States,Paid Social
CNV_004905,USR_028346,SES_00183546,2026-08-13 19:17:09.116467,Starter_Monthly,Monthly,29.0,India,Product Hunt
CNV_005344,USR_016935,SES_00199143,2026-08-13 20:35:37.932297,Starter_Monthly,Monthly,29.0,United States,Referral
CNV_006409,USR_000558,SES_00236070,2026-08-13 20:46:49.868640,Pro_Monthly,Monthly,79.0,United States,Direct
CNV_006238,USR_028223,SES_00229983,2026-08-13 21:00:36.632503,Starter_Monthly,Monthly,29.0,Canada,Organic Search
CNV_006398,USR_012870,SES_00235579,2026-08-13 21:23:18.367507,Starter_Annual,Annual,290.0,United States,Organic Search
CNV_006017,USR_003137,SES_00222567,2026-08-13 21:29:52.554819,Starter_Monthly,Monthly,29.0,United States,Paid Social
CNV_006359,USR_020245,SES_00233942,2026-08-13 22:25:03.473322,Pro_Annual,Annual,790.0,United Kingdom,Paid Social
CNV_006036,USR_005749,SES_00223289,2026-08-13 22:46:13.525577,Starter_Monthly,Monthly,29.0,United Kingdom,Organic Search
CNV_005310,USR_016024,SES_00197929,2026-08-13 22:57:50.072169,Starter_Monthly,Monthly,29.0,India,Direct
CNV_006312,USR_005150,SES_00232553,2026-08-14 00:00:57.985613,Starter_Monthly,Monthly,29.0,United Kingdom,Organic Search
CNV_006148,USR_031264,SES_00226824,2026-08-14 00:20:31.860347,Starter_Monthly,Monthly,29.0,India,Paid Social
CNV_006101,USR_027499,SES_00225314,2026-08-14 00:42:08.798536,Pro_Monthly,Monthly,79.0,United Kingdom,Direct
CNV_005623,USR_030175,SES_00209318,2026-08-14 01:19:51.827871,Starter_Monthly,Monthly,29.0,United States,Referral
CNV_006291,USR_011084,SES_00231694,2026-08-14 02:00:41.168250,Pro_Monthly,Monthly,79.0,United Kingdom,Direct
CNV_006127,USR_023203,SES_00226254,2026-08-14 03:04:21.592119,Starter_Monthly,Monthly,29.0,United States,Direct
CNV_006066,USR_027841,SES_00224195,2026-08-14 07:01:29.187189,Starter_Monthly,Monthly,29.0,India,Product Hunt
CNV_005759,USR_007633,SES_00213799,2026-08-14 07:35:35.619411,Pro_Monthly,Monthly,79.0,United Kingdom,Organic Search
CNV_006255,USR_004074,SES_00230587,2026-08-14 08:31:24.052120,Pro_Monthly,Monthly,79.0,United Kingdom,Organic Search
CNV_005628,USR_031419,SES_00209506,2026-08-14 08:44:13.049792,Starter_Monthly,Monthly,29.0,United States,Referral
CNV_006113,USR_033802,SES_00225727,2026-08-14 09:51:35.022073,Pro_Monthly,Monthly,79.0,India,Organic Search
CNV_006265,USR_008402,SES_00230922,2026-08-14 10:03:59.199751,Starter_Annual,Annual,290.0,United States,Product Hunt
CNV_005726,USR_000460,SES_00212597,2026-08-14 10:59:09.486056,Pro_Monthly,Monthly,79.0,United States,Organic Search
CNV_006407,USR_011408,SES_00236038,2026-08-14 11:23:12.198416,Pro_Monthly,Monthly,79.0,United States,Paid Social
CNV_005997,USR_006978,SES_00221692,2026-08-14 11:28:28.172529,Starter_Monthly,Monthly,29.0,United States,Referral
CNV_005829,USR_021389,SES_00215970,2026-08-14 12:12:12.242267,Starter_Annual,Annual,290.0,United States,Referral
CNV_004540,USR_011422,SES_00170269,2026-08-14 12:57:17.151103,Pro_Monthly,Monthly,79.0,United States,Referral
CNV_004740,USR_029645,SES_00177680,2026-08-14 13:02:17.285129,Pro_Monthly,Monthly,79.0,United States,Direct
CNV_005790,USR_033494,SES_00214798,2026-08-14 13:14:19.805281,Starter_Monthly,Monthly,29.0,Germany,Product Hunt
CNV_006406,USR_002224,SES_00235930,2026-08-14 13:32:42.423167,Starter_Monthly,Monthly,29.0,Canada,Direct
CNV_006310,USR_023144,SES_00232472,2026-08-14 14:12:43.640129,Starter_Annual,Annual,290.0,Germany,Direct
CNV_003633,USR_001918,SES_00135293,2026-08-14 14:52:34.818867,Pro_Monthly,Monthly,79.0,United States,Paid Social
CNV_005980,USR_010425,SES_00220893,2026-08-14 15:36:13.947055,Pro_Annual,Annual,790.0,United States,Product Hunt
CNV_006172,USR_001734,SES_00227779,2026-08-14 17:05:25.527326,Starter_Monthly,Monthly,29.0,United States,Direct
CNV_006295,USR_003310,SES_00231777,2026-08-14 17:12:28.773469,Pro_Monthly,Monthly,79.0,Germany,Referral
CNV_005634,USR_022081,SES_00209734,2026-08-14 19:38:02.020204,Starter_Monthly,Monthly,29.0,Australia,Product Hunt
CNV_006293,USR_023235,SES_00231733,2026-08-14 19:56:55.042871,Starter_Annual,Annual,290.0,United States,Direct
CNV_005861,USR_034196,SES_00217044,2026-08-14 21:00:04.651332,Starter_Monthly,Monthly,29.0,Canada,Referral
CNV_006357,USR_021285,SES_00233862,2026-08-14 21:08:23.682699,Pro_Monthly,Monthly,79.0,United States,Paid Social
CNV_005028,USR_023420,SES_00187910,2026-08-14 22:12:24.527126,Starter_Annual,Annual,290.0,United States,Direct
CNV_006086,USR_009565,SES_00224820,2026-08-14 23:44:11.507417,Starter_Annual,Annual,290.0,United States,Organic Search
CNV_006423,USR_001232,SES_00236919,2026-08-15 00:31:17.514078,Starter_Monthly,Monthly,29.0,India,Direct
CNV_006209,USR_028393,SES_00229080,2026-08-15 00:32:31.292440,Starter_Monthly,Monthly,29.0,Canada,Organic Search
CNV_006220,USR_022271,SES_00229446,2026-08-15 00:38:12.962640,Pro_Monthly,Monthly,79.0,United States,Paid Social
CNV_006303,USR_015536,SES_00232014,2026-08-15 01:01:44.119926,Starter_Annual,Annual,290.0,United States,Paid Social
CNV_005755,USR_022436,SES_00213531,2026-08-15 04:30:29.905649,Starter_Monthly,Monthly,29.0,United States,Paid Social
CNV_004547,USR_007776,SES_00170493,2026-08-15 04:34:00.358962,Pro_Monthly,Monthly,79.0,Germany,Paid Social
CNV_006252,USR_010178,SES_00230409,2026-08-15 05:35:36.991880,Enterprise,Custom,1999.0,United States,Product Hunt
CNV_005568,USR_005056,SES_00207298,2026-08-15 05:46:41.216457,Starter_Monthly,Monthly,29.0,United States,Referral
CNV_005745,USR_025057,SES_00213247,2026-08-15 06:20:19.514934,Pro_Monthly,Monthly,79.0,United States,Organic Search
CNV_005212,USR_032959,SES_00194809,2026-08-15 07:12:32.841029,Pro_Monthly,Monthly,79.0,United Kingdom,Referral
CNV_006284,USR_015314,SES_00231495,2026-08-15 08:15:51.676457,Starter_Annual,Annual,290.0,India,Direct
CNV_006146,USR_024842,SES_00226808,2026-08-15 08:16:40.005609,Starter_Monthly,Monthly,29.0,Canada,Referral
CNV_005302,USR_016666,SES_00197668,2026-08-15 08:35:18.757666,Starter_Monthly,Monthly,29.0,Australia,Product Hunt
CNV_006431,USR_034051,SES_00237251,2026-08-15 09:41:02.513274,Starter_Monthly,Monthly,29.0,United States,Paid Social
CNV_006114,USR_024413,SES_00225771,2026-08-15 10:01:08.556060,Starter_Monthly,Monthly,29.0,India,Paid Social
CNV_006331,USR_003841,SES_00233041,2026-08-15 11:10:42.136830,Pro_Monthly,Monthly,79.0,Germany,Organic Search
CNV_005555,USR_019140,SES_00206771,2026-08-15 13:08:21.975290,Starter_Annual,Annual,290.0,United States,Organic Search
CNV_004239,USR_024732,SES_00158790,2026-08-15 13:19:05.791412,Starter_Monthly,Monthly,29.0,United States,Direct
CNV_005439,USR_006137,SES_00202770,2026-08-15 13:33:16.449470,Pro_Monthly,Monthly,79.0,India,Paid Social
CNV_003276,USR_009706,SES_00122006,2026-08-15 13:57:03.777800,Pro_Monthly,Monthly,79.0,Canada,Direct
CNV_004509,USR_026747,SES_00169191,2026-08-15 14:58:35.244856,Starter_Monthly,Monthly,29.0,United Kingdom,Paid Social
CNV_005982,USR_012385,SES_00220955,2026-08-15 15:42:31.862440,Starter_Annual,Annual,290.0,Germany,Referral
CNV_006168,USR_033237,SES_00227673,2026-08-15 16:23:37.770095,Starter_Monthly,Monthly,29.0,Canada,Direct
CNV_005718,USR_020342,SES_00212342,2026-08-15 17:10:21.279806,Pro_Monthly,Monthly,79.0,United States,Organic Search
CNV_005501,USR_009634,SES_00205230,2026-08-15 17:21:07.594632,Pro_Annual,Annual,790.0,India,Referral
CNV_006387,USR_014620,SES_00235169,2026-08-15 18:13:45.615116,Starter_Monthly,Monthly,29.0,Germany,Direct
CNV_006267,USR_019663,SES_00231001,2026-08-15 18:15:00.639176,Starter_Monthly,Monthly,29.0,United Kingdom,Direct
CNV_006087,USR_004764,SES_00224844,2026-08-15 18:44:49.584848,Pro_Monthly,Monthly,79.0,United States,Paid Social
CNV_004360,USR_017037,SES_00163656,2026-08-15 19:26:53.882619,Pro_Monthly,Monthly,79.0,United States,Referral
CNV_006137,USR_030488,SES_00226574,2026-08-15 19:56:44.766974,Starter_Monthly,Monthly,29.0,United States,Organic Search
CNV_006173,USR_020223,SES_00227798,2026-08-15 20:25:48.704461,Pro_Monthly,Monthly,79.0,United States,Paid Social
CNV_006315,USR_030714,SES_00232596,2026-08-15 20:51:04.070381,Starter_Monthly,Monthly,29.0,United States,Organic Search
CNV_006222,USR_012612,SES_00229498,2026-08-15 20:52:06.776315,Starter_Monthly,Monthly,29.0,United Kingdom,Direct
CNV_005895,USR_013056,SES_00218249,2026-08-15 21:16:47.617164,Pro_Annual,Annual,790.0,United States,Product Hunt
CNV_006368,USR_016776,SES_00234354,2026-08-15 23:07:17.467160,Pro_Monthly,Monthly,79.0,India,Organic Search
CNV_005906,USR_005463,SES_00218650,2026-08-15 23:12:25.137684,Starter_Monthly,Monthly,29.0,United Kingdom,Email Campaign
CNV_006428,USR_002277,SES_00237141,2026-08-15 23:17:10.360412,Starter_Monthly,Monthly,29.0,India,Organic Search
CNV_004885,USR_028206,SES_00182780,2026-08-16 00:43:53.987360,Starter_Monthly,Monthly,29.0,India,Product Hunt
CNV_006413,USR_008229,SES_00236242,2026-08-16 00:46:40.917421,Starter_Annual,Annual,290.0,United States,Organic Search
CNV_006408,USR_010315,SES_00236056,2026-08-16 00:49:00.607128,Pro_Annual,Annual,790.0,Australia,Organic Search
CNV_006088,USR_013876,SES_00224910,2026-08-16 04:11:30.858872,Starter_Monthly,Monthly,29.0,India,Direct
CNV_006327,USR_022895,SES_00232951,2026-08-16 04:55:14.139127,Starter_Annual,Annual,290.0,Canada,Organic Search
CNV_005993,USR_023378,SES_00221521,2026-08-16 05:24:18.683419,Pro_Annual,Annual,790.0,India,Organic Search
CNV_006129,USR_024406,SES_00226307,2026-08-16 05:52:56.716963,Pro_Monthly,Monthly,79.0,India,Paid Social
CNV_006345,USR_024339,SES_00233443,2026-08-16 08:35:31.313722,Starter_Annual,Annual,290.0,United Kingdom,Referral
CNV_006301,USR_001079,SES_00231989,2026-08-16 12:32:03.801623,Starter_Annual,Annual,290.0,Germany,Referral
CNV_003377,USR_031941,SES_00125661,2026-08-16 14:43:03.472834,Pro_Monthly,Monthly,79.0,India,Organic Search
CNV_006353,USR_015113,SES_00233807,2026-08-16 15:39:36.924517,Starter_Monthly,Monthly,29.0,United States,Direct
CNV_006381,USR_014104,SES_00234883,2026-08-16 16:40:26.111889,Starter_Monthly,Monthly,29.0,United States,Organic Search
CNV_004734,USR_034005,SES_00177513,2026-08-16 16:42:10.132422,Starter_Monthly,Monthly,29.0,Australia,Direct
CNV_006380,USR_010033,SES_00234841,2026-08-16 18:07:24.313171,Pro_Annual,Annual,790.0,United States,Email Campaign
CNV_005809,USR_022180,SES_00215259,2026-08-16 18:11:24.671924,Starter_Annual,Annual,290.0,United States,Direct
CNV_006386,USR_026652,SES_00235149,2026-08-16 18:48:54.883676,Pro_Monthly,Monthly,79.0,United States,Organic Search
CNV_006102,USR_006577,SES_00225327,2026-08-16 18:52:24.361926,Starter_Monthly,Monthly,29.0,France,Referral
CNV_005642,USR_005192,SES_00209954,2026-08-16 19:01:07.085299,Starter_Monthly,Monthly,29.0,United States,Paid Social
CNV_006441,USR_031261,SES_00237571,2026-08-16 19:16:45.458681,Pro_Monthly,Monthly,79.0,Australia,Organic Search
CNV_006085,USR_026951,SES_00224700,2026-08-16 19:31:55.140337,Starter_Monthly,Monthly,29.0,United States,Organic Search
CNV_006335,USR_014257,SES_00233149,2026-08-16 21:21:03.406035,Starter_Monthly,Monthly,29.0,United States,Organic Search
CNV_006201,USR_003187,SES_00228751,2026-08-16 21:33:11.502194,Starter_Monthly,Monthly,29.0,Germany,Product Hunt
CNV_006433,USR_028125,SES_00237269,2026-08-16 21:36:25.299557,Starter_Monthly,Monthly,29.0,United States,Direct
CNV_006280,USR_022678,SES_00231320,2026-08-16 22:06:05.831052,Starter_Annual,Annual,290.0,United States,Organic Search
CNV_004903,USR_006454,SES_00183464,2026-08-16 23:04:54.845608,Starter_Monthly,Monthly,29.0,India,Referral
CNV_005788,USR_008591,SES_00214775,2026-08-16 23:09:47.593457,Pro_Monthly,Monthly,79.0,Canada,Direct
CNV_006189,USR_006288,SES_00228284,2026-08-16 23:51:50.456947,Starter_Monthly,Monthly,29.0,Germany,Product Hunt
CNV_006047,USR_032795,SES_00223817,2026-08-17 00:03:17.332942,Starter_Monthly,Monthly,29.0,United States,Product Hunt
CNV_004751,USR_008038,SES_00178105,2026-08-17 00:40:39.554476,Starter_Monthly,Monthly,29.0,Canada,Paid Social
CNV_004155,USR_027349,SES_00155464,2026-08-17 00:58:18.331974,Starter_Monthly,Monthly,29.0,United States,Product Hunt
CNV_006402,USR_029251,SES_00235700,2026-08-17 01:00:10.155545,Pro_Monthly,Monthly,79.0,United Kingdom,Referral
CNV_005813,USR_029008,SES_00215430,2026-08-17 03:07:11.378783,Pro_Monthly,Monthly,79.0,Canada,Organic Search
CNV_005863,USR_023874,SES_00217157,2026-08-17 03:43:45.981849,Starter_Monthly,Monthly,29.0,United States,Direct
CNV_006361,USR_017986,SES_00234012,2026-08-17 05:26:04.729831,Pro_Monthly,Monthly,79.0,United States,Direct
CNV_005881,USR_027940,SES_00217849,2026-08-17 07:10:00.855823,Starter_Monthly,Monthly,29.0,United States,Organic Search
CNV_006140,USR_034260,SES_00226647,2026-08-17 08:22:49.278858,Starter_Monthly,Monthly,29.0,United States,Referral
CNV_004738,USR_005870,SES_00177627,2026-08-17 09:04:34.472483,Pro_Monthly,Monthly,79.0,Canada,Direct
CNV_006234,USR_010225,SES_00229933,2026-08-17 11:02:52.464083,Starter_Annual,Annual,290.0,United States,Organic Search
CNV_003962,USR_025746,SES_00148125,2026-08-17 11:13:21.226503,Pro_Monthly,Monthly,79.0,Australia,Organic Search
CNV_006154,USR_015738,SES_00227134,2026-08-17 12:23:38.147743,Starter_Monthly,Monthly,29.0,United States,Organic Search
CNV_005999,USR_006587,SES_00221888,2026-08-17 14:03:10.057771,Starter_Monthly,Monthly,29.0,United Kingdom,Organic Search
CNV_004557,USR_018912,SES_00170914,2026-08-17 15:18:15.770940,Pro_Monthly,Monthly,79.0,Canada,Direct
CNV_006191,USR_024973,SES_00228300,2026-08-17 15:24:40.994966,Pro_Monthly,Monthly,79.0,United Kingdom,Referral
CNV_004708,USR_004656,SES_00176420,2026-08-17 17:13:06.511460,Starter_Annual,Annual,290.0,United Kingdom,Email Campaign
CNV_005695,USR_014398,SES_00211662,2026-08-17 17:37:06.350477,Starter_Monthly,Monthly,29.0,Germany,Email Campaign
CNV_004882,USR_019203,SES_00182693,2026-08-17 20:27:03.248095,Starter_Monthly,Monthly,29.0,Canada,Organic Search
CNV_006373,USR_002307,SES_00234634,2026-08-17 20:33:49.824407,Starter_Monthly,Monthly,29.0,Canada,Product Hunt
CNV_005299,USR_021097,SES_00197613,2026-08-17 22:04:05.707156,Enterprise,Custom,1999.0,Germany,Product Hunt
CNV_005995,USR_010636,SES_00221598,2026-08-17 23:07:58.411506,Starter_Monthly,Monthly,29.0,United Kingdom,Referral
CNV_006152,USR_019559,SES_00226928,2026-08-18 01:06:50.358363,Pro_Monthly,Monthly,79.0,United States,Paid Social
CNV_005867,USR_019268,SES_00217272,2026-08-18 01:22:11.460906,Pro_Monthly,Monthly,79.0,Canada,Referral
CNV_006122,USR_033080,SES_00226080,2026-08-18 01:34:21.311936,Pro_Monthly,Monthly,79.0,Germany,Referral
CNV_006226,USR_019958,SES_00229605,2026-08-18 01:44:25.785790,Starter_Monthly,Monthly,29.0,India,Referral
CNV_006437,USR_016934,SES_00237362,2026-08-18 02:21:07.779674,Starter_Monthly,Monthly,29.0,United States,Organic Search
CNV_006352,USR_010046,SES_00233789,2026-08-18 03:23:23.858599,Starter_Annual,Annual,290.0,France,Direct
CNV_005732,USR_012802,SES_00212850,2026-08-18 03:31:36.914163,Pro_Monthly,Monthly,79.0,United States,Direct
CNV_006273,USR_012824,SES_00231167,2026-08-18 03:42:24.017700,Pro_Monthly,Monthly,79.0,United Kingdom,Paid Social
CNV_005436,USR_012521,SES_00202749,2026-08-18 03:56:51.800647,Pro_Monthly,Monthly,79.0,United Kingdom,Organic Search
CNV_006343,USR_033161,SES_00233412,2026-08-18 05:22:17.930163,Starter_Monthly,Monthly,29.0,United States,Organic Search
CNV_005593,USR_023198,SES_00208199,2026-08-18 06:13:14.577580,Pro_Annual,Annual,790.0,Canada,Paid Social
CNV_005441,USR_032582,SES_00202833,2026-08-18 06:21:04.449710,Starter_Monthly,Monthly,29.0,United Kingdom,Organic Search
CNV_006170,USR_017358,SES_00227712,2026-08-18 06:26:12.167698,Pro_Monthly,Monthly,79.0,Canada,Referral
CNV_006058,USR_033692,SES_00224019,2026-08-18 06:56:43.841034,Starter_Monthly,Monthly,29.0,United Kingdom,Organic Search
CNV_006110,USR_000183,SES_00225577,2026-08-18 07:30:12.453402,Pro_Monthly,Monthly,79.0,United States,Product Hunt
CNV_005839,USR_005612,SES_00216323,2026-08-18 07:31:24.648583,Starter_Monthly,Monthly,29.0,United States,Direct
CNV_006184,USR_030848,SES_00228157,2026-08-18 07:38:17.879805,Starter_Monthly,Monthly,29.0,United States,Direct
CNV_005648,USR_009684,SES_00210152,2026-08-18 07:42:24.810209,Starter_Monthly,Monthly,29.0,United States,Direct
CNV_006097,USR_000233,SES_00225197,2026-08-18 07:42:54.099009,Pro_Monthly,Monthly,79.0,United Kingdom,Organic Search
CNV_006425,USR_011769,SES_00237000,2026-08-18 07:45:25.662452,Starter_Monthly,Monthly,29.0,Canada,Organic Search
CNV_004748,USR_012420,SES_00177975,2026-08-18 08:42:24.926671,Starter_Monthly,Monthly,29.0,United States,Organic Search
CNV_005818,USR_006239,SES_00215669,2026-08-18 09:11:00.151685,Pro_Annual,Annual,790.0,United Kingdom,Organic Search
CNV_006276,USR_022551,SES_00231268,2026-08-18 09:36:02.535929,Pro_Monthly,Monthly,79.0,United States,Paid Social
CNV_006378,USR_034499,SES_00234812,2026-08-18 09:51:58.971360,Starter_Monthly,Monthly,29.0,United States,Organic Search
CNV_004898,USR_030573,SES_00183320,2026-08-18 10:26:10.589719,Starter_Monthly,Monthly,29.0,France,Referral
CNV_006306,USR_027378,SES_00232296,2026-08-18 12:11:39.674033,Starter_Monthly,Monthly,29.0,United States,Email Campaign
CNV_006198,USR_019707,SES_00228675,2026-08-18 12:27:10.354981,Starter_Monthly,Monthly,29.0,United States,Product Hunt
CNV_006029,USR_032856,SES_00223021,2026-08-18 12:32:48.973116,Starter_Monthly,Monthly,29.0,United Kingdom,Direct
CNV_006092,USR_026251,SES_00225079,2026-08-18 13:12:34.412736,Starter_Monthly,Monthly,29.0,France,Organic Search
CNV_005797,USR_032809,SES_00214948,2026-08-18 14:11:32.454671,Starter_Monthly,Monthly,29.0,India,Organic Search
CNV_004511,USR_007396,SES_00169258,2026-08-18 14:14:15.167887,Starter_Monthly,Monthly,29.0,United States,Paid Social
CNV_005843,USR_013415,SES_00216455,2026-08-18 14:23:47.537942,Pro_Monthly,Monthly,79.0,Canada,Paid Social
CNV_006392,USR_004212,SES_00235271,2026-08-18 14:30:49.733089,Starter_Monthly,Monthly,29.0,India,Organic Search
CNV_006377,USR_009042,SES_00234777,2026-08-18 14:45:01.122392,Starter_Monthly,Monthly,29.0,Canada,Organic Search
CNV_005835,USR_009218,SES_00216153,2026-08-18 16:28:31.296024,Starter_Monthly,Monthly,29.0,United Kingdom,Organic Search
CNV_006141,USR_027118,SES_00226668,2026-08-18 17:31:11.633864,Pro_Monthly,Monthly,79.0,United Kingdom,Email Campaign
CNV_006289,USR_018053,SES_00231647,2026-08-18 17:56:30.192766,Pro_Annual,Annual,790.0,United Kingdom,Referral
CNV_006192,USR_032357,SES_00228354,2026-08-18 20:44:54.571960,Starter_Monthly,Monthly,29.0,United States,Paid Social
CNV_006244,USR_016139,SES_00230157,2026-08-18 21:18:55.847579,Pro_Monthly,Monthly,79.0,France,Organic Search
CNV_006242,USR_014539,SES_00230080,2026-08-18 21:39:51.573273,Starter_Monthly,Monthly,29.0,Canada,Paid Social
CNV_005470,USR_012982,SES_00203920,2026-08-18 23:18:46.859243,Enterprise,Custom,1999.0,United States,Direct
CNV_004697,USR_008459,SES_00176083,2026-08-19 00:51:53.156965,Pro_Monthly,Monthly,79.0,India,Organic Search
CNV_006153,USR_000044,SES_00227040,2026-08-19 02:38:23.552991,Starter_Monthly,Monthly,29.0,Canada,Referral
CNV_005446,USR_013854,SES_00202946,2026-08-19 02:47:12.930118,Pro_Monthly,Monthly,79.0,Germany,Direct
CNV_006218,USR_030085,SES_00229392,2026-08-19 05:29:49.928876,Pro_Annual,Annual,790.0,France,Referral
CNV_006394,USR_001597,SES_00235316,2026-08-19 05:43:57.369279,Starter_Monthly,Monthly,29.0,Australia,Organic Search
CNV_006119,USR_001510,SES_00226012,2026-08-19 06:22:05.223304,Pro_Annual,Annual,790.0,India,Paid Social
CNV_006429,USR_027849,SES_00237203,2026-08-19 06:24:45.285853,Pro_Monthly,Monthly,79.0,United States,Direct
CNV_006259,USR_027477,SES_00230687,2026-08-19 06:41:54.244744,Pro_Annual,Annual,790.0,United States,Email Campaign
CNV_005824,USR_016538,SES_00215796,2026-08-19 10:15:19.121371,Pro_Monthly,Monthly,79.0,India,Direct
CNV_005944,USR_003955,SES_00219739,2026-08-19 10:54:16.830158,Pro_Annual,Annual,790.0,United States,Paid Social
CNV_005687,USR_018969,SES_00211398,2026-08-19 12:51:31.778420,Starter_Monthly,Monthly,29.0,Germany,Organic Search
CNV_006404,USR_006259,SES_00235758,2026-08-19 13:24:24.420063,Starter_Monthly,Monthly,29.0,United States,Direct
CNV_006330,USR_010396,SES_00233035,2026-08-19 13:35:06.779786,Enterprise,Custom,1999.0,Canada,Product Hunt
CNV_005266,USR_009856,SES_00196459,2026-08-19 13:39:59.869668,Starter_Monthly,Monthly,29.0,France,Paid Social
CNV_005908,USR_001431,SES_00218724,2026-08-19 14:24:15.552585,Starter_Monthly,Monthly,29.0,France,Organic Search
CNV_006318,USR_034717,SES_00232685,2026-08-19 14:33:05.754062,Starter_Monthly,Monthly,29.0,United States,Product Hunt
CNV_006405,USR_004922,SES_00235880,2026-08-19 15:02:42.353777,Starter_Monthly,Monthly,29.0,Canada,Organic Search
CNV_006388,USR_004772,SES_00235194,2026-08-19 16:59:55.354300,Pro_Monthly,Monthly,79.0,United States,Organic Search
CNV_006410,USR_011655,SES_00236106,2026-08-19 17:00:19.295974,Starter_Monthly,Monthly,29.0,India,Organic Search
CNV_005547,USR_026351,SES_00206404,2026-08-19 17:05:31.557104,Starter_Monthly,Monthly,29.0,United States,Paid Social
CNV_005808,USR_014859,SES_00215249,2026-08-19 17:06:07.304452,Pro_Monthly,Monthly,79.0,France,Paid Social
CNV_005654,USR_003423,SES_00210312,2026-08-19 17:58:05.771682,Pro_Monthly,Monthly,79.0,Australia,Organic Search
CNV_006350,USR_027364,SES_00233652,2026-08-19 18:58:48.200480,Starter_Monthly,Monthly,29.0,United States,Organic Search
CNV_006258,USR_005153,SES_00230663,2026-08-19 19:57:10.745812,Pro_Annual,Annual,790.0,Germany,Paid Social
CNV_006438,USR_026967,SES_00237390,2026-08-19 20:31:48.733044,Starter_Annual,Annual,290.0,Australia,Product Hunt
CNV_006221,USR_028812,SES_00229470,2026-08-19 20:57:25.490123,Starter_Annual,Annual,290.0,United States,Referral
CNV_005445,USR_013999,SES_00202926,2026-08-19 21:16:42.588505,Pro_Monthly,Monthly,79.0,United States,Paid Social
CNV_006414,USR_027807,SES_00236267,2026-08-19 22:32:27.462950,Starter_Monthly,Monthly,29.0,Canada,Organic Search
CNV_005257,USR_034718,SES_00196135,2026-08-19 23:00:36.206186,Starter_Monthly,Monthly,29.0,Canada,Email Campaign
CNV_006229,USR_011521,SES_00229640,2026-08-19 23:31:52.612637,Starter_Monthly,Monthly,29.0,United States,Direct
CNV_005975,USR_030045,SES_00220797,2026-08-20 00:00:02.412769,Starter_Monthly,Monthly,29.0,Germany,Organic Search
CNV_006188,USR_013351,SES_00228252,2026-08-20 00:17:48.941214,Pro_Monthly,Monthly,79.0,India,Organic Search
CNV_006163,USR_002335,SES_00227495,2026-08-20 00:27:26.875681,Starter_Monthly,Monthly,29.0,Germany,Paid Social
CNV_005508,USR_025958,SES_00205331,2026-08-20 01:42:37.893353,Starter_Monthly,Monthly,29.0,United States,Paid Social
CNV_004653,USR_026712,SES_00174406,2026-08-20 01:52:42.130217,Pro_Annual,Annual,790.0,France,Organic Search
CNV_004165,USR_034396,SES_00155872,2026-08-20 01:57:38.898167,Starter_Annual,Annual,290.0,United States,Organic Search
CNV_006376,USR_002505,SES_00234743,2026-08-20 02:55:34.354961,Starter_Monthly,Monthly,29.0,United States,Organic Search
CNV_005973,USR_029842,SES_00220735,2026-08-20 03:46:48.426357,Pro_Monthly,Monthly,79.0,United States,Paid Social
CNV_005502,USR_007114,SES_00205245,2026-08-20 05:06:24.400117,Pro_Monthly,Monthly,79.0,Australia,Organic Search
CNV_005236,USR_000540,SES_00195549,2026-08-20 06:41:30.155625,Starter_Monthly,Monthly,29.0,Canada,Direct
CNV_006169,USR_024977,SES_00227693,2026-08-20 08:00:02.692161,Starter_Annual,Annual,290.0,United States,Organic Search
CNV_006311,USR_009324,SES_00232515,2026-08-20 08:17:00.586845,Pro_Monthly,Monthly,79.0,Canada,Organic Search
CNV_005924,USR_008209,SES_00219172,2026-08-20 08:22:31.659328,Pro_Monthly,Monthly,79.0,Australia,Organic Search
CNV_006158,USR_015000,SES_00227247,2026-08-20 09:31:11.040717,Pro_Monthly,Monthly,79.0,India,Referral
CNV_005898,USR_006439,SES_00218329,2026-08-20 09:46:08.113907,Starter_Monthly,Monthly,29.0,United Kingdom,Direct
CNV_006256,USR_007136,SES_00230630,2026-08-20 12:25:02.793225,Starter_Monthly,Monthly,29.0,United Kingdom,Organic Search
CNV_006349,USR_022931,SES_00233631,2026-08-20 13:03:16.508635,Pro_Monthly,Monthly,79.0,United States,Organic Search
CNV_006445,USR_018330,SES_00237794,2026-08-20 13:06:59.667509,Starter_Monthly,Monthly,29.0,Germany,Paid Social
CNV_004560,USR_002754,SES_00171043,2026-08-20 13:30:52.046275,Starter_Monthly,Monthly,29.0,Germany,Direct
CNV_006372,USR_028192,SES_00234626,2026-08-20 13:31:48.237647,Pro_Monthly,Monthly,79.0,France,Paid Social
CNV_005609,USR_029212,SES_00208742,2026-08-20 14:31:41.342252,Pro_Monthly,Monthly,79.0,United States,Product Hunt
CNV_006366,USR_020019,SES_00234275,2026-08-20 15:03:39.226915,Starter_Monthly,Monthly,29.0,United States,Direct
CNV_005909,USR_034448,SES_00218734,2026-08-20 15:42:37.511329,Pro_Monthly,Monthly,79.0,India,Organic Search
CNV_005733,USR_024079,SES_00212920,2026-08-20 16:33:16.256410,Starter_Monthly,Monthly,29.0,Germany,Referral
CNV_006427,USR_000425,SES_00237088,2026-08-20 17:15:10.141781,Starter_Annual,Annual,290.0,Germany,Paid Social
CNV_002901,USR_029465,SES_00107303,2026-08-20 17:32:36.916616,Pro_Monthly,Monthly,79.0,France,Direct
CNV_006206,USR_010564,SES_00228895,2026-08-20 18:33:54.121278,Pro_Monthly,Monthly,79.0,Canada,Organic Search
CNV_006264,USR_007106,SES_00230897,2026-08-20 18:54:45.510794,Starter_Monthly,Monthly,29.0,United Kingdom,Paid Social
CNV_005949,USR_000433,SES_00219889,2026-08-20 20:42:18.234088,Pro_Monthly,Monthly,79.0,United Kingdom,Organic Search
CNV_005807,USR_003289,SES_00215204,2026-08-20 20:50:15.855959,Starter_Annual,Annual,290.0,Canada,Organic Search
CNV_006228,USR_025761,SES_00229627,2026-08-20 21:31:07.773443,Pro_Monthly,Monthly,79.0,United States,Email Campaign
CNV_006375,USR_011862,SES_00234736,2026-08-20 21:49:56.099193,Starter_Monthly,Monthly,29.0,Canada,Referral
CNV_004890,USR_030098,SES_00182930,2026-08-20 22:02:01.675496,Starter_Monthly,Monthly,29.0,United States,Organic Search
CNV_006411,USR_021041,SES_00236151,2026-08-20 22:24:22.669764,Pro_Monthly,Monthly,79.0,United States,Paid Social
CNV_006449,USR_027784,SES_00237931,2026-08-20 23:09:35.748614,Pro_Monthly,Monthly,79.0,United States,Paid Social
CNV_005976,USR_002768,SES_00220830,2026-08-20 23:57:03.083507,Starter_Monthly,Monthly,29.0,India,Paid Social
CNV_006073,USR_026420,SES_00224343,2026-08-21 01:30:07.317870,Starter_Monthly,Monthly,29.0,United States,Organic Search
CNV_006467,USR_029085,SES_00238960,2026-08-21 01:37:54.222460,Starter_Monthly,Monthly,29.0,United States,Referral
CNV_006024,USR_020420,SES_00222871,2026-08-21 02:13:33.851917,Starter_Monthly,Monthly,29.0,United States,Organic Search
CNV_006290,USR_024567,SES_00231671,2026-08-21 02:50:26.524194,Enterprise,Custom,1999.0,Germany,Paid Social
CNV_006098,USR_031346,SES_00225213,2026-08-21 03:14:44.787772,Pro_Monthly,Monthly,79.0,United States,Direct
CNV_006347,USR_016576,SES_00233572,2026-08-21 03:48:33.533149,Starter_Annual,Annual,290.0,United States,Paid Social
CNV_006283,USR_033740,SES_00231483,2026-08-21 03:54:31.757988,Starter_Annual,Annual,290.0,United States,Paid Social
CNV_005358,USR_008377,SES_00199711,2026-08-21 05:17:11.201302,Starter_Monthly,Monthly,29.0,India,Paid Social
CNV_006132,USR_018249,SES_00226355,2026-08-21 07:00:39.430090,Starter_Monthly,Monthly,29.0,Germany,Direct
CNV_006426,USR_023643,SES_00237043,2026-08-21 07:57:34.593901,Starter_Monthly,Monthly,29.0,United States,Paid Social
CNV_006360,USR_019454,SES_00233972,2026-08-21 09:04:32.905648,Pro_Monthly,Monthly,79.0,United States,Organic Search
CNV_006071,USR_031439,SES_00224280,2026-08-21 09:05:00.347158,Pro_Monthly,Monthly,79.0,United States,Organic Search
CNV_004943,USR_006077,SES_00184946,2026-08-21 09:51:47.286705,Starter_Monthly,Monthly,29.0,United States,Product Hunt
CNV_006443,USR_019748,SES_00237714,2026-08-21 10:15:17.598730,Starter_Monthly,Monthly,29.0,Germany,Organic Search
CNV_006444,USR_000393,SES_00237761,2026-08-21 11:08:06.867371,Starter_Monthly,Monthly,29.0,United Kingdom,Organic Search
CNV_005601,USR_021432,SES_00208343,2026-08-21 11:19:03.803352,Starter_Monthly,Monthly,29.0,United Kingdom,Organic Search
CNV_006115,USR_019753,SES_00225783,2026-08-21 11:39:32.000606,Starter_Monthly,Monthly,29.0,United Kingdom,Product Hunt
CNV_004887,USR_004232,SES_00182829,2026-08-21 11:44:36.263346,Starter_Monthly,Monthly,29.0,India,Product Hunt
CNV_006459,USR_017165,SES_00238696,2026-08-21 12:07:31.609336,Starter_Annual,Annual,290.0,Germany,Organic Search
CNV_006434,USR_005013,SES_00237282,2026-08-21 12:37:12.753798,Pro_Monthly,Monthly,79.0,Germany,Organic Search
CNV_006200,USR_027962,SES_00228722,2026-08-21 13:33:32.007015,Pro_Monthly,Monthly,79.0,United States,Product Hunt
CNV_004765,USR_025859,SES_00178609,2026-08-21 13:51:12.210600,Starter_Monthly,Monthly,29.0,India,Referral
CNV_006278,USR_018816,SES_00231300,2026-08-21 14:20:57.516931,Pro_Monthly,Monthly,79.0,United States,Direct
CNV_006447,USR_030918,SES_00237862,2026-08-21 16:04:05.507063,Pro_Annual,Annual,790.0,United States,Email Campaign
CNV_005821,USR_021220,SES_00215767,2026-08-21 17:10:21.856147,Starter_Monthly,Monthly,29.0,United Kingdom,Product Hunt
CNV_005690,USR_029229,SES_00211526,2026-08-21 17:27:27.377569,Starter_Monthly,Monthly,29.0,Canada,Paid Social
CNV_005454,USR_032670,SES_00203263,2026-08-21 17:42:18.706488,Pro_Monthly,Monthly,79.0,Germany,Direct
CNV_006224,USR_009045,SES_00229550,2026-08-21 17:54:50.121279,Starter_Annual,Annual,290.0,United States,Organic Search
CNV_005350,USR_031634,SES_00199345,2026-08-21 18:28:09.514863,Starter_Monthly,Monthly,29.0,India,Organic Search
CNV_005752,USR_013968,SES_00213436,2026-08-21 20:03:09.909121,Starter_Monthly,Monthly,29.0,India,Paid Social
CNV_006456,USR_024510,SES_00238573,2026-08-21 20:16:17.383812,Starter_Monthly,Monthly,29.0,United Kingdom,Paid Social
CNV_006219,USR_025508,SES_00229413,2026-08-21 21:30:33.760601,Pro_Annual,Annual,790.0,United States,Paid Social
CNV_006307,USR_021974,SES_00232312,2026-08-21 21:30:54.298124,Starter_Monthly,Monthly,29.0,United Kingdom,Referral
CNV_005862,USR_026181,SES_00217053,2026-08-21 22:34:33.930153,Starter_Monthly,Monthly,29.0,United States,Referral
CNV_005723,USR_027565,SES_00212524,2026-08-21 23:03:25.366904,Starter_Monthly,Monthly,29.0,Germany,Organic Search
CNV_006232,USR_026281,SES_00229865,2026-08-22 00:40:20.055190,Enterprise,Custom,1999.0,United Kingdom,Organic Search
CNV_005738,USR_032308,SES_00213094,2026-08-22 00:49:04.663737,Pro_Monthly,Monthly,79.0,United States,Referral
CNV_006321,USR_016885,SES_00232745,2026-08-22 02:32:37.018354,Pro_Annual,Annual,790.0,France,Paid Social
CNV_006481,USR_028828,SES_00239501,2026-08-22 02:39:26.246184,Pro_Monthly,Monthly,79.0,United States,Organic Search
CNV_006272,USR_015304,SES_00231155,2026-08-22 02:47:24.547061,Starter_Monthly,Monthly,29.0,Australia,Email Campaign
CNV_006417,USR_030313,SES_00236573,2026-08-22 04:23:20.362105,Starter_Monthly,Monthly,29.0,India,Product Hunt
CNV_006074,USR_016786,SES_00224387,2026-08-22 04:54:28.463573,Starter_Monthly,Monthly,29.0,United States,Product Hunt
CNV_005473,USR_005829,SES_00203980,2026-08-22 05:24:16.180304,Starter_Monthly,Monthly,29.0,Germany,Referral
CNV_006397,USR_033540,SES_00235563,2026-08-22 05:30:38.699549,Enterprise,Custom,1999.0,France,Organic Search
CNV_005639,USR_003808,SES_00209833,2026-08-22 07:16:46.719061,Starter_Monthly,Monthly,29.0,Canada,Organic Search
CNV_004068,USR_030951,SES_00152037,2026-08-22 07:30:28.075837,Starter_Monthly,Monthly,29.0,Germany,Direct
CNV_006486,USR_013825,SES_00239615,2026-08-22 08:05:56.261347,Pro_Monthly,Monthly,79.0,Australia,Paid Social
CNV_006401,USR_011544,SES_00235686,2026-08-22 10:02:50.273437,Starter_Monthly,Monthly,29.0,Canada,Direct
CNV_006455,USR_020684,SES_00238465,2026-08-22 10:53:27.535927,Starter_Monthly,Monthly,29.0,United States,Referral
CNV_006251,USR_002803,SES_00230375,2026-08-22 10:54:15.113088,Starter_Monthly,Monthly,29.0,United States,Paid Social
CNV_005457,USR_018408,SES_00203307,2026-08-22 12:41:25.697640,Starter_Monthly,Monthly,29.0,United Kingdom,Paid Social
CNV_005296,USR_027720,SES_00197504,2026-08-22 13:06:48.225009,Starter_Monthly,Monthly,29.0,United States,Email Campaign
CNV_006091,USR_027163,SES_00225005,2026-08-22 13:08:23.866694,Starter_Annual,Annual,290.0,Germany,Email Campaign
CNV_005682,USR_019697,SES_00211216,2026-08-22 13:29:14.756557,Pro_Annual,Annual,790.0,United States,Paid Social
CNV_006337,USR_014333,SES_00233207,2026-08-22 14:25:17.736405,Pro_Monthly,Monthly,79.0,United States,Direct
CNV_005651,USR_016646,SES_00210226,2026-08-22 15:27:27.040170,Starter_Monthly,Monthly,29.0,Germany,Product Hunt
CNV_006309,USR_002601,SES_00232456,2026-08-22 16:06:01.689425,Starter_Monthly,Monthly,29.0,Germany,Organic Search
CNV_005629,USR_005976,SES_00209547,2026-08-22 16:23:38.450408,Starter_Monthly,Monthly,29.0,Germany,Paid Social
CNV_006371,USR_003231,SES_00234540,2026-08-22 18:04:14.047185,Starter_Monthly,Monthly,29.0,Germany,Referral
CNV_004915,USR_009784,SES_00183834,2026-08-22 18:17:05.735374,Pro_Monthly,Monthly,79.0,Germany,Referral
CNV_006099,USR_002153,SES_00225234,2026-08-22 19:22:35.603631,Starter_Annual,Annual,290.0,United Kingdom,Organic Search
CNV_005637,USR_004084,SES_00209792,2026-08-22 20:17:29.726451,Pro_Monthly,Monthly,79.0,France,Referral
CNV_006465,USR_019624,SES_00238907,2026-08-22 21:54:21.821820,Pro_Annual,Annual,790.0,United States,Organic Search
CNV_004803,USR_010619,SES_00180035,2026-08-22 21:58:38.670580,Starter_Annual,Annual,290.0,India,Referral
CNV_006062,USR_007885,SES_00224129,2026-08-22 22:38:19.780014,Starter_Monthly,Monthly,29.0,Germany,Direct
CNV_006069,USR_007148,SES_00224239,2026-08-22 23:09:16.775663,Pro_Monthly,Monthly,79.0,Germany,Organic Search
CNV_006124,USR_006198,SES_00226152,2026-08-22 23:48:25.726419,Pro_Monthly,Monthly,79.0,United Kingdom,Direct
CNV_006450,USR_007549,SES_00237970,2026-08-23 00:37:50.831136,Pro_Monthly,Monthly,79.0,Germany,Email Campaign
CNV_005734,USR_013433,SES_00212943,2026-08-23 02:27:27.842978,Starter_Monthly,Monthly,29.0,United States,Paid Social
CNV_006302,USR_015499,SES_00232001,2026-08-23 04:59:32.237304,Pro_Annual,Annual,790.0,Canada,Organic Search
CNV_005405,USR_028398,SES_00201724,2026-08-23 05:11:18.941904,Starter_Monthly,Monthly,29.0,Germany,Referral
CNV_006424,USR_002042,SES_00236991,2026-08-23 06:08:47.009181,Pro_Monthly,Monthly,79.0,India,Product Hunt
CNV_005351,USR_007975,SES_00199359,2026-08-23 07:43:04.620437,Starter_Monthly,Monthly,29.0,United States,Paid Social
CNV_006460,USR_016341,SES_00238754,2026-08-23 08:36:27.966150,Starter_Monthly,Monthly,29.0,United States,Paid Social
CNV_006286,USR_018706,SES_00231606,2026-08-23 08:54:04.730271,Starter_Monthly,Monthly,29.0,India,Referral
CNV_006225,USR_025564,SES_00229562,2026-08-23 09:01:35.929273,Starter_Monthly,Monthly,29.0,United States,Organic Search
CNV_005220,USR_008294,SES_00195025,2026-08-23 09:05:12.919237,Pro_Monthly,Monthly,79.0,India,Organic Search
CNV_005880,USR_033978,SES_00217754,2026-08-23 09:08:10.707003,Pro_Annual,Annual,790.0,Australia,Referral
CNV_005915,USR_029034,SES_00218944,2026-08-23 09:38:31.555061,Pro_Monthly,Monthly,79.0,United States,Organic Search
CNV_006451,USR_006664,SES_00238025,2026-08-23 10:46:09.556231,Pro_Monthly,Monthly,79.0,United Kingdom,Paid Social
CNV_005697,USR_001656,SES_00211692,2026-08-23 10:56:50.664448,Starter_Monthly,Monthly,29.0,United States,Direct
CNV_004585,USR_030482,SES_00171964,2026-08-23 12:14:40.372568,Starter_Monthly,Monthly,29.0,India,Organic Search
CNV_006212,USR_006773,SES_00229180,2026-08-23 14:20:58.512455,Starter_Monthly,Monthly,29.0,United States,Paid Social
CNV_005395,USR_031385,SES_00201345,2026-08-23 14:48:48.383979,Starter_Monthly,Monthly,29.0,India,Email Campaign
CNV_006422,USR_014474,SES_00236839,2026-08-23 15:24:30.448671,Pro_Annual,Annual,790.0,Canada,Paid Social
CNV_006133,USR_033191,SES_00226433,2026-08-23 17:41:14.363440,Starter_Monthly,Monthly,29.0,India,Email Campaign
CNV_005640,USR_007488,SES_00209884,2026-08-23 19:02:24.837797,Starter_Monthly,Monthly,29.0,India,Paid Social
CNV_003918,USR_017514,SES_00146421,2026-08-23 19:24:07.806559,Starter_Monthly,Monthly,29.0,Germany,Paid Social
CNV_006479,USR_014133,SES_00239413,2026-08-23 19:26:24.006730,Starter_Monthly,Monthly,29.0,United States,Paid Social
CNV_006370,USR_000274,SES_00234374,2026-08-23 23:03:54.492750,Starter_Annual,Annual,290.0,United Kingdom,Organic Search
CNV_006021,USR_019679,SES_00222759,2026-08-23 23:17:20.892500,Starter_Annual,Annual,290.0,United States,Product Hunt
CNV_005959,USR_012159,SES_00220156,2026-08-24 00:08:06.972000,Pro_Monthly,Monthly,79.0,United States,Direct
CNV_004965,USR_008200,SES_00185761,2026-08-24 00:08:17.128268,Starter_Monthly,Monthly,29.0,India,Organic Search
CNV_006319,USR_021637,SES_00232702,2026-08-24 03:06:11.629720,Starter_Monthly,Monthly,29.0,United States,Direct
CNV_006187,USR_018022,SES_00228217,2026-08-24 03:26:46.438066,Starter_Monthly,Monthly,29.0,Germany,Organic Search
CNV_005656,USR_000788,SES_00210337,2026-08-24 03:45:52.925436,Pro_Annual,Annual,790.0,Australia,Email Campaign
CNV_005947,USR_015411,SES_00219830,2026-08-24 04:07:36.914071,Starter_Monthly,Monthly,29.0,Australia,Organic Search
CNV_005538,USR_019276,SES_00206116,2026-08-24 04:30:50.709734,Pro_Monthly,Monthly,79.0,United Kingdom,Referral
CNV_006185,USR_016468,SES_00228190,2026-08-24 05:16:13.708956,Pro_Monthly,Monthly,79.0,United States,Organic Search
CNV_005965,USR_013582,SES_00220353,2026-08-24 06:05:03.907453,Starter_Monthly,Monthly,29.0,United States,Paid Social
CNV_005760,USR_001250,SES_00213880,2026-08-24 06:29:52.294755,Pro_Monthly,Monthly,79.0,Germany,Direct
CNV_006490,USR_034709,SES_00240024,2026-08-24 07:11:47.073392,Pro_Monthly,Monthly,79.0,United States,Paid Social
CNV_005635,USR_014915,SES_00209758,2026-08-24 08:32:44.813986,Starter_Monthly,Monthly,29.0,United States,Paid Social
CNV_006277,USR_011804,SES_00231294,2026-08-24 08:57:57.247750,Starter_Annual,Annual,290.0,United States,Organic Search
CNV_005660,USR_024270,SES_00210500,2026-08-24 09:25:42.817497,Pro_Annual,Annual,790.0,United States,Paid Social
CNV_005875,USR_027869,SES_00217595,2026-08-24 11:42:54.132144,Starter_Annual,Annual,290.0,France,Paid Social
CNV_005652,USR_021991,SES_00210274,2026-08-24 11:50:00.913044,Pro_Monthly,Monthly,79.0,Canada,Paid Social
CNV_006452,USR_011621,SES_00238236,2026-08-24 12:02:32.615644,Pro_Monthly,Monthly,79.0,United States,Organic Search
CNV_006485,USR_015226,SES_00239606,2026-08-24 12:03:47.521512,Starter_Monthly,Monthly,29.0,Germany,Paid Social
CNV_003306,USR_022601,SES_00122955,2026-08-24 12:25:47.233551,Pro_Monthly,Monthly,79.0,United States,Organic Search
CNV_006130,USR_024883,SES_00226330,2026-08-24 12:32:24.715679,Pro_Annual,Annual,790.0,India,Direct
CNV_006442,USR_020266,SES_00237621,2026-08-24 13:14:20.247479,Pro_Monthly,Monthly,79.0,United Kingdom,Organic Search
CNV_006461,USR_003119,SES_00238775,2026-08-24 13:35:07.942939,Starter_Monthly,Monthly,29.0,India,Organic Search
CNV_005139,USR_003947,SES_00192720,2026-08-24 13:37:57.737360,Starter_Monthly,Monthly,29.0,United Kingdom,Direct
CNV_006253,USR_009558,SES_00230513,2026-08-24 14:54:30.540098,Starter_Monthly,Monthly,29.0,United States,Paid Social
CNV_005831,USR_014320,SES_00216030,2026-08-24 17:19:21.605041,Starter_Annual,Annual,290.0,United States,Paid Social
CNV_005977,USR_010065,SES_00220853,2026-08-24 17:35:49.877097,Starter_Monthly,Monthly,29.0,United Kingdom,Paid Social
CNV_006448,USR_024508,SES_00237896,2026-08-24 19:09:18.947857,Starter_Annual,Annual,290.0,United Kingdom,Email Campaign
CNV_006151,USR_006753,SES_00226909,2026-08-24 19:48:38.590702,Pro_Monthly,Monthly,79.0,United Kingdom,Referral
CNV_006453,USR_027407,SES_00238261,2026-08-24 20:35:30.957075,Pro_Monthly,Monthly,79.0,United States,Referral
CNV_005858,USR_017198,SES_00216955,2026-08-24 22:03:19.366835,Pro_Annual,Annual,790.0,France,Paid Social
CNV_005872,USR_030903,SES_00217526,2026-08-24 22:05:42.403936,Pro_Annual,Annual,790.0,United States,Organic Search
CNV_005368,USR_021506,SES_00200239,2026-08-25 00:11:21.722504,Starter_Annual,Annual,290.0,United States,Organic Search
CNV_006399,USR_006732,SES_00235592,2026-08-25 01:49:31.949334,Pro_Annual,Annual,790.0,Australia,Direct
CNV_005951,USR_005717,SES_00219921,2026-08-25 02:07:25.020510,Pro_Monthly,Monthly,79.0,Canada,Paid Social
CNV_006260,USR_026451,SES_00230724,2026-08-25 02:42:07.827571,Pro_Monthly,Monthly,79.0,India,Organic Search
CNV_006487,USR_033354,SES_00239749,2026-08-25 02:55:49.043591,Starter_Monthly,Monthly,29.0,United States,Paid Social
CNV_005513,USR_014018,SES_00205503,2026-08-25 03:40:47.862073,Pro_Annual,Annual,790.0,United States,Referral
CNV_006195,USR_033277,SES_00228439,2026-08-25 04:43:45.749934,Starter_Annual,Annual,290.0,United States,Product Hunt
CNV_006262,USR_013428,SES_00230872,2026-08-25 04:45:48.523424,Starter_Monthly,Monthly,29.0,United States,Product Hunt
CNV_005933,USR_006782,SES_00219417,2026-08-25 04:52:36.713496,Starter_Monthly,Monthly,29.0,United States,Product Hunt
CNV_006009,USR_010102,SES_00222306,2026-08-25 05:07:36.803319,Starter_Monthly,Monthly,29.0,United Kingdom,Direct
CNV_005170,USR_015972,SES_00193611,2026-08-25 05:51:18.616275,Starter_Monthly,Monthly,29.0,Germany,Email Campaign
CNV_006045,USR_014282,SES_00223758,2026-08-25 06:50:43.090803,Pro_Monthly,Monthly,79.0,Australia,Direct
CNV_005864,USR_019716,SES_00217164,2026-08-25 07:19:57.107534,Pro_Annual,Annual,790.0,United States,Direct
CNV_006458,USR_030554,SES_00238682,2026-08-25 07:42:50.841621,Starter_Monthly,Monthly,29.0,India,Organic Search
CNV_006462,USR_019083,SES_00238842,2026-08-25 08:03:36.798582,Starter_Monthly,Monthly,29.0,United Kingdom,Referral
CNV_004006,USR_014010,SES_00149830,2026-08-25 08:23:03.296319,Starter_Monthly,Monthly,29.0,Germany,Organic Search
CNV_005626,USR_002998,SES_00209462,2026-08-25 10:25:55.825894,Pro_Monthly,Monthly,79.0,United Kingdom,Referral
CNV_005739,USR_033044,SES_00213113,2026-08-25 10:27:18.210713,Starter_Monthly,Monthly,29.0,United States,Organic Search
CNV_006393,USR_002363,SES_00235291,2026-08-25 10:47:54.309490,Starter_Monthly,Monthly,29.0,United States,Paid Social
CNV_005339,USR_004573,SES_00199022,2026-08-25 11:04:20.326337,Enterprise,Custom,1999.0,United States,Referral
CNV_004954,USR_010804,SES_00185307,2026-08-25 12:30:16.062020,Starter_Monthly,Monthly,29.0,United States,Direct
CNV_006257,USR_026442,SES_00230658,2026-08-25 12:39:17.825720,Starter_Monthly,Monthly,29.0,United States,Paid Social
CNV_005971,USR_003704,SES_00220644,2026-08-25 13:52:22.172798,Starter_Monthly,Monthly,29.0,United States,Organic Search
CNV_004874,USR_023825,SES_00182396,2026-08-25 14:11:37.129851,Starter_Monthly,Monthly,29.0,United States,Direct
CNV_006210,USR_015110,SES_00229094,2026-08-25 15:52:12.385188,Pro_Monthly,Monthly,79.0,India,Email Campaign
CNV_004929,USR_032729,SES_00184391,2026-08-25 16:24:44.350452,Pro_Annual,Annual,790.0,United States,Product Hunt
CNV_006474,USR_002793,SES_00239303,2026-08-25 17:12:53.445852,Pro_Annual,Annual,790.0,Germany,Direct
CNV_006454,USR_006998,SES_00238360,2026-08-25 18:39:14.501543,Pro_Monthly,Monthly,79.0,Australia,Paid Social
CNV_006463,USR_029975,SES_00238851,2026-08-25 18:44:00.896913,Starter_Monthly,Monthly,29.0,Germany,Organic Search
CNV_004879,USR_000444,SES_00182614,2026-08-25 19:54:26.245449,Starter_Monthly,Monthly,29.0,Australia,Organic Search
CNV_005744,USR_020301,SES_00213237,2026-08-25 21:32:50.354028,Starter_Monthly,Monthly,29.0,United States,Organic Search
CNV_005756,USR_020397,SES_00213559,2026-08-25 22:16:14.246087,Starter_Monthly,Monthly,29.0,United Kingdom,Organic Search
CNV_006475,USR_019947,SES_00239309,2026-08-25 22:32:19.652907,Pro_Monthly,Monthly,79.0,India,Product Hunt
CNV_006354,USR_003591,SES_00233817,2026-08-26 00:16:08.364832,Pro_Monthly,Monthly,79.0,United States,Organic Search
CNV_005572,USR_010057,SES_00207430,2026-08-26 00:20:34.189734,Starter_Monthly,Monthly,29.0,United Kingdom,Direct
CNV_005803,USR_015911,SES_00215074,2026-08-26 01:44:27.729876,Pro_Monthly,Monthly,79.0,United States,Direct
CNV_006061,USR_016230,SES_00224114,2026-08-26 03:49:27.716335,Starter_Monthly,Monthly,29.0,India,Referral
CNV_006464,USR_009991,SES_00238862,2026-08-26 03:52:02.746488,Pro_Monthly,Monthly,79.0,Canada,Direct
CNV_006322,USR_000713,SES_00232770,2026-08-26 04:17:35.618601,Starter_Monthly,Monthly,29.0,United States,Paid Social
CNV_004669,USR_017227,SES_00174905,2026-08-26 06:41:22.393846,Starter_Monthly,Monthly,29.0,United States,Organic Search
CNV_005647,USR_013069,SES_00210069,2026-08-26 07:20:23.389052,Starter_Monthly,Monthly,29.0,Germany,Product Hunt
CNV_005138,USR_009878,SES_00192703,2026-08-26 09:08:49.335564,Starter_Monthly,Monthly,29.0,France,Paid Social
CNV_003883,USR_011729,SES_00145278,2026-08-26 09:25:12.862035,Pro_Annual,Annual,790.0,Canada,Paid Social
CNV_006396,USR_029315,SES_00235556,2026-08-26 09:45:45.451022,Starter_Monthly,Monthly,29.0,United Kingdom,Email Campaign
CNV_006215,USR_001602,SES_00229253,2026-08-26 10:24:36.917522,Starter_Annual,Annual,290.0,India,Paid Social
CNV_006294,USR_033967,SES_00231773,2026-08-26 11:17:10.474243,Starter_Monthly,Monthly,29.0,United Kingdom,Paid Social
CNV_006483,USR_005018,SES_00239547,2026-08-26 13:03:09.434218,Pro_Annual,Annual,790.0,United Kingdom,Email Campaign
CNV_006250,USR_026206,SES_00230345,2026-08-26 13:03:18.990337,Pro_Monthly,Monthly,79.0,United Kingdom,Direct
CNV_006178,USR_023202,SES_00227964,2026-08-26 13:26:24.430864,Starter_Annual,Annual,290.0,United States,Organic Search
CNV_006344,USR_030500,SES_00233437,2026-08-26 13:28:41.162775,Pro_Monthly,Monthly,79.0,Canada,Organic Search
CNV_006186,USR_005108,SES_00228210,2026-08-26 15:01:02.672675,Starter_Monthly,Monthly,29.0,United States,Email Campaign
CNV_006432,USR_001930,SES_00237257,2026-08-26 15:13:34.971249,Starter_Monthly,Monthly,29.0,United Kingdom,Product Hunt
CNV_006365,USR_008719,SES_00234248,2026-08-26 15:22:51.018987,Pro_Monthly,Monthly,79.0,United States,Organic Search
CNV_005851,USR_015242,SES_00216756,2026-08-26 15:59:36.617994,Pro_Annual,Annual,790.0,Australia,Direct
CNV_006418,USR_028513,SES_00236606,2026-08-26 16:24:26.044874,Starter_Annual,Annual,290.0,United States,Product Hunt
CNV_006035,USR_006537,SES_00223215,2026-08-26 17:19:36.577601,Starter_Monthly,Monthly,29.0,United States,Paid Social
CNV_005474,USR_030026,SES_00204020,2026-08-26 17:31:07.803844,Starter_Monthly,Monthly,29.0,United States,Email Campaign
CNV_005736,USR_029607,SES_00213041,2026-08-26 18:19:57.216491,Starter_Monthly,Monthly,29.0,United States,Email Campaign
CNV_006164,USR_010845,SES_00227509,2026-08-26 18:33:36.563736,Starter_Monthly,Monthly,29.0,United States,Direct
CNV_004333,USR_005974,SES_00162520,2026-08-26 18:53:25.510030,Starter_Annual,Annual,290.0,United Kingdom,Direct
CNV_006384,USR_016745,SES_00235049,2026-08-26 19:08:43.576539,Starter_Monthly,Monthly,29.0,United States,Organic Search
CNV_005364,USR_010064,SES_00200015,2026-08-26 20:45:08.733233,Starter_Monthly,Monthly,29.0,United States,Direct
CNV_005265,USR_021806,SES_00196396,2026-08-26 21:14:38.270539,Pro_Monthly,Monthly,79.0,Germany,Paid Social
CNV_005045,USR_005867,SES_00188597,2026-08-26 22:09:08.937016,Starter_Monthly,Monthly,29.0,Germany,Organic Search
CNV_006482,USR_002779,SES_00239543,2026-08-27 00:07:39.257603,Starter_Monthly,Monthly,29.0,France,Referral
CNV_006121,USR_006829,SES_00226055,2026-08-27 00:32:42.634441,Pro_Monthly,Monthly,79.0,United States,Referral
CNV_005783,USR_001484,SES_00214663,2026-08-27 01:05:42.117907,Pro_Annual,Annual,790.0,Australia,Organic Search
CNV_006497,USR_032560,SES_00240472,2026-08-27 02:49:16.284367,Starter_Annual,Annual,290.0,Australia,Organic Search
CNV_006469,USR_026646,SES_00239161,2026-08-27 02:52:39.892288,Pro_Monthly,Monthly,79.0,Canada,Organic Search
CNV_006436,USR_017439,SES_00237326,2026-08-27 02:59:44.500550,Pro_Monthly,Monthly,79.0,United States,Paid Social
CNV_006495,USR_017201,SES_00240319,2026-08-27 03:34:43.275149,Starter_Annual,Annual,290.0,United Kingdom,Email Campaign
CNV_006484,USR_008450,SES_00239554,2026-08-27 04:30:17.480997,Pro_Monthly,Monthly,79.0,Australia,Organic Search
CNV_006466,USR_013255,SES_00238914,2026-08-27 04:30:20.655894,Enterprise,Custom,1999.0,United States,Organic Search
CNV_005870,USR_003442,SES_00217448,2026-08-27 05:12:44.232053,Pro_Monthly,Monthly,79.0,France,Direct
CNV_006236,USR_013568,SES_00229956,2026-08-27 05:13:10.429733,Pro_Monthly,Monthly,79.0,United Kingdom,Direct
CNV_005161,USR_010331,SES_00193423,2026-08-27 06:43:01.065982,Starter_Monthly,Monthly,29.0,United States,Referral
CNV_006488,USR_026994,SES_00239867,2026-08-27 07:08:33.469536,Starter_Monthly,Monthly,29.0,Germany,Direct
CNV_006166,USR_026293,SES_00227556,2026-08-27 07:20:19.237594,Starter_Annual,Annual,290.0,United States,Email Campaign
CNV_005367,USR_033565,SES_00200141,2026-08-27 09:45:59.913524,Starter_Annual,Annual,290.0,United Kingdom,Organic Search
CNV_006287,USR_014501,SES_00231613,2026-08-27 10:02:44.837199,Starter_Monthly,Monthly,29.0,Australia,Organic Search
CNV_005580,USR_008384,SES_00207671,2026-08-27 10:31:43.649814,Starter_Monthly,Monthly,29.0,United States,Paid Social
CNV_006499,USR_008154,SES_00240508,2026-08-27 10:41:07.196151,Starter_Monthly,Monthly,29.0,Germany,Organic Search
CNV_006471,USR_034312,SES_00239248,2026-08-27 11:30:12.455628,Starter_Monthly,Monthly,29.0,United States,Organic Search
CNV_005494,USR_007588,SES_00204875,2026-08-27 12:36:59.682218,Starter_Annual,Annual,290.0,United States,Organic Search
CNV_004948,USR_034569,SES_00185076,2026-08-27 12:37:56.659627,Starter_Annual,Annual,290.0,Australia,Paid Social
CNV_006491,USR_013082,SES_00240203,2026-08-27 13:52:40.217462,Pro_Monthly,Monthly,79.0,Canada,Organic Search
CNV_006416,USR_026453,SES_00236532,2026-08-27 14:16:10.201860,Starter_Monthly,Monthly,29.0,India,Direct
CNV_006412,USR_022916,SES_00236231,2026-08-27 15:20:28.535572,Starter_Monthly,Monthly,29.0,United Kingdom,Organic Search
CNV_006160,USR_033238,SES_00227319,2026-08-27 15:21:09.853908,Starter_Annual,Annual,290.0,United States,Direct
CNV_006439,USR_005061,SES_00237467,2026-08-27 15:49:52.960899,Pro_Monthly,Monthly,79.0,United States,Paid Social
CNV_005891,USR_007547,SES_00218145,2026-08-27 17:58:17.078406,Starter_Monthly,Monthly,29.0,Germany,Organic Search
CNV_006379,USR_013692,SES_00234822,2026-08-27 18:13:22.330483,Pro_Annual,Annual,790.0,United States,Organic Search
CNV_006415,USR_002142,SES_00236342,2026-08-27 18:17:40.939456,Pro_Monthly,Monthly,79.0,Germany,Email Campaign
CNV_006420,USR_011530,SES_00236814,2026-08-27 18:44:14.407556,Starter_Annual,Annual,290.0,India,Referral
CNV_005337,USR_021888,SES_00198969,2026-08-27 21:26:43.215016,Pro_Annual,Annual,790.0,United States,Organic Search
CNV_005192,USR_005757,SES_00194172,2026-08-27 21:52:23.804107,Starter_Annual,Annual,290.0,United States,Paid Social
CNV_005614,USR_006573,SES_00208986,2026-08-27 22:04:10.867977,Pro_Monthly,Monthly,79.0,France,Product Hunt
CNV_005031,USR_007235,SES_00187984,2026-08-27 22:56:03.524254,Starter_Monthly,Monthly,29.0,France,Paid Social
CNV_006285,USR_005149,SES_00231596,2026-08-28 00:30:41.001918,Pro_Monthly,Monthly,79.0,United States,Paid Social
CNV_005876,USR_013027,SES_00217616,2026-08-28 01:59:18.838411,Starter_Monthly,Monthly,29.0,Germany,Direct
CNV_005827,USR_023287,SES_00215918,2026-08-28 02:22:40.386573,Starter_Monthly,Monthly,29.0,Australia,Organic Search
CNV_006494,USR_034770,SES_00240285,2026-08-28 03:30:25.135811,Starter_Monthly,Monthly,29.0,United States,Direct
CNV_006196,USR_001961,SES_00228532,2026-08-28 04:35:02.694327,Starter_Annual,Annual,290.0,United States,Organic Search
CNV_006476,USR_004613,SES_00239313,2026-08-28 04:54:15.032576,Pro_Annual,Annual,790.0,United States,Organic Search
CNV_005663,USR_002146,SES_00210563,2026-08-28 05:32:38.176567,Starter_Monthly,Monthly,29.0,Canada,Paid Social
CNV_006292,USR_001731,SES_00231726,2026-08-28 07:02:23.458845,Starter_Monthly,Monthly,29.0,United Kingdom,Referral
CNV_006500,USR_024105,SES_00240687,2026-08-28 07:03:28.862079,Starter_Annual,Annual,290.0,France,Referral
CNV_005404,USR_024545,SES_00201720,2026-08-28 07:45:32.134639,Starter_Monthly,Monthly,29.0,France,Email Campaign
CNV_005849,USR_004528,SES_00216697,2026-08-28 07:49:55.730989,Pro_Monthly,Monthly,79.0,United States,Organic Search
CNV_005887,USR_031094,SES_00218023,2026-08-28 08:19:30.479506,Pro_Monthly,Monthly,79.0,United States,Organic Search
CNV_006320,USR_033447,SES_00232709,2026-08-28 09:35:11.595672,Starter_Annual,Annual,290.0,Canada,Organic Search
CNV_005785,USR_034357,SES_00214732,2026-08-28 10:00:46.554327,Starter_Monthly,Monthly,29.0,United States,Referral
CNV_004287,USR_027888,SES_00160580,2026-08-28 10:26:36.298893,Starter_Monthly,Monthly,29.0,United States,Email Campaign
CNV_006019,USR_024437,SES_00222640,2026-08-28 10:47:01.409905,Pro_Monthly,Monthly,79.0,United Kingdom,Product Hunt
CNV_006421,USR_016389,SES_00236837,2026-08-28 11:17:41.799451,Starter_Monthly,Monthly,29.0,United States,Referral
CNV_006468,USR_033844,SES_00239084,2026-08-28 12:00:00.411268,Pro_Monthly,Monthly,79.0,United States,Referral
CNV_005952,USR_021957,SES_00219969,2026-08-28 12:27:53.715358,Pro_Monthly,Monthly,79.0,Germany,Organic Search
CNV_006496,USR_005853,SES_00240424,2026-08-28 13:13:22.689506,Pro_Monthly,Monthly,79.0,India,Direct
CNV_006367,USR_022323,SES_00234314,2026-08-28 13:37:58.623571,Enterprise,Custom,1999.0,United Kingdom,Product Hunt
CNV_006446,USR_033688,SES_00237842,2026-08-28 13:43:02.588419,Starter_Annual,Annual,290.0,Australia,Referral
CNV_006180,USR_030768,SES_00228104,2026-08-28 15:54:42.580257,Starter_Monthly,Monthly,29.0,United States,Organic Search
CNV_006175,USR_018023,SES_00227844,2026-08-28 17:12:15.604679,Starter_Monthly,Monthly,29.0,United States,Organic Search
CNV_006430,USR_014786,SES_00237247,2026-08-28 18:25:32.237687,Starter_Monthly,Monthly,29.0,United Kingdom,Paid Social
CNV_006477,USR_008397,SES_00239325,2026-08-28 18:33:02.351487,Starter_Monthly,Monthly,29.0,United States,Organic Search
CNV_005961,USR_003878,SES_00220226,2026-08-28 20:21:57.676927,Starter_Monthly,Monthly,29.0,United States,Paid Social
CNV_006305,USR_008396,SES_00232233,2026-08-28 21:06:21.174348,Pro_Monthly,Monthly,79.0,Germany,Organic Search
CNV_006094,USR_010954,SES_00225138,2026-08-28 21:26:49.490067,Pro_Monthly,Monthly,79.0,United Kingdom,Product Hunt
CNV_006157,USR_004763,SES_00227193,2026-08-28 21:36:25.408829,Starter_Monthly,Monthly,29.0,Germany,Organic Search
CNV_004947,USR_003997,SES_00185069,2026-08-28 21:58:48.939930,Starter_Monthly,Monthly,29.0,United States,Organic Search
CNV_006489,USR_014897,SES_00239964,2026-08-28 23:21:37.711923,Pro_Monthly,Monthly,79.0,Germany,Paid Social
CNV_006498,USR_007690,SES_00240506,2026-08-28 23:57:08.472119,Pro_Monthly,Monthly,79.0,United Kingdom,Paid Social
CNV_006506,USR_031327,SES_00241025,2026-08-29 01:11:48.007271,Starter_Monthly,Monthly,29.0,United States,Referral
CNV_005111,USR_012584,SES_00191281,2026-08-29 02:00:28.236349,Starter_Monthly,Monthly,29.0,United States,Organic Search
CNV_004007,USR_021265,SES_00149890,2026-08-29 02:21:40.049017,Pro_Monthly,Monthly,79.0,Germany,Product Hunt
CNV_006227,USR_005389,SES_00229619,2026-08-29 05:08:20.917732,Starter_Monthly,Monthly,29.0,United Kingdom,Organic Search
CNV_006493,USR_011007,SES_00240270,2026-08-29 06:28:33.646231,Starter_Monthly,Monthly,29.0,India,Direct
CNV_006298,USR_033504,SES_00231886,2026-08-29 08:04:35.984909,Starter_Annual,Annual,290.0,France,Paid Social
CNV_006395,USR_031890,SES_00235378,2026-08-29 09:08:23.234349,Starter_Monthly,Monthly,29.0,United States,Organic Search
CNV_006333,USR_013500,SES_00233096,2026-08-29 09:31:11.259981,Pro_Monthly,Monthly,79.0,United States,Organic Search
CNV_006240,USR_034863,SES_00230060,2026-08-29 09:47:40.477253,Pro_Monthly,Monthly,79.0,Canada,Direct
CNV_005127,USR_029543,SES_00192194,2026-08-29 10:05:52.255852,Starter_Monthly,Monthly,29.0,United Kingdom,Organic Search
CNV_005246,USR_002172,SES_00195828,2026-08-29 10:10:29.248118,Pro_Monthly,Monthly,79.0,Germany,Direct
CNV_006435,USR_032006,SES_00237291,2026-08-29 10:45:28.055621,Pro_Monthly,Monthly,79.0,Germany,Product Hunt
CNV_005665,USR_000259,SES_00210626,2026-08-29 11:47:10.862250,Starter_Monthly,Monthly,29.0,India,Referral
CNV_006249,USR_022353,SES_00230315,2026-08-29 11:49:31.953787,Starter_Annual,Annual,290.0,Canada,Organic Search
CNV_005342,USR_011915,SES_00199112,2026-08-29 12:10:40.670875,Starter_Monthly,Monthly,29.0,Canada,Organic Search
CNV_006123,USR_017062,SES_00226091,2026-08-29 14:09:23.764407,Starter_Annual,Annual,290.0,India,Direct
CNV_005879,USR_013420,SES_00217712,2026-08-29 14:23:39.479055,Enterprise,Custom,1999.0,United States,Paid Social
CNV_005938,USR_034377,SES_00219526,2026-08-29 15:15:01.796894,Pro_Monthly,Monthly,79.0,United States,Paid Social
CNV_005184,USR_024944,SES_00193995,2026-08-29 15:48:58.427833,Starter_Monthly,Monthly,29.0,United States,Organic Search
CNV_006419,USR_011678,SES_00236786,2026-08-29 16:47:19.458265,Pro_Monthly,Monthly,79.0,Canada,Organic Search
CNV_005579,USR_029545,SES_00207663,2026-08-29 18:33:59.933512,Starter_Monthly,Monthly,29.0,United States,Direct
CNV_006470,USR_004780,SES_00239209,2026-08-29 19:02:36.118306,Starter_Annual,Annual,290.0,United Kingdom,Organic Search
CNV_006111,USR_002826,SES_00225703,2026-08-29 20:46:27.442826,Enterprise,Custom,1999.0,United Kingdom,Organic Search
CNV_006211,USR_016402,SES_00229117,2026-08-29 20:57:39.157142,Starter_Monthly,Monthly,29.0,United Kingdom,Referral
CNV_006190,USR_006062,SES_00228292,2026-08-29 21:15:57.421106,Pro_Monthly,Monthly,79.0,United Kingdom,Referral
CNV_005293,USR_016068,SES_00197311,2026-08-29 21:42:07.224723,Pro_Monthly,Monthly,79.0,United Kingdom,Paid Social
CNV_005942,USR_025241,SES_00219649,2026-08-29 21:58:27.689552,Enterprise,Custom,1999.0,United States,Paid Social
CNV_006472,USR_027215,SES_00239274,2026-08-30 00:15:30.277979,Pro_Monthly,Monthly,79.0,United States,Organic Search
CNV_004091,USR_024762,SES_00152931,2026-08-30 00:43:51.281271,Pro_Monthly,Monthly,79.0,Canada,Organic Search
CNV_006235,USR_023965,SES_00229944,2026-08-30 04:05:29.993685,Enterprise,Custom,1999.0,Australia,Email Campaign
CNV_006109,USR_009449,SES_00225538,2026-08-30 04:10:44.859955,Pro_Annual,Annual,790.0,United States,Referral
CNV_006505,USR_033201,SES_00240943,2026-08-30 06:54:13.992975,Pro_Annual,Annual,790.0,United Kingdom,Organic Search
CNV_005289,USR_034669,SES_00197178,2026-08-30 07:34:30.208543,Pro_Monthly,Monthly,79.0,India,Product Hunt
CNV_004403,USR_012879,SES_00165348,2026-08-30 08:39:08.302210,Starter_Monthly,Monthly,29.0,United States,Paid Social
CNV_006299,USR_025836,SES_00231899,2026-08-30 08:42:09.513921,Starter_Annual,Annual,290.0,United States,Direct
CNV_006501,USR_010052,SES_00240734,2026-08-30 09:13:57.176316,Pro_Monthly,Monthly,79.0,United States,Email Campaign
CNV_006112,USR_007446,SES_00225719,2026-08-30 09:27:24.961510,Starter_Annual,Annual,290.0,Germany,Paid Social
CNV_005679,USR_014181,SES_00211134,2026-08-30 10:03:51.906144,Pro_Monthly,Monthly,79.0,United States,Referral
CNV_004515,USR_012902,SES_00169391,2026-08-30 10:10:49.071603,Starter_Annual,Annual,290.0,Germany,Referral
CNV_006503,USR_004539,SES_00240867,2026-08-30 11:37:08.682560,Starter_Annual,Annual,290.0,United Kingdom,Direct
CNV_006492,USR_011654,SES_00240238,2026-08-30 11:59:51.135629,Starter_Monthly,Monthly,29.0,Canada,Organic Search
CNV_006390,USR_034962,SES_00235240,2026-08-30 12:02:42.911595,Starter_Monthly,Monthly,29.0,United States,Paid Social
CNV_006473,USR_031457,SES_00239287,2026-08-30 12:14:04.969683,Starter_Annual,Annual,290.0,United States,Paid Social
CNV_006440,USR_003404,SES_00237479,2026-08-30 13:16:47.153694,Pro_Monthly,Monthly,79.0,United States,Paid Social
CNV_006364,USR_013133,SES_00234223,2026-08-30 13:36:37.683852,Pro_Monthly,Monthly,79.0,United States,Paid Social
CNV_005349,USR_034089,SES_00199299,2026-08-30 15:01:18.312898,Starter_Monthly,Monthly,29.0,United States,Referral
CNV_006358,USR_032746,SES_00233923,2026-08-30 15:09:04.757235,Pro_Monthly,Monthly,79.0,Canada,Paid Social
CNV_003961,USR_033163,SES_00148094,2026-08-30 15:35:51.367624,Pro_Monthly,Monthly,79.0,United States,Email Campaign
CNV_006508,USR_023473,SES_00241325,2026-08-30 16:12:25.031520,Pro_Monthly,Monthly,79.0,Australia,Organic Search
CNV_006068,USR_031698,SES_00224222,2026-08-30 16:32:54.442152,Pro_Monthly,Monthly,79.0,United States,Direct
CNV_006457,USR_004659,SES_00238661,2026-08-30 16:36:38.735584,Starter_Annual,Annual,290.0,Germany,Referral
CNV_006480,USR_025158,SES_00239455,2026-08-30 16:43:22.884445,Starter_Monthly,Monthly,29.0,Canada,Paid Social
CNV_006507,USR_001619,SES_00241291,2026-08-30 18:13:09.218140,Starter_Monthly,Monthly,29.0,United States,Organic Search
CNV_006504,USR_003158,SES_00240890,2026-08-30 18:26:47.624532,Enterprise,Custom,1999.0,United Kingdom,Paid Social
CNV_006374,USR_026234,SES_00234726,2026-08-30 19:33:42.191243,Pro_Monthly,Monthly,79.0,United States,Organic Search
CNV_005610,USR_017646,SES_00208804,2026-08-30 20:45:12.975927,Pro_Monthly,Monthly,79.0,France,Referral
CNV_005802,USR_017172,SES_00215064,2026-08-30 20:59:48.448620,Starter_Annual,Annual,290.0,United Kingdom,Direct
CNV_005627,USR_029893,SES_00209486,2026-08-30 22:59:02.983946,Pro_Monthly,Monthly,79.0,United States,Organic Search
CNV_006478,USR_019188,SES_00239353,2026-08-30 23:25:53.738231,Pro_Annual,Annual,790.0,United States,Referral
CNV_006502,USR_029356,SES_00240769,2026-08-30 23:29:51.465476,Pro_Monthly,Monthly,79.0,United Kingdom,Direct
CNV_004968,USR_004985,SES_00185848,2026-08-30 23:52:37.614808,Starter_Annual,Annual,290.0,United States,Email Campaign
